-- phpMyAdmin SQL Dump
-- version 4.7.4
-- https://www.phpmyadmin.net/
--
-- Host: 127.0.0.1:3306
-- Generation Time: Feb 24, 2020 at 08:15 AM
-- Server version: 5.7.19
-- PHP Version: 7.2.26

SET SQL_MODE = "NO_AUTO_VALUE_ON_ZERO";
SET AUTOCOMMIT = 0;
START TRANSACTION;
SET time_zone = "+00:00";


/*!40101 SET @OLD_CHARACTER_SET_CLIENT=@@CHARACTER_SET_CLIENT */;
/*!40101 SET @OLD_CHARACTER_SET_RESULTS=@@CHARACTER_SET_RESULTS */;
/*!40101 SET @OLD_COLLATION_CONNECTION=@@COLLATION_CONNECTION */;
/*!40101 SET NAMES utf8mb4 */;

--
-- Database: `freedent_dentists`
--

-- --------------------------------------------------------

--
-- Table structure for table `cities`
--

DROP TABLE IF EXISTS `cities`;
CREATE TABLE IF NOT EXISTS `cities` (
  `id` int(11) NOT NULL AUTO_INCREMENT,
  `city_name_ar` varchar(200) DEFAULT NULL,
  `city_name_en` varchar(255) DEFAULT NULL,
  `city_zone_id` int(11) DEFAULT '0',
  `created_by` int(11) NOT NULL DEFAULT '0',
  `created_at` timestamp NOT NULL DEFAULT CURRENT_TIMESTAMP,
  `updated_at` timestamp NULL DEFAULT NULL,
  PRIMARY KEY (`id`)
) ENGINE=InnoDB AUTO_INCREMENT=11 DEFAULT CHARSET=utf8 ROW_FORMAT=COMPACT;

--
-- Dumping data for table `cities`
--

INSERT INTO `cities` (`id`, `city_name_ar`, `city_name_en`, `city_zone_id`, `created_by`, `created_at`, `updated_at`) VALUES
(1, 'الغربية', 'West', 1, 11, '2019-03-10 13:39:12', '2019-03-10 13:39:12'),
(7, 'الجنوبية', 'South', 1, 11, '2019-03-10 14:04:31', '2019-03-10 14:04:31'),
(8, 'الشمالية', 'North', 2, 11, '2019-03-10 14:06:27', '2019-03-10 14:06:27'),
(9, 'الشرقية', 'Eastern', 2, 11, '2019-03-10 14:07:08', '2019-03-10 14:07:08'),
(10, 'الوسطى', 'Central', 1, 11, '2019-03-10 23:29:12', '2019-03-10 23:29:12');

-- --------------------------------------------------------

--
-- Table structure for table `contactus`
--

DROP TABLE IF EXISTS `contactus`;
CREATE TABLE IF NOT EXISTS `contactus` (
  `id` int(11) NOT NULL AUTO_INCREMENT,
  `contact_name` varchar(255) DEFAULT NULL,
  `contact_mobile` varchar(255) DEFAULT NULL,
  `contact_email` varchar(255) DEFAULT NULL,
  `contact_message` text,
  `created_at` timestamp NULL DEFAULT NULL,
  `updated_at` timestamp NULL DEFAULT NULL ON UPDATE CURRENT_TIMESTAMP,
  PRIMARY KEY (`id`)
) ENGINE=InnoDB AUTO_INCREMENT=15 DEFAULT CHARSET=utf8 ROW_FORMAT=COMPACT;

--
-- Dumping data for table `contactus`
--

INSERT INTO `contactus` (`id`, `contact_name`, `contact_mobile`, `contact_email`, `contact_message`, `created_at`, `updated_at`) VALUES
(1, 'test name', '01022222222', 'test@contact.com', 'contact us message contact us message contact us message contact us message contact us message contact us message contact us message contact us message contact us message contact us message contact us message contact us message contact us message contact us message ', '2019-03-13 00:06:00', '2019-03-13 00:06:22'),
(2, 'test name 2', '01033333333', 'test2@contact.com', 'contact us message 2 contact us message 2 contact us message 2 contact us message 2 contact us message 2 contact us message 2 contact us message 2 contact us message 2 contact us message 2 contact us message 2 contact us message 2 contact us message 2 contact us message 2 contact us message 2 ', '2019-03-13 00:07:00', NULL),
(3, 'Mohamed Ismail', '01045757575', 'contact@frontend.com', 'test message from frontend test message from frontend test message from frontend test message from frontend test message from frontend test message from frontend test message from frontend test message from frontend test message from frontend test message from frontend test message from frontend test message from frontend test message from frontend.', '2019-03-22 03:03:17', '2019-03-22 03:03:17'),
(4, 'gvdf', '765675', 'hgfh@jhg.hg', 'tjtjhy', '2019-04-08 14:04:16', '2019-04-08 14:04:16'),
(5, 'محمد اسماعيل', '01025858585', 'contact4@frontend.com', 'رسالة باللغة العربية للتجربة', '2019-04-08 21:57:12', '2019-04-08 21:57:12'),
(6, 'gfg', '554', 'ff@gfd.hgf', 'fdfgd', '2019-04-14 16:43:45', '2019-04-14 16:43:45'),
(7, 'Otifufuf', '838282882', 'narwa@yahoo.com', 'Jfjfjfjfkk', '2019-07-02 20:47:52', '2019-07-02 20:47:52'),
(8, 'Marwa', '46346365', 'marwa.atia.elbelasy@gmail.com', 'tgyujgjghj', '2019-07-04 18:53:19', '2019-07-04 18:53:19'),
(9, 'wr', '6368968', 'marwa.atia.fff@gmail.com', 'dgsfggg', '2019-07-17 19:05:36', '2019-07-17 19:05:36'),
(10, 'reham', '01009823857', 'reham.khairy@fudex.com.sa', 'testtttttttttt', '2019-08-08 17:06:40', '2019-08-08 17:06:40'),
(11, 'fd', '43480000', 'dd@gg.com', 'dtgdz', '2019-08-08 19:11:22', '2019-08-08 19:11:22'),
(12, 'ddddddddd', '01009823857', 'x@x.com', 'dddddddddddddddddddd', '2019-08-15 17:14:41', '2019-08-15 17:14:41'),
(13, 'ghgh', '0599777262', 'assoom85@hotmail.com', 'fgtyertyerety', '2019-10-03 15:35:01', '2019-10-03 15:35:01'),
(14, 'esam', '0599777262', 'assoom85@gmail.com', 'test', '2019-11-27 05:50:52', '2019-11-27 05:50:52');

-- --------------------------------------------------------

--
-- Table structure for table `dentists`
--

DROP TABLE IF EXISTS `dentists`;
CREATE TABLE IF NOT EXISTS `dentists` (
  `id` bigint(20) UNSIGNED NOT NULL AUTO_INCREMENT,
  `mobile` varchar(255) COLLATE utf8mb4_unicode_ci NOT NULL,
  `email` varchar(255) COLLATE utf8mb4_unicode_ci NOT NULL,
  `password` varchar(255) COLLATE utf8mb4_unicode_ci NOT NULL,
  `gender` varchar(255) COLLATE utf8mb4_unicode_ci NOT NULL,
  `photo` varchar(255) COLLATE utf8mb4_unicode_ci NOT NULL DEFAULT 'default.png',
  `profile_photo` varchar(255) COLLATE utf8mb4_unicode_ci NOT NULL DEFAULT 'default.png',
  `name` varchar(255) COLLATE utf8mb4_unicode_ci NOT NULL,
  `dgree` varchar(255) COLLATE utf8mb4_unicode_ci NOT NULL,
  `hospital` int(11) NOT NULL,
  `nationality` int(11) DEFAULT NULL,
  `nation_id` int(11) NOT NULL,
  `city_id` int(11) DEFAULT NULL,
  `birthdate` date DEFAULT NULL,
  `remember_token` varchar(100) COLLATE utf8mb4_unicode_ci DEFAULT NULL,
  `created_at` timestamp NULL DEFAULT NULL,
  `updated_at` timestamp NULL DEFAULT NULL,
  `otp` int(11) NOT NULL DEFAULT '0',
  `api_token` varchar(80) COLLATE utf8mb4_unicode_ci DEFAULT NULL,
  `device_id` text COLLATE utf8mb4_unicode_ci,
  `en_name` varchar(255) COLLATE utf8mb4_unicode_ci DEFAULT NULL,
  `code` varchar(255) COLLATE utf8mb4_unicode_ci NOT NULL,
  `active` int(11) NOT NULL DEFAULT '0',
  PRIMARY KEY (`id`),
  UNIQUE KEY `api_token` (`api_token`)
) ENGINE=InnoDB AUTO_INCREMENT=259 DEFAULT CHARSET=utf8mb4 COLLATE=utf8mb4_unicode_ci;

--
-- Dumping data for table `dentists`
--

INSERT INTO `dentists` (`id`, `mobile`, `email`, `password`, `gender`, `photo`, `profile_photo`, `name`, `dgree`, `hospital`, `nationality`, `nation_id`, `city_id`, `birthdate`, `remember_token`, `created_at`, `updated_at`, `otp`, `api_token`, `device_id`, `en_name`, `code`, `active`) VALUES
(1, '0596933449', 'Noooode7@gmail.com', '$2y$10$fOA9tP3vC8CsGEhB5tC50eHghDJdojeD.naeOgFp9ApEP/kCvhgA.', 'Male', '1571083582.jpeg', '1571059452.jpg', 'مهند وليد العوبثاني', '4', 2, 194, 1110306014, NULL, '1998-04-30', NULL, '2019-10-14 11:24:12', '2019-10-14 18:06:22', 5207, 'DhfHkumgrKRM9t56f8RZaxVDU6E1WWgK3yXKXKFSsqWOchCRgI8xtishmXBO', NULL, 'Mohannad waleed Alobthani', '15540', 1),
(4, '0506637425', 'hpf91@hotmail.com', '$2y$10$JwmKs8JJNWRZCB319wm.T.0Gu3VMSD7PPU1IM1U08HDQCqBlfniPC', 'Male', '1571133275.jpg', '1571133275.jpeg', 'علي الشيخ', '5', 1, 194, 1097055865, NULL, '2019-10-15', NULL, '2019-10-15 07:54:35', '2019-10-21 07:48:20', 9655, 'KGv9jqXD8QsQZNiKj1k96GrsLEyL8etCrlk5Gt1rplvCipL6Uw85rWZfLNjF', 'f_yNVFG32t4:APA91bEGVFr6BmEWtAfVahtBEFx0Q9hpC1gczOzk5-fFLu5Z4NNi14f7ddB0EwQX8Vp7EVXEyZt5NMNrI9eNf18Wy_x_szFoVLqFCEeo4NAWVN4HQcLTWTU7m8PzUr4-lRL4GSCEQYrP', NULL, '35147', 1),
(5, '0541599957', 'a.almehbad@gmail.com', '$2y$10$lXC1HPIvtbzmtIXovQ6r0.aMNUfNsuOfzUeW7QhQ/DbnaNm4bEME.', 'Male', '1571481018.jpeg', '1571348300.jpeg', 'Abdullah almansour', '5', 1, 194, 1102548680, NULL, '2019-10-18', NULL, '2019-10-17 19:38:20', '2019-10-19 08:30:18', 1439, 'ToVYT4QHgrpuqGeAcGc6yXGWrgPWh8XTgplo7hwxeM1UWy9RqBTMQyiTRGpx', NULL, NULL, '39378', 1),
(158, '0596912449', 'Noooode7@gmail.com', '$2y$10$fOA9tP3vC8CsGEhB5tC50eHghDJdojeD.naeOgFp9ApEP/kCvhgA.', 'Male', '1571083467.jpeg', '1571059452.jpg', 'مهند وليد العوبثاني', '4', 2, 194, 1110306014, NULL, '1998-04-30', NULL, '2019-10-14 11:24:12', '2019-10-14 18:04:43', 5207, 'sdENlqGVeKu2zTEpLXaOcMfoxR1VOVlw4yoieGmUY9jjOfiKSPr62OnJipJP', NULL, 'Mohannad waleed Alobthani', '15540', 1),
(172, '0552005622', '', '$2y$10$N3QMueMU40sU7NvYZ6K.Z.PytYbVpsFhryjkhG0QAGfh/agqCZJLa', 'Male', '1571353381.jpeg', '1571326139.jpeg', 'Hassan alyami', '4', 1, 194, 1099835892, NULL, '2019-10-18', NULL, '2019-10-17 13:28:59', '2019-12-05 23:01:21', 5237, 'vpQW8MS6WiNFkXhchNjsJiNP4iTtgqHfAxTJt4LsVoqLu0VouB6Gq5SfBtSk', 'cyYQdqz6ggw:APA91bHoH6ZFXkHKHvJs_GtrYC0zKMjs_kVFxy0tXq_axeSaCVQSuGfOBxsiJYpHs3ppu_Hk_qvHuDzn1U0_KLY0vV9P8Ym9VEHYtFTQJXLQEC8j7LIa5AlC16yhnXo2Hc75S-AwEJWN', NULL, '99055', 1),
(178, '0551018971', '2160005419@iau.edu.sa', '$2y$10$MrfrIVaiuPxJ.3q5mzgRH.nzoaBC83an7H6ja2FqzffYcejKjHKxm', 'Male', '1571760106.jpeg', '1571670380.jpg', 'عبدالرحمن خطار العنزي', '5', 1, 194, 1121941866, NULL, '2019-10-30', NULL, '2019-10-21 13:06:20', '2019-10-30 13:03:38', 8849, 'hkzYDfoVQ6iRtp7prDnicGwgZT2kZPUnrTxjARgeHMcHhpQlFBTLgBcF9Moi', NULL, NULL, '38461', 1),
(181, '0507809490', 'aliams316@gmail.com', '$2y$10$9/DPyrjn41INB1nbn0rBs.T4ViAu2yUj1lhOYzSl6yYIESAL4E7QO', 'Male', '1572290429.jpeg', '1572290429.jpeg', 'Ali Alsalem', '5', 1, 194, 1095715528, NULL, '2019-10-28', NULL, '2019-10-28 18:20:29', '2019-10-28 18:20:29', 6209, 'TIhF2RqkllXCBqtv5yhlEHdycfuWE38mTABbaEeXaggtFZOixz6erdiCaJOD', NULL, NULL, '59814', 0),
(191, '0550442441', '', '$2y$10$9Nv5YJliOpwTycAl97Limut2U7f6F.qCrSG/MmrYhZ5WKqrUnrzce', 'Male', '1573101387.jpeg', '1573706959.jpeg', 'Maher Alghamdi', '4', 1, 194, 1101822458, NULL, '1998-11-08', NULL, '2019-11-07 03:36:27', '2019-11-14 03:49:19', 8315, '4fDaQXSH7S1EkFwUVjaTfFFlo3qNViwTirgOVXoVZl2TVUgZpFseAj9haf2n', NULL, NULL, '28986', 1),
(203, '0597114079', '', '$2y$10$rFA9GbTREliJ67ueylDyCum5i8aFCp1LVfRFnxxp1zFtmwutiMQKm', 'Male', '1573679048.jpg', '1573707050.jpeg', 'صادق علي الزواد', '3', 1, 194, 1106645318, NULL, '2000-02-07', NULL, '2019-11-13 20:04:08', '2019-11-25 13:11:57', 3166, 'QDsruWlooOUmPoKsWhezOoaT1kzXFlVYsQKZFJyXqCJmQyZ6rRkLkrDE2Jfb', NULL, 'Sadiq ali alzawad', '17399', 1),
(209, '0583929222', 'ghassanalshaikh909@gmail.com', '$2y$10$/CJix7Ml3RDNiWTecBszaetJZUDtkZlCJABLH811D6y9InprqGDjW', 'Male', '1575127674.JPG', '1575126678.JPG', 'غسان عبدالرؤوف الشيخ', '3', 1, 194, 1098198110, NULL, '2019-11-30', NULL, '2019-11-30 14:09:57', '2019-11-30 14:27:54', 1590, 'iNEOUhAzJjWB8TwZgVIajS99ios0yGsi4L99JTQgM4xn57mGZaqOj8OFtcgI', NULL, NULL, '97567', 1),
(217, '0549774335', 'maithamalhaider@yahoo.com', '$2y$10$AFHH4dNh7G4E/l.u4vlf0ecnkIKb54SSXtbPdrjN.LgjlRnIiM/PS', 'Male', '1575377748.jpg', '1575377748.png', 'ميثم آل حيدر', '3', 1, 194, 1103247464, NULL, '1999-04-30', NULL, '2019-12-03 11:55:48', '2019-12-03 11:56:57', 612, 'Lyumx5SJvzGeDLYxj7ab8rXhzbvrGphhgP5YV71yQpYApXLOBUMs2ug2m6RD', 'eo0ignzVeVU:APA91bG_Uy0PCTIvGBdsgkYqu0pielIdC3QKyTnpxTjEBW5LJxL1STZ70hBV-qm4H2kxGUx7LuDXvBeIYvCfp6Ge8fbKhpJJnPXlgKKr8DNf9wA_BgmCpqOAv75Va42NiZcuxtkgln1b', NULL, '79886', 1),
(234, '0583889913', 'dr.husain2011@gmail.com', '$2y$10$yzhOTU7TPYLLvRd5en8OH.jgVgljqOxZVV5angmNahRJH3lmEjWr6', 'Male', '1575912465.jpg', 'default.png', 'حسين المكرمي', '4', 1, 194, 1102401450, NULL, '2019-12-09', NULL, '2019-12-09 16:27:45', '2019-12-09 16:27:45', 7804, 'kZyLg72nLdtbMwCJgXXqCCtxFCB5AVL55GOwyh4Qwbuphzrf4JX5Q9AuuMoy', NULL, NULL, '14588', 0),
(235, '0556115333', '', '$2y$10$E1jF6NWMYLS733CiAzGZ1exi71Hu6L/aEkL6V4nOAoQmvaqbFS.Aa', 'Male', '1576164155.jpeg', '1576164064.jpeg', 'عبدالسلام محمد السلمان', '4', 1, 194, 1099636803, NULL, '1998-06-10', NULL, '2019-12-09 16:39:32', '2019-12-12 14:22:35', 7664, '8lazkCNmYLwP4yK4trJLZ12rJn1SdK7RVFv0gskhVDVGophfvRyYDTl1Ph9h', NULL, NULL, '27176', 0),
(250, '0506637435', 'doctor-test@test.com', '$2y$10$ntODv65s44OSp6f0UCSubuyrQC/awLTTkprHrMd/5vTpHdk6IjvM2', 'Male', '1577015963.jpg', '1577015963.jpg', 'Doctor Test', '1', 31, 247, 1110306058, NULL, '2019-12-22', NULL, '2019-12-22 10:59:23', '2019-12-23 22:16:14', 9666, 'YnDjiYiE54VDKyRXKKnE6NslB8mvlJSvnrMWERomO4OUF4KwIn0yuxVORrkr', 'ca6iGEZxuB8:APA91bHYphETelQnWVrCIarHXaBaWExyKuHc5NDUzh3e1DxW7JoYRCYnMMveSn9QZwQ-mkykkC4w02-tfFD5uzCSY-9eO1y_r7RUcceTfL6jMN5AY3G9dSbCjScZOQioHFC8VVIwJEgU', NULL, '85001', 1),
(254, '0506437444', 'testD@test.com', '$2y$10$7G6hIRy1ZNTb7dUDABNILelSf8n6aFHEcY1Smb53/ZxOhHtfbHPCq', 'Male', '1577016377.png', 'default.png', 'Doctor Test 2', '1', 31, 247, 1110306777, NULL, '2019-12-22', NULL, '2019-12-22 11:06:17', '2019-12-22 11:06:40', 257, 'M04cibcrRqOuNWsoVK3dgz8B2FLi69bUAAzrzeYpkQhJQcFo4FSQWMuxK7q0', NULL, NULL, '12234', 1),
(255, '0599099764', 'ahmedipa@gmail.com', '$2y$10$ls4hF2oHzQfQIBLb/GTPpedx87mAKkicozPot23CZ.YCqrtVMq7oy', 'Male', '1577033587.PNG', '1577033587.jpg', 'الطبيب احمد الشيخ 0599', '4', 10, 194, 1001111111, 1, '1990-02-01', NULL, '2019-12-22 15:53:07', '2019-12-24 22:52:56', 95070299, 'Qh7hvWD90McK4lBYJGeOGXPtdIQidWnzjUal6IeiuPoL3eLs4lLD775mJgGq', 'eLKOj8V7NW4:APA91bFPyNeHZdbkxafpWuzsuBznLTn_NOLrLpddpyc0Urqn-2ssGOmZG3JNrjXZDyjvaSHq_CjD8Yyn4H0PZzMM5teGHZF25B4HV-m9on86UUTBbZulZvUaWKGvKpMSRW3zOSU8-kpN', NULL, '', 1),
(256, '05123456789', 'testdoctor@gmail.com', '$2y$10$HTRT.d/D13ALI3IlECgTBu2AGcf.EXa4tuzhBejadIHyZcIsYqJlS', 'Male', '1577085567.jpg', '1577085567.jpg', 'test_doctor', '1', 1, 13, 1234567891, NULL, '2019-12-23', NULL, '2019-12-23 06:19:27', '2019-12-23 08:34:39', 2061, 'aytf8cIgVfbE5Hs3HEqeEVYl5Q7epXceCtnox9S8YCqy7Wk1zhFMqz20c9j4', '', NULL, '44152', 1),
(257, '05733124434', 'ahmsad@yahoo.com', '$2y$10$B7SUVjMj8DE4lhXfN8Yalu5NRtnLLYipNf1LPqdotiwk5p9UwWrG2', 'male', 'dentist/photo/H7556njQJDq0msZoihe8MzPkrAL3PqybqnNEM2In.jpeg', 'dentist/profile/u7hwiOr0URDOoe8vGTQUjEfrSXOra366NvlR9eEx.jpeg', 'faaayza', '099454555', 2, NULL, 1166987456, 1, '1991-10-20', NULL, '2020-01-09 10:06:37', '2020-01-09 10:06:37', 0, NULL, 'ddXUwSRsMPA:APA91bGFZHjiIGsfXm7EGi4nMxTCEfosQlBO-76lFZUPpBAKOyjIU_7v-j1IPK33qTT7qu7zGjiwW0sf73MLZLvWOeR-uSydFfs5Q2VLSF6cYBNpNf-9UG_a4yrND79_DAH2a0ELCVoT', NULL, '9666', 0),
(258, '02064855', 'dddd@yahoo.com', '$2y$10$bJNOeTghzV/RS9ETj2FPue9zrN5itlp5jCdGh0QxGQvjZP/dfMXRS', 'male', 'dentist/photo/r54K4yUsRSZ0flPwW3EW3GhASEAVBEVxF5wuLTIz.jpeg', 'dentist/profile/gVREbs4eOGS2z9KNMs07bnAmW1sFCkQ2TxaE2t1z.jpeg', 'faaayza', '099454555', 22, NULL, 1166987456, 1, '1991-10-20', NULL, '2020-01-09 11:51:40', '2020-01-11 19:18:48', 0, NULL, 'ddXUwSRsMPA:APA91bGFZHjiIGsfXm7EGi4nMxTCEfosQlBO-76lFZUPpBAKOyjIU_7v-j1IPK33qTT7qu7zGjiwW0sf73MLZLvWOeR-uSydFfs5Q2VLSF6cYBNpNf-9UG_a4yrND79_DAH2a0ELCVoT', NULL, '9666', 1);

-- --------------------------------------------------------

--
-- Table structure for table `dentist_calanders`
--

DROP TABLE IF EXISTS `dentist_calanders`;
CREATE TABLE IF NOT EXISTS `dentist_calanders` (
  `id` bigint(20) UNSIGNED NOT NULL AUTO_INCREMENT,
  `hospital_id` int(11) NOT NULL,
  `service_id` int(11) NOT NULL,
  `start_date` date NOT NULL,
  `end_date` date NOT NULL,
  `day` varchar(255) COLLATE utf8mb4_unicode_ci NOT NULL,
  `start_time` time NOT NULL,
  `end_time` time NOT NULL,
  `created_at` timestamp NULL DEFAULT NULL,
  `updated_at` timestamp NULL DEFAULT NULL,
  `dentist_id` int(11) NOT NULL,
  `status` int(11) DEFAULT '0',
  `flag` int(11) NOT NULL DEFAULT '0',
  PRIMARY KEY (`id`)
) ENGINE=InnoDB AUTO_INCREMENT=349 DEFAULT CHARSET=utf8mb4 COLLATE=utf8mb4_unicode_ci;

--
-- Dumping data for table `dentist_calanders`
--

INSERT INTO `dentist_calanders` (`id`, `hospital_id`, `service_id`, `start_date`, `end_date`, `day`, `start_time`, `end_time`, `created_at`, `updated_at`, `dentist_id`, `status`, `flag`) VALUES
(312, 22, 1, '2020-04-01', '2020-04-02', 'Wednesday', '09:00:00', '12:00:00', '2020-01-15 11:11:37', '2020-01-15 11:11:37', 258, 0, 0),
(313, 22, 1, '2020-04-08', '2020-04-09', 'Wednesday', '09:00:00', '12:00:00', '2020-01-15 11:11:37', '2020-01-15 11:11:37', 258, 0, 0),
(314, 22, 1, '2020-04-15', '2020-04-16', 'Wednesday', '09:00:00', '12:00:00', '2020-01-15 11:11:37', '2020-01-15 11:11:37', 258, 0, 0),
(315, 22, 1, '2020-04-22', '2020-04-23', 'Wednesday', '09:00:00', '12:00:00', '2020-01-15 11:11:37', '2020-01-15 11:11:37', 258, 0, 0),
(316, 22, 1, '2020-04-29', '2020-04-30', 'Wednesday', '09:00:00', '12:00:00', '2020-01-15 11:11:37', '2020-01-15 11:11:37', 258, 0, 0),
(317, 22, 1, '2020-05-06', '2020-05-07', 'Wednesday', '09:00:00', '12:00:00', '2020-01-15 11:11:37', '2020-01-15 11:11:37', 258, 0, 0),
(318, 22, 1, '2020-05-13', '2020-05-14', 'Wednesday', '09:00:00', '12:00:00', '2020-01-15 11:11:37', '2020-01-15 11:11:37', 258, 0, 0),
(319, 22, 1, '2020-05-20', '2020-05-21', 'Wednesday', '09:00:00', '12:00:00', '2020-01-15 11:11:37', '2020-01-15 11:11:37', 258, 0, 0),
(320, 22, 1, '2020-05-27', '2020-05-28', 'Wednesday', '09:00:00', '12:00:00', '2020-01-15 11:11:37', '2020-01-15 11:11:37', 258, 0, 0),
(321, 22, 1, '2020-06-03', '2020-06-04', 'Wednesday', '09:00:00', '12:00:00', '2020-01-15 11:11:37', '2020-01-15 11:11:37', 258, 0, 0),
(322, 22, 1, '2020-06-10', '2020-06-11', 'Wednesday', '09:00:00', '12:00:00', '2020-01-15 11:11:37', '2020-01-15 11:11:37', 258, 0, 0),
(323, 22, 1, '2020-06-17', '2020-06-18', 'Wednesday', '09:00:00', '12:00:00', '2020-01-15 11:11:37', '2020-01-15 11:11:37', 258, 0, 0),
(324, 22, 1, '2020-06-24', '2020-06-25', 'Wednesday', '09:00:00', '12:00:00', '2020-01-15 11:11:37', '2020-01-15 11:11:37', 258, 0, 0),
(326, 22, 1, '2020-03-25', '2020-03-26', 'Wednesday', '09:00:00', '12:00:00', '2020-01-15 11:24:34', '2020-01-15 11:24:34', 258, 0, 0),
(327, 22, 1, '2020-07-01', '2020-07-02', 'Wednesday', '09:00:00', '12:00:00', '2020-01-15 11:40:14', '2020-01-15 11:40:14', 258, 0, 0),
(328, 22, 1, '2020-07-08', '2020-07-09', 'Wednesday', '09:00:00', '12:00:00', '2020-01-15 11:40:15', '2020-01-15 11:40:15', 258, 0, 0),
(329, 22, 1, '2020-07-15', '2020-07-16', 'Wednesday', '09:00:00', '12:00:00', '2020-01-15 11:40:15', '2020-01-15 11:40:15', 258, 0, 0),
(330, 22, 1, '2020-07-22', '2020-07-23', 'Wednesday', '09:00:00', '12:00:00', '2020-01-15 11:40:15', '2020-01-15 11:40:15', 258, 0, 0),
(331, 22, 1, '2020-07-29', '2020-07-30', 'Wednesday', '09:00:00', '12:00:00', '2020-01-15 11:44:12', '2020-01-15 11:44:12', 258, 0, 0),
(332, 22, 1, '2020-08-05', '2020-08-06', 'Wednesday', '09:00:00', '12:00:00', '2020-01-15 11:44:12', '2020-01-15 11:44:12', 258, 0, 0),
(333, 22, 1, '2020-08-12', '2020-08-13', 'Wednesday', '09:00:00', '12:00:00', '2020-01-15 11:44:12', '2020-01-15 11:44:12', 258, 0, 0),
(334, 22, 1, '2020-08-19', '2020-08-20', 'Wednesday', '09:00:00', '12:00:00', '2020-01-15 11:44:12', '2020-01-15 11:44:12', 258, 0, 0),
(335, 22, 1, '2020-08-26', '2020-08-27', 'Wednesday', '09:00:00', '12:00:00', '2020-01-15 11:44:12', '2020-01-15 11:44:12', 258, 0, 0),
(336, 22, 1, '2020-09-02', '2020-09-03', 'Wednesday', '09:00:00', '12:00:00', '2020-01-15 11:44:12', '2020-01-15 11:44:12', 258, 0, 0),
(337, 22, 1, '2020-09-09', '2020-09-10', 'Wednesday', '09:00:00', '12:00:00', '2020-01-15 11:44:12', '2020-01-15 11:44:12', 258, 0, 0),
(338, 22, 1, '2020-09-16', '2020-09-17', 'Wednesday', '09:00:00', '12:00:00', '2020-01-15 11:44:12', '2020-01-15 11:44:12', 258, 0, 0),
(339, 22, 1, '2020-09-23', '2020-09-24', 'Wednesday', '09:00:00', '12:00:00', '2020-01-15 11:44:12', '2020-01-15 11:44:12', 258, 0, 0),
(340, 22, 1, '2020-09-30', '2020-10-01', 'Wednesday', '09:00:00', '12:00:00', '2020-01-15 11:48:58', '2020-01-15 11:48:58', 258, 0, 0),
(341, 22, 1, '2020-10-07', '2020-10-08', 'Wednesday', '09:00:00', '12:00:00', '2020-01-15 11:48:59', '2020-01-15 11:48:59', 258, 0, 0),
(342, 22, 1, '2020-10-14', '2020-10-15', 'Wednesday', '09:00:00', '12:00:00', '2020-01-15 11:48:59', '2020-01-15 11:48:59', 258, 0, 0),
(343, 22, 1, '2020-10-21', '2020-10-22', 'Wednesday', '09:00:00', '12:00:00', '2020-01-15 11:48:59', '2020-01-15 11:48:59', 258, 0, 0),
(344, 22, 1, '2020-10-28', '2020-10-29', 'Wednesday', '09:00:00', '12:00:00', '2020-01-15 11:48:59', '2020-01-15 11:48:59', 258, 0, 0),
(345, 22, 1, '2020-11-04', '2020-11-05', 'Wednesday', '09:00:00', '12:00:00', '2020-01-15 11:48:59', '2020-01-15 11:48:59', 258, 0, 0),
(346, 22, 1, '2020-11-11', '2020-11-12', 'Wednesday', '09:00:00', '12:00:00', '2020-01-15 11:48:59', '2020-01-15 11:48:59', 258, 0, 0),
(347, 22, 1, '2020-11-18', '2020-11-19', 'Wednesday', '09:00:00', '12:00:00', '2020-01-15 11:48:59', '2020-01-15 11:48:59', 258, 0, 0),
(348, 1, 2, '2020-04-01', '2020-11-26', 'Wednesday', '09:00:00', '12:00:00', '2020-01-15 11:48:59', '2020-01-29 12:15:33', 258, 0, 0);

-- --------------------------------------------------------

--
-- Table structure for table `events`
--

DROP TABLE IF EXISTS `events`;
CREATE TABLE IF NOT EXISTS `events` (
  `id` int(10) UNSIGNED NOT NULL AUTO_INCREMENT,
  `user_id` int(11) NOT NULL,
  `dentist_id` varchar(255) COLLATE utf8mb4_unicode_ci DEFAULT NULL,
  `treatment_id` int(11) NOT NULL,
  `hospital_id` int(11) NOT NULL,
  `photo` varchar(255) COLLATE utf8mb4_unicode_ci DEFAULT NULL,
  `diseases` text COLLATE utf8mb4_unicode_ci,
  `drugs` text COLLATE utf8mb4_unicode_ci,
  `status` int(11) NOT NULL DEFAULT '0' COMMENT '0 pending/ 1 confirm / 3cancel',
  `event_date` date NOT NULL,
  `created_at` timestamp NULL DEFAULT NULL,
  `updated_at` timestamp NULL DEFAULT NULL,
  `follower_id` int(11) DEFAULT NULL,
  `reason` varchar(255) COLLATE utf8mb4_unicode_ci DEFAULT NULL,
  `relation` int(11) DEFAULT '0' COMMENT '1 follower',
  `start_time` time NOT NULL,
  `end_time` time NOT NULL,
  `description` text COLLATE utf8mb4_unicode_ci,
  `day` varchar(255) COLLATE utf8mb4_unicode_ci DEFAULT NULL,
  `notification` int(11) NOT NULL DEFAULT '0',
  `device_id` varchar(250) COLLATE utf8mb4_unicode_ci DEFAULT NULL,
  `user_notify` int(11) NOT NULL DEFAULT '0',
  `dentist_notify` int(11) NOT NULL DEFAULT '0',
  `neglect` int(11) DEFAULT '0' COMMENT '1=dentist cancle',
  PRIMARY KEY (`id`)
) ENGINE=InnoDB AUTO_INCREMENT=440 DEFAULT CHARSET=utf8mb4 COLLATE=utf8mb4_unicode_ci;

--
-- Dumping data for table `events`
--

INSERT INTO `events` (`id`, `user_id`, `dentist_id`, `treatment_id`, `hospital_id`, `photo`, `diseases`, `drugs`, `status`, `event_date`, `created_at`, `updated_at`, `follower_id`, `reason`, `relation`, `start_time`, `end_time`, `description`, `day`, `notification`, `device_id`, `user_notify`, `dentist_notify`, `neglect`) VALUES
(5, 465, '258', 4, 31, NULL, NULL, NULL, 0, '2020-01-07', '2019-10-20 19:23:06', '2020-01-09 17:21:53', NULL, NULL, 0, '02:00:00', '00:00:00', NULL, NULL, 0, 'mooworld', 1, 1, 0),
(6, 465, '258', 2, 28, NULL, NULL, NULL, 1, '2021-03-02', '2019-10-22 11:58:29', '2020-01-09 17:21:53', NULL, NULL, 0, '12:02:00', '00:00:00', NULL, NULL, 0, 'mooworld', 0, 1, 0),
(11, 465, '169', 2, 31, NULL, NULL, NULL, 5, '2019-10-28', '2019-10-23 15:24:24', '2019-10-23 15:24:24', NULL, NULL, 0, '05:00:00', '00:00:00', NULL, NULL, 0, 'dDjwD-qdQSc:APA91bH6T3njf-xn-IK3jqgurb6ajEbqFyqvp9XRCc0s4_GrC-WN4_EYV5NaauE0PFexM-EPU9GURe3dkZkDLQzPz_IrLa2cK6kSfCjirGmsmBzZbmnAU1G9DQ4aJDHicF7K1datcJ5E', 1, 1, 0),
(12, 465, '169', 2, 31, NULL, NULL, NULL, 5, '2019-12-29', '2019-10-23 15:26:35', '2019-10-23 15:26:35', NULL, NULL, 0, '05:00:00', '00:00:00', NULL, NULL, 0, 'dDjwD-qdQSc:APA91bH6T3njf-xn-IK3jqgurb6ajEbqFyqvp9XRCc0s4_GrC-WN4_EYV5NaauE0PFexM-EPU9GURe3dkZkDLQzPz_IrLa2cK6kSfCjirGmsmBzZbmnAU1G9DQ4aJDHicF7K1datcJ5E', 1, 1, 0),
(13, 251, '169', 4, 1, NULL, NULL, NULL, 2, '2019-10-29', '2019-10-23 15:53:28', '2019-10-23 15:53:28', NULL, NULL, 0, '13:00:00', '12:00:00', NULL, NULL, 0, 'dDjwD-qdQSc:APA91bH6T3njf-xn-IK3jqgurb6ajEbqFyqvp9XRCc0s4_GrC-WN4_EYV5NaauE0PFexM-EPU9GURe3dkZkDLQzPz_IrLa2cK6kSfCjirGmsmBzZbmnAU1G9DQ4aJDHicF7K1datcJ5E', 0, 1, 0),
(14, 166, '169', 4, 1, NULL, NULL, NULL, 1, '2019-10-29', '2019-10-23 15:55:46', '2019-10-23 15:55:46', NULL, NULL, 0, '13:00:00', '12:00:00', NULL, NULL, 0, NULL, 1, 1, 0),
(16, 166, '169', 4, 1, '1571831503.jpeg', 'testtttttttttt', 'testttttttttt', 1, '2019-11-06', '2019-10-23 16:51:43', '2019-10-23 16:51:43', NULL, NULL, 0, '12:01:00', '12:00:00', NULL, NULL, 0, NULL, 1, 1, 0),
(18, 166, '169', 4, 1, NULL, NULL, NULL, 1, '2019-11-13', '2019-10-23 16:58:22', '2019-10-23 16:58:22', NULL, NULL, 0, '12:01:00', '12:00:00', NULL, NULL, 0, NULL, 1, 0, 0),
(20, 166, '170', 2, 1, NULL, NULL, NULL, 5, '2019-12-30', '2019-10-23 17:51:31', '2019-10-23 17:51:31', NULL, NULL, 0, '05:54:00', '12:00:00', NULL, NULL, 0, NULL, 0, 1, 0),
(21, 166, '170', 2, 31, NULL, NULL, NULL, 1, '2019-10-24', '2019-10-23 17:53:20', '2019-10-23 17:53:20', NULL, NULL, 0, '14:20:00', '12:00:00', NULL, NULL, 0, NULL, 0, 1, 0),
(28, 251, '170', 2, 28, NULL, NULL, NULL, 5, '2020-01-13', '2019-10-23 22:35:12', '2019-10-23 22:35:12', NULL, NULL, 0, '15:00:00', '00:00:00', NULL, NULL, 0, 'dDjwD-qdQSc:APA91bH6T3njf-xn-IK3jqgurb6ajEbqFyqvp9XRCc0s4_GrC-WN4_EYV5NaauE0PFexM-EPU9GURe3dkZkDLQzPz_IrLa2cK6kSfCjirGmsmBzZbmnAU1G9DQ4aJDHicF7K1datcJ5E', 0, 1, 0),
(31, 166, '164', 2, 28, NULL, NULL, NULL, 1, '2019-11-16', '2019-10-23 22:36:26', '2019-10-23 22:36:26', NULL, NULL, 0, '09:00:00', '00:00:00', NULL, NULL, 0, 'e0Pi_LVw-Ls:APA91bGhlPhwTOhEvbwus6Icp9vlG0xTnnVHV05AZaKqs8hmuIB0-pcUkk85rtGFxzoLMoiSLipzCvurXPXxEuYVrkmGsb0AxJiwDdrr3IbGWZUc-e7pH27oF_IpDsWc-RCEdcn6u6Cr', 0, 1, 0),
(45, 286, '181', 2, 1, NULL, NULL, NULL, 4, '2019-10-31', '2019-10-30 17:17:37', '2019-10-30 17:17:37', NULL, NULL, 0, '10:11:00', '00:00:00', NULL, NULL, 0, 'e5FoLo2MkoM:APA91bGtLVmSB6NT0E2B5xp8FaUz8VnMGHsOjdKc01DKhHH1h0AQHonlbNhdb5AOXM0q6K8IOehNAhi-SXdoE_qEAKKkWnbW4gS5-0XTiPdfLTYL6svc8cyn9JrDe4X7kqSQN1RhQeOW', 0, 0, 0),
(46, 286, '181', 2, 1, NULL, NULL, NULL, 2, '2019-10-31', '2019-10-30 17:19:38', '2019-10-30 17:19:38', NULL, NULL, 0, '10:11:00', '00:00:00', NULL, NULL, 1, 'e5FoLo2MkoM:APA91bGtLVmSB6NT0E2B5xp8FaUz8VnMGHsOjdKc01DKhHH1h0AQHonlbNhdb5AOXM0q6K8IOehNAhi-SXdoE_qEAKKkWnbW4gS5-0XTiPdfLTYL6svc8cyn9JrDe4X7kqSQN1RhQeOW', 0, 0, 0),
(47, 286, '181,181,181', 2, 1, NULL, NULL, NULL, 4, '2019-10-31', '2019-10-30 17:22:07', '2019-10-30 17:22:07', NULL, NULL, 0, '10:11:00', '00:00:00', NULL, NULL, 0, 'e5FoLo2MkoM:APA91bGtLVmSB6NT0E2B5xp8FaUz8VnMGHsOjdKc01DKhHH1h0AQHonlbNhdb5AOXM0q6K8IOehNAhi-SXdoE_qEAKKkWnbW4gS5-0XTiPdfLTYL6svc8cyn9JrDe4X7kqSQN1RhQeOW', 0, 0, 0),
(48, 286, '181,181,181', 2, 1, NULL, NULL, NULL, 5, '2020-01-13', '2019-10-30 17:23:11', '2019-10-30 17:23:11', NULL, NULL, 0, '10:11:00', '00:00:00', NULL, NULL, 0, 'e5FoLo2MkoM:APA91bGtLVmSB6NT0E2B5xp8FaUz8VnMGHsOjdKc01DKhHH1h0AQHonlbNhdb5AOXM0q6K8IOehNAhi-SXdoE_qEAKKkWnbW4gS5-0XTiPdfLTYL6svc8cyn9JrDe4X7kqSQN1RhQeOW', 0, 0, 0),
(49, 286, '181,181,181', 2, 1, NULL, NULL, NULL, 0, '2019-10-31', '2019-10-30 17:23:22', '2019-10-30 17:23:22', NULL, NULL, 0, '10:11:00', '00:00:00', NULL, NULL, 0, 'e5FoLo2MkoM:APA91bGtLVmSB6NT0E2B5xp8FaUz8VnMGHsOjdKc01DKhHH1h0AQHonlbNhdb5AOXM0q6K8IOehNAhi-SXdoE_qEAKKkWnbW4gS5-0XTiPdfLTYL6svc8cyn9JrDe4X7kqSQN1RhQeOW', 0, 0, 0),
(50, 251, '181', 4, 1, NULL, NULL, NULL, 3, '2019-10-31', '2019-10-30 18:45:11', '2019-10-30 18:45:11', 31, NULL, 1, '13:20:00', '00:00:00', NULL, NULL, 0, 'dDjwD-qdQSc:APA91bH6T3njf-xn-IK3jqgurb6ajEbqFyqvp9XRCc0s4_GrC-WN4_EYV5NaauE0PFexM-EPU9GURe3dkZkDLQzPz_IrLa2cK6kSfCjirGmsmBzZbmnAU1G9DQ4aJDHicF7K1datcJ5E', 0, 0, 0),
(51, 251, '170', 9, 1, NULL, NULL, NULL, 0, '2019-11-02', '2019-10-30 18:56:29', '2019-10-30 18:56:29', 31, NULL, 1, '06:00:00', '00:00:00', NULL, NULL, 0, 'dDjwD-qdQSc:APA91bH6T3njf-xn-IK3jqgurb6ajEbqFyqvp9XRCc0s4_GrC-WN4_EYV5NaauE0PFexM-EPU9GURe3dkZkDLQzPz_IrLa2cK6kSfCjirGmsmBzZbmnAU1G9DQ4aJDHicF7K1datcJ5E', 0, 0, 0),
(52, 251, '170', 9, 1, NULL, NULL, NULL, 0, '2019-11-16', '2019-10-30 19:00:11', '2019-10-30 19:00:11', 31, NULL, 1, '06:00:00', '00:00:00', NULL, NULL, 0, 'dDjwD-qdQSc:APA91bH6T3njf-xn-IK3jqgurb6ajEbqFyqvp9XRCc0s4_GrC-WN4_EYV5NaauE0PFexM-EPU9GURe3dkZkDLQzPz_IrLa2cK6kSfCjirGmsmBzZbmnAU1G9DQ4aJDHicF7K1datcJ5E', 0, 0, 0),
(53, 251, '170', 9, 1, NULL, NULL, NULL, 0, '2019-11-09', '2019-10-30 19:12:46', '2019-10-30 19:12:46', 31, NULL, 1, '06:00:00', '00:00:00', NULL, NULL, 0, 'dDjwD-qdQSc:APA91bH6T3njf-xn-IK3jqgurb6ajEbqFyqvp9XRCc0s4_GrC-WN4_EYV5NaauE0PFexM-EPU9GURe3dkZkDLQzPz_IrLa2cK6kSfCjirGmsmBzZbmnAU1G9DQ4aJDHicF7K1datcJ5E', 0, 0, 0),
(215, 439, '248,248', 2, 1, NULL, NULL, NULL, 0, '2019-12-21', '2019-12-21 18:46:15', '2019-12-21 18:46:15', NULL, NULL, 0, '23:00:00', '00:00:00', NULL, NULL, 0, 'fuH3Ej2lB7U:APA91bEqDZp63RzCvBhTK7hpQemxgoWaDrKJ-a88A2i-6anEvAekHUQgfkRrD89CLcvxL80fr25kKcQBTvhTUj9TEXHpBSfAbMnFGxkik8Wq8c15Ozb9rSPUs8udXr8f5bzQ4vC7eh9f', 0, 0, 0),
(293, 442, '249,248', 11, 1, NULL, NULL, NULL, 5, '2019-12-27', '2019-12-21 21:08:04', '2019-12-21 21:08:04', NULL, NULL, 0, '06:00:00', '00:00:00', NULL, NULL, 0, 'c5BjRP4giHU:APA91bEegGQSiIB_108pDV681I_7KRy9HejIupg2e3aGVH8gSWE1FN1bMzyt766_KP1LhHTvBLJ9ElqlPVBJprjcfI3M-BWA8g7z1F-4x2MVsTN3l7K9_VJoZeSRslUyBu7jfPU57Apy', 0, 0, 0),
(312, 205, '255', 11, 10, NULL, NULL, NULL, 6, '2019-12-22', '2019-12-22 16:03:48', '2019-12-22 16:05:58', NULL, NULL, 0, '23:00:00', '00:00:00', NULL, NULL, 0, NULL, 1, 1, 0),
(332, 444, '254', 2, 31, NULL, NULL, NULL, 4, '2019-12-24', '2019-12-23 03:21:59', '2019-12-23 03:22:54', NULL, NULL, 0, '04:35:00', '12:00:00', NULL, NULL, 0, 'cn4VvQk66SU:APA91bFfQzw2cXnier04UOeZk1qWk6vLjOdN25AlkIPL51tMHjMtN2SCjfndkXlYoJOnEvbeJWMSbOnjiLBTq2JAf7YQmxmKUxMjWMy0sTTtVrewEH5zlhTA6PMDdTubDkhYYnxvDL4c', 1, 0, 0),
(333, 443, '254', 2, 31, NULL, NULL, NULL, 5, '2019-12-31', '2019-12-23 03:22:27', '2019-12-23 03:23:05', NULL, NULL, 0, '04:35:00', '12:00:00', NULL, NULL, 0, 'e7JG0foZess:APA91bH_JbwFjYzk_ocGAP3wIBJPsSsYSAnJgbA6LbVlubFPmnD9wFUCiptO6wJd6qB_kqP1Cqz7OKGlAGHqs7ah26MXS_hpLU0_HUOWZIxBzcWsZdhF1OXgDULO2QoYuF8vSD43WOd2', 0, 0, 0),
(335, 205, '255', 11, 10, NULL, NULL, NULL, 6, '2019-12-23', '2019-12-23 15:49:48', '2019-12-23 15:51:53', NULL, NULL, 0, '22:00:00', '12:00:00', NULL, NULL, 0, NULL, 1, 1, 0),
(336, 205, '255', 11, 10, NULL, NULL, NULL, 3, '2019-12-23', '2019-12-23 15:57:22', '2019-12-23 15:58:44', NULL, NULL, 0, '23:00:00', '12:00:00', NULL, NULL, 0, NULL, 1, 1, 0),
(337, 205, '255', 11, 10, NULL, NULL, NULL, 4, '2019-12-23', '2019-12-23 16:02:29', '2019-12-23 16:03:10', NULL, NULL, 0, '21:00:00', '12:00:00', NULL, NULL, 0, NULL, 1, 1, 0),
(338, 205, '255', 11, 10, NULL, NULL, NULL, 4, '2019-12-23', '2019-12-23 16:12:34', '2019-12-23 16:12:42', NULL, NULL, 0, '20:55:00', '12:00:00', NULL, NULL, 0, NULL, 0, 1, 0),
(339, 448, '255', 11, 10, NULL, NULL, NULL, 1, '2019-12-23', '2019-12-23 16:16:28', '2019-12-23 16:16:36', NULL, NULL, 0, '20:55:00', '12:00:00', NULL, NULL, 0, 'eLKOj8V7NW4:APA91bFPyNeHZdbkxafpWuzsuBznLTn_NOLrLpddpyc0Urqn-2ssGOmZG3JNrjXZDyjvaSHq_CjD8Yyn4H0PZzMM5teGHZF25B4HV-m9on86UUTBbZulZvUaWKGvKpMSRW3zOSU8-kpN', 1, 1, 0),
(340, 448, '255', 11, 10, NULL, NULL, NULL, 1, '2019-12-23', '2019-12-23 17:52:17', '2019-12-23 17:52:29', NULL, NULL, 0, '23:00:00', '12:00:00', NULL, NULL, 0, 'eLKOj8V7NW4:APA91bFPyNeHZdbkxafpWuzsuBznLTn_NOLrLpddpyc0Urqn-2ssGOmZG3JNrjXZDyjvaSHq_CjD8Yyn4H0PZzMM5teGHZF25B4HV-m9on86UUTBbZulZvUaWKGvKpMSRW3zOSU8-kpN', 1, 1, 0),
(356, 444, '250', 2, 31, NULL, NULL, NULL, 3, '2019-12-24', '2019-12-23 23:20:21', '2019-12-23 23:21:03', NULL, NULL, 0, '21:23:00', '12:00:00', NULL, NULL, 0, NULL, 0, 1, 0),
(357, 448, '255', 11, 10, NULL, NULL, NULL, 6, '2019-12-24', '2019-12-24 14:58:48', '2019-12-24 15:01:46', NULL, NULL, 0, '21:00:00', '12:00:00', NULL, NULL, 0, 'eLKOj8V7NW4:APA91bFPyNeHZdbkxafpWuzsuBznLTn_NOLrLpddpyc0Urqn-2ssGOmZG3JNrjXZDyjvaSHq_CjD8Yyn4H0PZzMM5teGHZF25B4HV-m9on86UUTBbZulZvUaWKGvKpMSRW3zOSU8-kpN', 1, 1, 0),
(358, 448, '255', 11, 10, NULL, NULL, NULL, 3, '2019-12-24', '2019-12-24 15:03:46', '2019-12-24 15:04:00', NULL, NULL, 0, '22:00:00', '12:00:00', NULL, NULL, 0, 'eLKOj8V7NW4:APA91bFPyNeHZdbkxafpWuzsuBznLTn_NOLrLpddpyc0Urqn-2ssGOmZG3JNrjXZDyjvaSHq_CjD8Yyn4H0PZzMM5teGHZF25B4HV-m9on86UUTBbZulZvUaWKGvKpMSRW3zOSU8-kpN', 1, 1, 0),
(359, 448, '255', 11, 10, NULL, NULL, NULL, 1, '2019-12-24', '2019-12-24 15:07:25', '2019-12-24 15:10:40', NULL, NULL, 0, '21:10:00', '12:00:00', NULL, NULL, 0, 'eLKOj8V7NW4:APA91bFPyNeHZdbkxafpWuzsuBznLTn_NOLrLpddpyc0Urqn-2ssGOmZG3JNrjXZDyjvaSHq_CjD8Yyn4H0PZzMM5teGHZF25B4HV-m9on86UUTBbZulZvUaWKGvKpMSRW3zOSU8-kpN', 1, 1, 0),
(360, 448, '255', 11, 10, NULL, NULL, NULL, 5, '2019-12-25', '2019-12-24 15:28:19', '2019-12-24 15:28:24', NULL, NULL, 0, '19:30:00', '12:00:00', NULL, NULL, 0, 'eLKOj8V7NW4:APA91bFPyNeHZdbkxafpWuzsuBznLTn_NOLrLpddpyc0Urqn-2ssGOmZG3JNrjXZDyjvaSHq_CjD8Yyn4H0PZzMM5teGHZF25B4HV-m9on86UUTBbZulZvUaWKGvKpMSRW3zOSU8-kpN', 1, 1, 0),
(361, 448, '255', 11, 10, NULL, NULL, NULL, 5, '2019-12-25', '2019-12-24 15:29:09', '2019-12-24 15:29:20', NULL, NULL, 0, '19:35:00', '12:00:00', NULL, NULL, 0, 'eLKOj8V7NW4:APA91bFPyNeHZdbkxafpWuzsuBznLTn_NOLrLpddpyc0Urqn-2ssGOmZG3JNrjXZDyjvaSHq_CjD8Yyn4H0PZzMM5teGHZF25B4HV-m9on86UUTBbZulZvUaWKGvKpMSRW3zOSU8-kpN', 1, 1, 0),
(362, 448, '255', 11, 10, NULL, 'لا', 'لا', 3, '2019-12-24', '2019-12-24 17:24:24', '2019-12-24 20:54:46', NULL, NULL, 0, '23:05:00', '12:00:00', NULL, NULL, 0, 'eLKOj8V7NW4:APA91bFPyNeHZdbkxafpWuzsuBznLTn_NOLrLpddpyc0Urqn-2ssGOmZG3JNrjXZDyjvaSHq_CjD8Yyn4H0PZzMM5teGHZF25B4HV-m9on86UUTBbZulZvUaWKGvKpMSRW3zOSU8-kpN', 1, 1, 0),
(363, 448, '255', 11, 10, NULL, NULL, NULL, 3, '2019-12-24', '2019-12-24 17:25:49', '2019-12-24 20:54:50', NULL, NULL, 0, '22:10:00', '12:00:00', NULL, NULL, 0, 'eLKOj8V7NW4:APA91bFPyNeHZdbkxafpWuzsuBznLTn_NOLrLpddpyc0Urqn-2ssGOmZG3JNrjXZDyjvaSHq_CjD8Yyn4H0PZzMM5teGHZF25B4HV-m9on86UUTBbZulZvUaWKGvKpMSRW3zOSU8-kpN', 1, 1, 0),
(364, 448, '255', 9, 10, NULL, NULL, NULL, 5, '2019-12-25', '2019-12-24 20:58:13', '2019-12-24 21:00:11', NULL, NULL, 0, '02:00:00', '12:00:00', NULL, NULL, 0, 'eLKOj8V7NW4:APA91bFPyNeHZdbkxafpWuzsuBznLTn_NOLrLpddpyc0Urqn-2ssGOmZG3JNrjXZDyjvaSHq_CjD8Yyn4H0PZzMM5teGHZF25B4HV-m9on86UUTBbZulZvUaWKGvKpMSRW3zOSU8-kpN', 1, 1, 0),
(365, 448, '255', 9, 10, NULL, NULL, NULL, 5, '2019-12-25', '2019-12-24 21:03:56', '2019-12-24 21:05:07', NULL, NULL, 0, '03:55:00', '12:00:00', NULL, NULL, 0, 'eLKOj8V7NW4:APA91bFPyNeHZdbkxafpWuzsuBznLTn_NOLrLpddpyc0Urqn-2ssGOmZG3JNrjXZDyjvaSHq_CjD8Yyn4H0PZzMM5teGHZF25B4HV-m9on86UUTBbZulZvUaWKGvKpMSRW3zOSU8-kpN', 1, 1, 0),
(366, 448, '255', 9, 10, NULL, NULL, NULL, 5, '2019-12-25', '2019-12-24 21:10:55', '2019-12-24 21:11:20', NULL, NULL, 0, '05:00:00', '12:00:00', NULL, NULL, 0, 'eLKOj8V7NW4:APA91bFPyNeHZdbkxafpWuzsuBznLTn_NOLrLpddpyc0Urqn-2ssGOmZG3JNrjXZDyjvaSHq_CjD8Yyn4H0PZzMM5teGHZF25B4HV-m9on86UUTBbZulZvUaWKGvKpMSRW3zOSU8-kpN', 1, 1, 0),
(367, 448, '255', 8, 10, NULL, NULL, NULL, 5, '2019-12-25', '2019-12-24 21:16:02', '2019-12-24 21:16:30', NULL, NULL, 0, '04:13:00', '12:00:00', NULL, NULL, 0, NULL, 1, 1, 0),
(368, 448, '255', 8, 10, NULL, NULL, NULL, 5, '2019-12-25', '2019-12-24 21:21:09', '2019-12-24 21:21:21', NULL, NULL, 0, '01:50:00', '12:00:00', NULL, NULL, 0, NULL, 1, 1, 0),
(369, 448, '255', 8, 10, NULL, NULL, NULL, 5, '2019-12-25', '2019-12-24 21:32:57', '2019-12-24 21:33:47', NULL, NULL, 0, '02:32:00', '12:00:00', NULL, NULL, 0, NULL, 1, 1, 0),
(370, 448, '255', 8, 10, NULL, NULL, NULL, 5, '2019-12-25', '2019-12-24 21:36:03', '2019-12-24 21:36:30', NULL, NULL, 0, '06:32:00', '12:00:00', NULL, NULL, 0, NULL, 1, 1, 0),
(371, 448, '255', 8, 10, NULL, NULL, NULL, 5, '2019-12-25', '2019-12-24 21:38:16', '2019-12-24 21:38:24', NULL, NULL, 0, '08:38:00', '12:00:00', NULL, NULL, 0, NULL, 1, 1, 0),
(372, 448, '255', 8, 10, NULL, NULL, NULL, 5, '2019-12-25', '2019-12-24 21:46:43', '2019-12-24 21:46:55', NULL, NULL, 0, '10:46:00', '12:00:00', NULL, NULL, 0, NULL, 1, 1, 0),
(373, 448, '255', 8, 10, NULL, NULL, NULL, 5, '2019-12-25', '2019-12-24 21:49:27', '2019-12-24 21:49:57', NULL, NULL, 0, '03:48:00', '12:00:00', NULL, NULL, 0, NULL, 1, 1, 0),
(374, 448, '255', 8, 10, NULL, NULL, NULL, 5, '2019-12-25', '2019-12-24 21:54:11', '2019-12-24 21:55:11', NULL, NULL, 0, '03:54:00', '12:00:00', NULL, NULL, 0, NULL, 1, 1, 0),
(375, 448, '255', 8, 10, NULL, NULL, NULL, 5, '2019-12-25', '2019-12-24 21:56:49', '2019-12-24 21:57:00', NULL, NULL, 0, '03:59:00', '12:00:00', NULL, NULL, 0, NULL, 1, 1, 0),
(376, 448, '250', 2, 31, NULL, 'لا', 'لا', 3, '2019-12-31', '2019-12-31 15:26:37', '2019-12-31 15:31:22', NULL, NULL, 0, '21:23:00', '12:00:00', NULL, NULL, 0, NULL, 1, 0, 0),
(377, 448, '250', 2, 31, NULL, NULL, 'لا', 5, '2020-01-07', '2019-12-31 15:38:02', '2019-12-31 15:38:36', NULL, NULL, 0, '21:23:00', '12:00:00', NULL, NULL, 0, NULL, 1, 0, 0),
(379, 448, '255', 11, 10, NULL, NULL, NULL, 6, '2019-12-31', '2019-12-31 15:41:17', '2019-12-31 15:44:37', NULL, NULL, 0, '22:39:00', '12:00:00', NULL, NULL, 0, NULL, 1, 1, 0),
(380, 448, '255', 11, 10, NULL, NULL, NULL, 3, '2019-12-31', '2019-12-31 15:48:16', '2019-12-31 15:49:07', NULL, NULL, 0, '22:50:00', '12:00:00', NULL, NULL, 0, NULL, 1, 1, 0),
(381, 448, '255', 11, 10, NULL, NULL, NULL, 4, '2019-12-31', '2019-12-31 15:51:29', '2019-12-31 15:51:40', NULL, NULL, 0, '23:50:00', '12:00:00', NULL, NULL, 0, NULL, 1, 1, 0),
(382, 448, '255', 11, 10, NULL, NULL, NULL, 5, '2019-12-31', '2019-12-31 16:13:13', '2019-12-31 16:13:27', NULL, NULL, 0, '23:11:00', '12:00:00', NULL, NULL, 0, NULL, 1, 1, 1),
(383, 448, '255', 11, 10, NULL, NULL, NULL, 5, '2019-12-31', '2019-12-31 16:21:49', '2019-12-31 16:35:15', NULL, NULL, 0, '22:21:00', '12:00:00', NULL, NULL, 0, NULL, 1, 1, 1),
(384, 447, '255', 11, 10, NULL, NULL, NULL, 1, '2019-12-31', '2019-12-31 16:56:28', '2019-12-31 16:56:57', NULL, NULL, 0, '07:39:00', '12:00:00', NULL, NULL, 0, NULL, 0, 1, 0),
(385, 447, '255', 11, 10, NULL, NULL, NULL, 5, '2020-01-02', '2019-12-31 17:04:09', '2019-12-31 17:04:22', NULL, NULL, 0, '21:03:00', '12:00:00', NULL, NULL, 0, NULL, 0, 1, 0),
(386, 447, '255', 11, 10, NULL, NULL, NULL, 5, '2020-01-02', '2019-12-31 17:12:16', '2019-12-31 17:12:44', NULL, NULL, 0, '22:10:00', '12:00:00', NULL, NULL, 0, NULL, 0, 1, 0),
(388, 447, '255', 8, 10, NULL, NULL, NULL, 5, '2020-01-01', '2019-12-31 17:16:08', '2019-12-31 17:16:56', NULL, NULL, 0, '09:15:00', '12:00:00', NULL, NULL, 0, NULL, 0, 1, 0),
(389, 447, '255', 7, 10, NULL, NULL, NULL, 5, '2020-01-01', '2019-12-31 17:30:44', '2019-12-31 17:31:30', NULL, NULL, 0, '21:30:00', '12:00:00', NULL, NULL, 0, NULL, 0, 1, 0),
(390, 447, '255', 5, 10, NULL, NULL, NULL, 5, '2019-12-31', '2019-12-31 17:34:33', '2019-12-31 17:34:49', NULL, NULL, 0, '22:45:00', '12:00:00', NULL, NULL, 0, NULL, 0, 0, 0),
(409, 465, ' 257', 2, 1, NULL, NULL, NULL, 0, '2020-04-01', '2020-01-27 14:29:09', '2020-01-27 14:29:09', NULL, NULL, 0, '09:00:00', '00:00:00', NULL, NULL, 0, NULL, 0, 0, 0),
(411, 465, ' 257', 2, 1, NULL, NULL, NULL, 0, '2020-04-01', '2020-01-27 14:35:55', '2020-01-27 14:35:55', NULL, NULL, 0, '09:00:00', '00:00:00', NULL, NULL, 0, NULL, 0, 0, 0),
(413, 465, ' 257', 2, 1, NULL, NULL, NULL, 0, '2020-04-01', '2020-01-27 14:36:10', '2020-01-27 14:36:10', NULL, NULL, 0, '09:00:00', '00:00:00', NULL, NULL, 0, NULL, 0, 0, 0),
(415, 465, ' 257', 2, 1, NULL, NULL, NULL, 0, '2020-04-01', '2020-01-27 14:36:38', '2020-01-27 14:36:38', NULL, NULL, 0, '09:00:00', '00:00:00', NULL, NULL, 0, NULL, 0, 0, 0),
(417, 465, ' 257', 2, 1, NULL, NULL, NULL, 0, '2020-04-01', '2020-01-27 14:36:43', '2020-01-27 14:36:43', NULL, NULL, 0, '09:00:00', '00:00:00', NULL, NULL, 0, NULL, 0, 0, 0),
(419, 465, ' 257', 2, 1, NULL, NULL, NULL, 0, '2020-04-01', '2020-01-27 14:39:21', '2020-01-27 14:39:21', NULL, NULL, 0, '09:00:00', '00:00:00', NULL, NULL, 0, NULL, 0, 0, 0),
(421, 465, ' 257', 2, 1, NULL, NULL, NULL, 0, '2020-04-01', '2020-01-27 14:48:36', '2020-01-27 14:48:36', NULL, NULL, 0, '09:00:00', '00:00:00', NULL, NULL, 0, NULL, 0, 0, 0),
(423, 465, ' 257', 2, 1, NULL, NULL, NULL, 0, '2020-04-01', '2020-01-27 14:49:26', '2020-01-27 14:49:26', NULL, NULL, 0, '09:00:00', '00:00:00', NULL, NULL, 0, NULL, 0, 0, 0),
(425, 465, ' 257', 2, 1, NULL, NULL, NULL, 0, '2020-04-01', '2020-01-27 14:51:00', '2020-01-27 14:51:00', NULL, NULL, 0, '09:00:00', '00:00:00', NULL, NULL, 0, NULL, 0, 0, 0),
(427, 465, ' 257', 2, 1, NULL, NULL, NULL, 0, '2020-04-01', '2020-01-27 14:52:14', '2020-01-27 14:52:14', NULL, NULL, 0, '09:00:00', '00:00:00', NULL, NULL, 0, NULL, 0, 0, 0),
(429, 465, ' 257', 2, 1, NULL, NULL, NULL, 0, '2020-04-01', '2020-01-27 15:28:50', '2020-01-27 15:28:50', NULL, NULL, 0, '09:00:00', '00:00:00', NULL, NULL, 0, NULL, 0, 0, 0),
(431, 465, ' 257', 2, 1, NULL, NULL, NULL, 0, '2020-04-01', '2020-01-27 15:30:21', '2020-01-27 15:30:21', NULL, NULL, 0, '09:00:00', '00:00:00', NULL, NULL, 0, NULL, 0, 0, 0),
(433, 465, ' 257', 2, 1, NULL, NULL, NULL, 0, '2020-04-01', '2020-01-27 15:30:38', '2020-01-27 15:30:38', 1, NULL, 0, '09:00:00', '00:00:00', NULL, NULL, 0, NULL, 0, 0, 0),
(435, 465, ' 257', 2, 1, NULL, NULL, NULL, 0, '2020-04-01', '2020-01-28 05:51:04', '2020-01-28 05:51:04', 1, NULL, 0, '09:00:00', '00:00:00', NULL, NULL, 0, NULL, 0, 0, 0),
(436, 465, '258', 2, 1, NULL, NULL, NULL, 3, '2020-04-01', '2020-01-28 06:25:23', '2020-01-29 12:15:33', 1, NULL, 0, '09:00:00', '00:00:00', NULL, NULL, 0, 'ddXUwSRsMPA:APA91bGFZHjiIGsfXm7EGi4nMxTCEfosQlBO-76lFZUPpBAKOyjIU_7v-j1IPK33qTT7qu7zGjiwW0sf73MLZLvWOeR-uSydFfs5Q2VLSF6cYBNpNf-9UG_a4yrND79_DAH2a0ELCVoT', 0, 0, 0),
(437, 465, ' 257', 2, 1, NULL, NULL, NULL, 0, '2020-04-01', '2020-01-28 06:25:24', '2020-01-28 06:25:24', 1, NULL, 0, '09:00:00', '00:00:00', NULL, NULL, 0, NULL, 0, 0, 0),
(439, 465, ' 257', 2, 1, NULL, NULL, NULL, 2, '2020-01-31', '2020-01-28 07:08:22', '2020-01-30 10:50:46', 1, NULL, 0, '09:00:00', '00:00:00', NULL, NULL, 0, NULL, 0, 0, 0);

-- --------------------------------------------------------

--
-- Table structure for table `followers`
--

DROP TABLE IF EXISTS `followers`;
CREATE TABLE IF NOT EXISTS `followers` (
  `id` bigint(20) UNSIGNED NOT NULL AUTO_INCREMENT,
  `name` varchar(255) COLLATE utf8mb4_unicode_ci NOT NULL,
  `nationality` int(11) DEFAULT NULL,
  `birthdate` date DEFAULT NULL,
  `gender` varchar(255) COLLATE utf8mb4_unicode_ci DEFAULT NULL,
  `created_at` timestamp NULL DEFAULT NULL,
  `updated_at` timestamp NULL DEFAULT NULL,
  `user_id` int(11) DEFAULT NULL,
  `relation` varchar(255) COLLATE utf8mb4_unicode_ci NOT NULL,
  PRIMARY KEY (`id`)
) ENGINE=InnoDB AUTO_INCREMENT=67 DEFAULT CHARSET=utf8mb4 COLLATE=utf8mb4_unicode_ci;

--
-- Dumping data for table `followers`
--

INSERT INTO `followers` (`id`, `name`, `nationality`, `birthdate`, `gender`, `created_at`, `updated_at`, `user_id`, `relation`) VALUES
(4, 'Ali', 0, '2008-02-01', 'ذكر', '2019-09-29 19:44:52', '2019-09-29 19:44:52', 465, 'اخ'),
(5, 'تسنيم', 0, '1992-01-01', 'انثى', '2019-10-12 07:42:58', '2019-10-12 07:42:58', 465, 'زوجة'),
(6, 'غنى', 0, '2014-10-12', 'انثى', '2019-10-12 07:43:32', '2019-10-12 07:43:32', 178, 'ابنة'),
(7, 'ديم', 0, '2016-10-12', 'انثى', '2019-10-12 07:43:55', '2019-10-12 07:43:55', 178, 'ابنة'),
(8, 'خديجة جمال باعقيل', 0, '1991-10-04', 'انثى', '2019-10-12 10:15:57', '2019-10-12 10:15:57', 179, 'زوجة'),
(9, 'نوف فياض', 0, '2019-10-12', 'انثى', '2019-10-12 11:56:16', '2019-10-12 11:56:16', 180, 'ام'),
(10, 'غيداء عائشة', 0, '1984-01-01', 'انثى', '2019-10-12 23:11:15', '2019-10-12 23:11:15', 189, 'زوجة'),
(11, 'مضر العساف', 0, '2009-10-19', 'ذكر', '2019-10-12 23:12:16', '2019-10-12 23:12:16', 189, 'ابن'),
(12, 'Sara', 0, '1990-05-25', 'انثى', '2019-10-13 03:59:01', '2019-10-13 03:59:01', 187, 'صديق'),
(13, 'دعاء', 0, '1994-03-18', 'ذكر', '2019-10-13 14:48:41', '2019-10-13 14:48:41', 211, 'زوجة'),
(14, 'نواف', 0, '2013-03-09', 'ذكر', '2019-10-13 16:29:28', '2019-10-13 16:29:28', 217, 'ابن'),
(15, 'ريما', 0, '2017-12-27', 'ذكر', '2019-10-13 16:30:22', '2019-10-13 16:30:22', 217, 'ابنة'),
(16, 'مشاعل', 0, '1991-08-24', 'ذكر', '2019-10-13 16:32:03', '2019-10-13 16:32:03', 217, 'زوجة'),
(17, 'وسن', 0, '2019-01-23', 'ذكر', '2019-10-13 16:32:35', '2019-10-13 16:32:35', 217, 'ابنة'),
(18, 'ريم', 0, '1985-10-08', 'انثى', '2019-10-14 00:23:03', '2019-10-14 00:23:03', 224, 'زوجة'),
(19, 'تركي', 0, '2014-10-14', 'ذكر', '2019-10-14 15:24:31', '2019-10-14 15:24:31', 241, 'صديق'),
(20, 'فيصل', 0, '2013-10-14', 'ذكر', '2019-10-14 15:25:14', '2019-10-14 15:25:14', 241, 'ابن'),
(21, 'جوري', 0, '2011-10-14', 'ذكر', '2019-10-14 15:25:42', '2019-10-14 15:25:42', 241, 'ابنة'),
(22, 'جود', 0, '2017-10-14', 'ذكر', '2019-10-14 15:26:14', '2019-10-14 15:26:14', 241, 'ابنة'),
(23, 'محمد', 0, '1986-10-14', 'ذكر', '2019-10-14 15:26:45', '2019-10-14 15:26:45', 241, 'زوج'),
(24, 'reham follower', 64, '2019-06-04', 'Female', '2019-10-15 06:33:01', '2019-10-15 06:33:01', 249, 'wife'),
(25, 'reham follower', 64, '2019-06-04', 'Female', '2019-10-15 06:33:38', '2019-10-15 06:33:38', 249, 'wife'),
(28, 'حنان فياض', 0, '2019-10-19', 'انثى', '2019-10-18 22:07:47', '2019-10-18 22:07:47', 180, 'اخ'),
(29, 'علي', 0, '2000-10-19', 'ذكر', '2019-10-19 16:53:18', '2019-10-19 16:53:18', 263, 'صديق'),
(30, 'ت', 0, '2019-10-21', 'ذكر', '2019-10-21 18:20:15', '2019-10-21 18:20:15', 263, 'صديق'),
(31, 'اسماء احمد الزهراني', 0, '1984-10-13', 'انثى', '2019-10-22 07:00:44', '2019-10-22 07:00:44', 232, 'زوجة'),
(33, 'عبدالله', 0, '2009-11-09', 'ذكر', '2019-11-09 18:51:02', '2019-11-09 18:51:02', 339, 'صديق'),
(34, 'باقر محمد النمر', 0, '2009-06-24', 'ذكر', '2019-11-13 09:08:38', '2019-11-13 09:08:38', 330, 'ابن'),
(35, 'جليل الحداد', 0, '1981-11-20', 'ذكر', '2019-11-16 09:12:02', '2019-11-16 09:12:02', 363, 'صديق'),
(36, 'عبدالله', 0, '2016-11-17', 'ذكر', '2019-11-17 13:18:43', '2019-11-17 13:18:43', 369, 'ابن'),
(37, 'فرح', 0, '2009-11-11', 'انثى', '2019-11-17 13:19:15', '2019-11-17 13:19:15', 369, 'ابنة'),
(38, 'Test', 0, '2019-11-18', 'ذكر', '2019-11-18 19:24:43', '2019-11-18 19:24:43', 354, 'زوجة'),
(39, 'زينب الحسن', 0, '1994-11-09', 'انثى', '2019-11-24 04:14:15', '2019-11-24 04:14:15', 380, 'زوجة'),
(40, 'محمد علي التريكي', 0, '2011-11-11', 'ذكر', '2019-11-24 04:14:52', '2019-11-24 04:14:52', 380, 'ابن'),
(41, 'Add', 0, '2019-11-30', 'ذكر', '2019-11-30 17:03:18', '2019-11-30 17:03:18', 207, 'صديق'),
(42, 'Add', 0, '2019-11-30', 'ذكر', '2019-11-30 17:08:06', '2019-11-30 17:08:06', 207, 'ابنة'),
(43, 'Test', 0, '1993-12-01', 'انثى', '2019-12-01 10:49:06', '2019-12-01 10:49:06', 388, 'ابنة'),
(44, 'عبدالله', 54, '2019-12-03', 'Male', '2019-12-19 13:54:48', '2019-12-19 13:54:48', 424, 'friend'),
(45, 'عبدالله', 194, '2010-03-04', NULL, '2019-12-21 17:29:02', '2019-12-21 17:29:02', 441, 'son'),
(46, 'فرح', 123, '2010-02-06', 'Female', '2019-12-21 17:30:40', '2019-12-21 17:30:40', 441, 'daughter'),
(47, 'محمد', 0, '2019-12-04', 'ذكر', '2019-12-21 17:32:18', '2019-12-21 17:32:18', 439, 'صديق'),
(48, 'عاي', 0, '2019-12-21', 'ذكر', '2019-12-21 17:32:36', '2019-12-21 17:32:36', 439, 'صديق'),
(49, 'تابع', 3, '1990-08-16', 'Male', '2019-12-22 16:08:51', '2019-12-22 16:08:51', 205, 'friend'),
(50, 'ahmad', 22, '2009-02-23', 'male', '2020-01-12 11:14:55', '2020-01-12 11:14:55', 465, 'اب'),
(51, 'ahmad', 22, '2009-02-23', 'male', '2020-01-12 11:42:46', '2020-01-12 11:42:46', 465, 'اب'),
(52, 'ahmad', 22, '2009-02-23', 'male', '2020-01-12 11:43:59', '2020-01-12 11:43:59', 465, 'اب'),
(53, 'ahmad', 22, '2009-02-23', 'male', '2020-01-12 12:04:16', '2020-01-12 12:04:16', 465, 'اب'),
(54, 'ahmad', 22, '2009-02-23', 'male', '2020-01-12 12:06:10', '2020-01-12 12:06:10', 465, 'اب'),
(55, 'ahmad', 22, '2009-02-23', 'male', '2020-01-12 12:06:36', '2020-01-12 12:06:36', 465, 'اب'),
(56, 'ahmad', 22, '2009-02-23', 'male', '2020-01-12 12:06:50', '2020-01-12 12:06:50', 465, 'اب'),
(57, 'ahmad', 22, '2009-02-23', 'male', '2020-01-12 12:08:05', '2020-01-12 12:08:05', 465, 'اب'),
(58, 'ahmad', 22, '2009-02-23', 'male', '2020-01-12 12:14:51', '2020-01-12 12:14:51', 465, 'اب'),
(59, 'ahmad', 22, '2009-02-23', 'male', '2020-01-12 12:15:28', '2020-01-12 12:15:28', 465, 'اب'),
(60, 'ahmad', 22, '2009-02-23', 'male', '2020-01-12 12:15:45', '2020-01-12 12:15:45', 465, 'اب'),
(61, 'ahmad', 22, '2009-02-23', 'male', '2020-01-12 12:17:54', '2020-01-12 12:17:54', 465, 'اب'),
(62, 'ahmad', 22, '2009-02-23', 'male', '2020-01-12 12:22:43', '2020-01-12 12:22:43', 465, 'اب'),
(63, 'ahmad', 22, '2009-02-23', 'male', '2020-01-12 12:23:58', '2020-01-12 12:23:58', 465, 'اب'),
(64, 'ahmad', 22, '2009-02-23', 'male', '2020-01-12 12:24:02', '2020-01-12 12:24:02', 465, 'اب'),
(65, 'ahmad', 22, '2009-02-23', 'male', '2020-01-12 12:24:53', '2020-01-12 12:24:53', 465, 'اب'),
(66, 'ahmad', 22, '2009-02-23', 'male', '2020-01-12 12:26:16', '2020-01-12 12:26:16', 465, 'اب');

-- --------------------------------------------------------

--
-- Table structure for table `hospitals`
--

DROP TABLE IF EXISTS `hospitals`;
CREATE TABLE IF NOT EXISTS `hospitals` (
  `id` bigint(20) UNSIGNED NOT NULL AUTO_INCREMENT,
  `hospital_name_ar` varchar(255) COLLATE utf8mb4_unicode_ci NOT NULL,
  `hospital_name_en` varchar(255) COLLATE utf8mb4_unicode_ci NOT NULL,
  `hospital_address_ar` varchar(255) COLLATE utf8mb4_unicode_ci NOT NULL,
  `hospital_address_en` varchar(255) COLLATE utf8mb4_unicode_ci NOT NULL,
  `created_at` timestamp NULL DEFAULT NULL,
  `updated_at` timestamp NULL DEFAULT NULL,
  `req_map_location` varchar(255) COLLATE utf8mb4_unicode_ci DEFAULT NULL,
  `req_location` double DEFAULT NULL,
  `city_id` int(11) NOT NULL,
  PRIMARY KEY (`id`)
) ENGINE=InnoDB AUTO_INCREMENT=32 DEFAULT CHARSET=utf8mb4 COLLATE=utf8mb4_unicode_ci;

--
-- Dumping data for table `hospitals`
--

INSERT INTO `hospitals` (`id`, `hospital_name_ar`, `hospital_name_en`, `hospital_address_ar`, `hospital_address_en`, `created_at`, `updated_at`, `req_map_location`, `req_location`, `city_id`) VALUES
(1, 'مستشفى جامعة الإمام عبدالرحمن الفيصل (حكومي-الشرقية)', 'Imam Abdulrahman Bin Faisal University Hospital ( Governmental-Eastern)', 'الدمام 34212', 'Dammam 34212', '2019-08-19 07:56:28', '2019-10-14 16:58:46', '26.3767,50.1940', NULL, 9),
(2, 'مستشفى جامعة الملك عبدالعزيز (حكومي-الغربية)', 'King Abdulaziz University Hospital (Governmental-West)', 'شارع الإحتفالات، جدة 22252', 'Al Ehtifalat St, Jeddah 22252', '2019-08-19 07:47:47', '2019-08-19 08:15:37', '26.4214,50.0812', NULL, 1),
(10, 'مستشفى جامعة أم القرى (حكومي-الغربية)', 'University of Umm Al-Qura Hospital (Governmental-West)', '2373، العوالي، مكة 24381', '2373، Al Awali, Makkah 24381', '2019-08-19 08:21:33', '2019-08-19 08:26:59', '26.4214,50.0812', NULL, 1),
(12, 'مستشفى جامعة طيبة (حكومي-الغربية)', 'Taibah University Hospital (Governmental-West)', 'الامير عبدالمجيد بن عبدالعزيز، بني معاوية، المدينة المنورة 42313', 'Prince Abdulmajeed Ibn Abdulaziz, Bani Muawiyah, Medina 42313', '2019-08-19 08:30:20', '2019-08-19 08:30:20', '26.4214,50.0812', NULL, 1),
(15, 'مستشفى جامعة الطائف (حكومي-الغربية)', 'Taif University Hospital (Governmental-West)', '8317، الحوية، الطائف 26571', '8317، Al Hawiyah, At Taif 26571', '2019-08-19 08:48:23', '2019-08-19 08:48:23', '26.4214,50.0812', NULL, 1),
(19, 'مستشفى جامعة الملك فيصل (حكومي-الشرقية)', 'King Faisal University Hospital (Governmental-Eastern)', '7828 شارع الامير فيصل بن فهد بن عبدالعزيز, الهفوف‎، الهفوف والمبرز 36362', '7828 شارع الامير فيصل بن فهد بن عبدالعزيز, الهفوف‎، الهفوف والمبرز 36362', '2019-08-19 10:47:07', '2019-08-19 10:58:47', '26.4214,50.0812', NULL, 9),
(26, 'كلية ابن سينا (خاص-الغربية)', 'Ibn Sina National College Hospital (Private-West)', '4952 المحجر، حي غليل, جدة 22413', '4952 المحجر، حي غليل, جدة 22413', '2019-08-19 12:56:24', '2019-08-19 12:56:24', '26.4214,50.0812', NULL, 1),
(28, 'مستشفى كلية الفارابي- جدة (خاص - الغربية)', 'Al Farabi Private College Hospital Jeddah (Private-West)', 'طريق الرحمانية، الريان، Saudi، جدة 23643', 'طريق الرحمانية، الريان، Saudi، جدة 23643', '2019-08-19 13:33:37', '2019-08-19 13:33:37', '26.4214,50.0812', NULL, 1),
(31, 'كلية البترجي (خاص-الغربية)', 'Batterjee Medical College Hospital (Private-West)', 'Obhur، أبحر الشمالية، Prince Abdullah Al-Faisal Street, North، جدة 23819', 'Obhur، أبحر الشمالية، Prince Abdullah Al-Faisal Street, North، جدة 23819', '2019-08-19 13:45:34', '2019-08-19 13:45:34', '26.4214,50.0812', NULL, 1);

-- --------------------------------------------------------

--
-- Table structure for table `lexx_messages`
--

DROP TABLE IF EXISTS `lexx_messages`;
CREATE TABLE IF NOT EXISTS `lexx_messages` (
  `id` int(10) UNSIGNED NOT NULL AUTO_INCREMENT,
  `thread_id` int(10) UNSIGNED NOT NULL,
  `user_id` int(10) UNSIGNED NOT NULL,
  `type` tinyint(1) NOT NULL,
  `body` text COLLATE utf8mb4_unicode_ci NOT NULL,
  `created_at` timestamp NULL DEFAULT NULL,
  `updated_at` timestamp NULL DEFAULT NULL,
  `deleted_at` timestamp NULL DEFAULT NULL,
  `device_id` varchar(250) COLLATE utf8mb4_unicode_ci DEFAULT NULL,
  PRIMARY KEY (`id`)
) ENGINE=InnoDB AUTO_INCREMENT=215 DEFAULT CHARSET=utf8mb4 COLLATE=utf8mb4_unicode_ci;

--
-- Dumping data for table `lexx_messages`
--

INSERT INTO `lexx_messages` (`id`, `thread_id`, `user_id`, `type`, `body`, `created_at`, `updated_at`, `deleted_at`, `device_id`) VALUES
(1, 1, 153, 1, 'مرحبا يمكنك بدأ المحادثة', '2019-10-10 15:06:28', '2019-10-10 15:06:28', NULL, NULL),
(2, 1, 153, 1, 'Hi', '2019-10-10 15:06:37', '2019-10-10 15:06:37', NULL, NULL),
(3, 2, 155, 1, 'مرحبا يمكنك بدأ المحادثة', '2019-10-10 18:15:22', '2019-10-10 18:15:22', NULL, NULL),
(4, 2, 155, 1, 'اهلا', '2019-10-10 18:26:56', '2019-10-10 18:26:56', NULL, NULL),
(5, 2, 155, 1, 'اهلا', '2019-10-10 18:26:59', '2019-10-10 18:26:59', NULL, NULL),
(6, 2, 166, 2, 'هلا', '2019-10-10 18:27:24', '2019-10-10 18:27:24', NULL, NULL),
(7, 2, 155, 1, 'ارسل صورة زنمتك', '2019-10-10 18:27:47', '2019-10-10 18:27:47', NULL, NULL),
(8, 2, 166, 2, 'انا تعبان يادكتور', '2019-10-10 18:27:48', '2019-10-10 18:27:48', NULL, NULL),
(9, 2, 166, 2, 'هههه', '2019-10-10 18:28:12', '2019-10-10 18:28:12', NULL, NULL),
(10, 3, 154, 1, 'مرحبا يمكنك بدأ المحادثة', '2019-10-10 19:21:47', '2019-10-10 19:21:47', NULL, NULL),
(11, 4, 154, 1, 'مرحبا يمكنك بدأ المحادثة', '2019-10-12 21:44:00', '2019-10-12 21:44:00', NULL, NULL),
(12, 5, 154, 1, 'مرحبا يمكنك بدأ المحادثة', '2019-10-12 21:45:59', '2019-10-12 21:45:59', NULL, NULL),
(15, 7, 249, 2, 'testtttttttttttt', '2019-10-15 06:45:09', '2019-10-15 06:45:09', NULL, NULL),
(16, 7, 249, 2, 'testtt', '2019-10-15 06:45:27', '2019-10-15 06:45:27', NULL, NULL),
(17, 7, 249, 2, 'testtttttt', '2019-10-15 06:45:41', '2019-10-15 06:45:41', NULL, NULL),
(18, 7, 249, 2, 'tttttttttttttttt', '2019-10-15 06:46:07', '2019-10-15 06:46:07', NULL, NULL),
(19, 8, 154, 1, 'مرحبابكيمكنكبدأالمحادثة', '2019-10-15 09:31:52', '2019-10-15 09:31:52', NULL, NULL),
(20, 4, 154, 1, 'السلام عليكم', '2019-10-15 09:38:32', '2019-10-15 09:38:32', NULL, NULL),
(24, 9, 251, 2, 'اهلا بك', '2019-10-15 11:01:13', '2019-10-15 11:01:13', NULL, NULL),
(25, 9, 251, 2, 'مرحبا', '2019-10-15 11:01:43', '2019-10-15 11:01:43', NULL, NULL),
(37, 21, 162, 1, 'مرحبا يمكنك بدأ المحادثة', '2019-10-17 14:18:09', '2019-10-17 14:18:09', NULL, NULL),
(39, 23, 172, 1, 'مرحبا بك', '2019-10-21 05:51:17', '2019-10-21 05:51:17', NULL, NULL),
(40, 24, 172, 1, 'مرحبا بك', '2019-10-21 05:51:46', '2019-10-21 05:51:46', NULL, NULL),
(41, 25, 172, 1, 'مرحبا بك', '2019-10-21 05:57:06', '2019-10-21 05:57:06', NULL, NULL),
(49, 27, 339, 2, 'هلا', '2019-11-09 18:48:43', '2019-11-09 18:48:43', NULL, NULL),
(53, 27, 339, 2, 'عليكم', '2019-11-10 05:56:52', '2019-11-10 05:56:52', NULL, NULL),
(76, 47, 382, 2, 'اهلا', '2019-11-28 00:51:38', '2019-11-28 00:51:38', NULL, NULL),
(83, 54, 389, 2, 'تست', '2019-12-01 14:54:31', '2019-12-01 14:54:31', NULL, NULL),
(84, 54, 389, 2, 'هاى', '2019-12-01 14:54:34', '2019-12-01 14:54:34', NULL, NULL),
(85, 54, 389, 2, 'How are you', '2019-12-01 14:54:39', '2019-12-01 14:54:39', NULL, NULL),
(93, 60, 339, 2, 'هلا', '2019-12-07 20:01:03', '2019-12-07 20:01:03', NULL, NULL),
(95, 60, 339, 2, 'مراحب', '2019-12-07 20:02:21', '2019-12-07 20:02:21', NULL, NULL),
(98, 60, 339, 2, 'هلا', '2019-12-07 20:05:58', '2019-12-07 20:05:58', NULL, NULL),
(99, 60, 339, 2, 'هلا', '2019-12-07 20:06:24', '2019-12-07 20:06:24', NULL, NULL),
(100, 60, 339, 2, 'هلا', '2019-12-07 20:13:31', '2019-12-07 20:13:31', NULL, NULL),
(101, 60, 339, 2, 'هلا', '2019-12-07 20:13:52', '2019-12-07 20:13:52', NULL, NULL),
(102, 60, 339, 2, 'نعم', '2019-12-07 20:14:25', '2019-12-07 20:14:25', NULL, NULL),
(110, 64, 172, 1, 'مرحبا بك', '2019-12-08 17:30:01', '2019-12-08 17:30:01', NULL, NULL),
(117, 70, 409, 2, 'اهلا', '2019-12-12 11:37:20', '2019-12-12 11:37:20', NULL, NULL),
(131, 75, 418, 2, 'ازيك', '2019-12-16 09:01:48', '2019-12-16 09:01:48', NULL, NULL),
(143, 91, 424, 2, 'مرحبا', '2019-12-19 14:00:46', '2019-12-19 14:00:46', NULL, NULL),
(159, 106, 254, 1, 'مرحبا بك', '2019-12-22 11:46:15', '2019-12-22 11:46:15', NULL, NULL),
(160, 107, 254, 1, 'مرحبا بك', '2019-12-22 11:51:34', '2019-12-22 11:51:34', NULL, NULL),
(161, 108, 254, 1, 'مرحبا بك', '2019-12-22 12:02:06', '2019-12-22 12:02:06', NULL, NULL),
(162, 109, 254, 1, 'مرحبا بك', '2019-12-22 12:26:15', '2019-12-22 12:26:15', NULL, NULL),
(163, 110, 254, 1, 'مرحبا بك', '2019-12-22 12:30:05', '2019-12-22 12:30:05', NULL, NULL),
(164, 111, 254, 1, 'مرحبا بك', '2019-12-22 12:33:12', '2019-12-22 12:33:12', NULL, NULL),
(165, 112, 254, 1, 'مرحبا بك', '2019-12-22 12:38:24', '2019-12-22 12:38:24', NULL, NULL),
(166, 113, 254, 1, 'مرحبا بك', '2019-12-22 12:43:36', '2019-12-22 12:43:36', NULL, NULL),
(167, 114, 250, 1, 'مرحبا بك', '2019-12-23 02:27:27', '2019-12-23 02:27:27', NULL, NULL),
(168, 115, 250, 1, 'مرحبا بك', '2019-12-23 02:36:26', '2019-12-23 02:36:26', NULL, NULL),
(169, 116, 250, 1, 'مرحبا بك', '2019-12-23 02:46:41', '2019-12-23 02:46:41', NULL, NULL),
(170, 117, 254, 1, 'مرحبا بك', '2019-12-23 03:15:15', '2019-12-23 03:15:15', NULL, NULL),
(171, 118, 254, 1, 'مرحبا بك', '2019-12-23 03:16:01', '2019-12-23 03:16:01', NULL, NULL),
(172, 119, 254, 1, 'مرحبا بك', '2019-12-23 03:22:54', '2019-12-23 03:22:54', NULL, NULL),
(173, 120, 255, 1, 'مرحبا بك', '2019-12-23 16:03:10', '2019-12-23 16:03:10', NULL, NULL),
(174, 121, 255, 1, 'مرحبا بك', '2019-12-23 16:12:42', '2019-12-23 16:12:42', NULL, NULL),
(175, 122, 255, 1, 'مرحبا بك', '2019-12-23 16:16:36', '2019-12-23 16:16:36', NULL, NULL),
(176, 123, 255, 1, 'مرحبا بك', '2019-12-23 17:52:29', '2019-12-23 17:52:29', NULL, NULL),
(177, 124, 250, 1, 'مرحبا بك', '2019-12-23 18:51:24', '2019-12-23 18:51:24', NULL, NULL),
(178, 125, 250, 1, 'مرحبا بك', '2019-12-23 19:37:16', '2019-12-23 19:37:16', NULL, NULL),
(179, 126, 250, 1, 'مرحبا بك', '2019-12-23 19:40:26', '2019-12-23 19:40:26', NULL, NULL),
(180, 127, 250, 1, 'مرحبا بك', '2019-12-23 19:42:51', '2019-12-23 19:42:51', NULL, NULL),
(181, 128, 250, 1, 'مرحبا بك', '2019-12-23 19:43:09', '2019-12-23 19:43:09', NULL, NULL),
(182, 129, 250, 1, 'مرحبا بك', '2019-12-23 19:43:32', '2019-12-23 19:43:32', NULL, NULL),
(183, 130, 250, 1, 'مرحبا يمكنك بدأ المحادثة', '2019-12-23 22:38:36', '2019-12-23 22:38:36', NULL, NULL),
(184, 131, 250, 1, 'مرحبا يمكنك بدأ المحادثة', '2019-12-23 22:54:49', '2019-12-23 22:54:49', NULL, NULL),
(185, 132, 250, 1, 'مرحبا يمكنك بدأ المحادثة', '2019-12-23 23:04:19', '2019-12-23 23:04:19', NULL, NULL),
(186, 133, 255, 1, 'مرحبا بك', '2019-12-24 15:10:40', '2019-12-24 15:10:40', NULL, NULL),
(187, 134, 255, 1, 'مرحبا بك', '2019-12-24 15:29:20', '2019-12-24 15:29:20', NULL, NULL),
(188, 135, 255, 1, 'مرحبا بك', '2019-12-24 21:05:07', '2019-12-24 21:05:07', NULL, NULL),
(189, 136, 255, 1, 'مرحبا بك', '2019-12-24 21:21:21', '2019-12-24 21:21:21', NULL, NULL),
(190, 137, 255, 1, 'مرحبا بك', '2019-12-24 21:33:08', '2019-12-24 21:33:08', NULL, NULL),
(191, 138, 255, 1, 'مرحبا بك', '2019-12-24 21:36:30', '2019-12-24 21:36:30', NULL, NULL),
(192, 139, 255, 1, 'مرحبا بك', '2019-12-24 21:38:24', '2019-12-24 21:38:24', NULL, NULL),
(193, 140, 255, 1, 'مرحبا بك', '2019-12-24 21:46:55', '2019-12-24 21:46:55', NULL, NULL),
(194, 141, 255, 1, 'مرحبا بك', '2019-12-24 21:49:37', '2019-12-24 21:49:37', NULL, NULL),
(195, 142, 255, 1, 'مرحبا بك', '2019-12-24 21:54:26', '2019-12-24 21:54:26', NULL, NULL),
(196, 143, 255, 1, 'مرحبا بك', '2019-12-24 21:57:00', '2019-12-24 21:57:00', NULL, NULL),
(197, 144, 255, 1, 'مرحبا بك', '2019-12-31 15:51:40', '2019-12-31 15:51:40', NULL, NULL),
(198, 145, 255, 1, 'مرحبا بك', '2019-12-31 16:13:27', '2019-12-31 16:13:27', NULL, NULL),
(199, 146, 255, 1, 'مرحبا بك', '2019-12-31 16:21:58', '2019-12-31 16:21:58', NULL, NULL),
(200, 147, 255, 1, 'مرحبا بك', '2019-12-31 16:56:57', '2019-12-31 16:56:57', NULL, NULL),
(201, 148, 255, 1, 'مرحبا بك', '2019-12-31 17:04:22', '2019-12-31 17:04:22', NULL, NULL),
(202, 149, 255, 1, 'مرحبا بك', '2019-12-31 17:12:44', '2019-12-31 17:12:44', NULL, NULL),
(203, 150, 255, 1, 'مرحبا بك', '2019-12-31 17:31:30', '2019-12-31 17:31:30', NULL, NULL),
(204, 151, 255, 1, 'مرحبا بك', '2019-12-31 17:34:49', '2019-12-31 17:34:49', NULL, NULL),
(205, 154, 258, 1, 'مرحبا يمكنك بدأ المحادثة', NULL, NULL, NULL, NULL),
(206, 155, 258, 1, 'مرحبا يمكنك بدأ المحادثة', NULL, NULL, NULL, NULL),
(207, 156, 258, 1, 'مرحبا يمكنك بدأ المحادثة ', NULL, NULL, NULL, NULL),
(208, 157, 258, 1, 'مرحبا يمكنك بدأ المحادثة ', NULL, NULL, NULL, NULL),
(209, 158, 258, 1, 'مرحبا يمكنك بدأ المحادثة ', NULL, NULL, NULL, NULL),
(210, 159, 258, 1, 'مرحبا يمكنك بدأ المحادثة ', NULL, NULL, NULL, NULL),
(211, 160, 258, 1, 'مرحبا يمكنك بدأ المحادثة ', NULL, NULL, NULL, NULL),
(212, 161, 258, 1, 'مرحبا يمكنك بدأ المحادثة ', '2020-01-29 10:02:13', '2020-01-29 10:02:13', NULL, NULL),
(213, 162, 258, 1, 'مرحبا يمكنك بدأ المحادثة ', '2020-01-29 10:06:49', '2020-01-29 10:06:49', NULL, NULL),
(214, 163, 258, 1, 'مرحبا يمكنك بدأ المحادثة ', '2020-01-29 12:12:35', '2020-01-29 12:12:35', NULL, NULL);

-- --------------------------------------------------------

--
-- Table structure for table `lexx_participants`
--

DROP TABLE IF EXISTS `lexx_participants`;
CREATE TABLE IF NOT EXISTS `lexx_participants` (
  `id` int(10) UNSIGNED NOT NULL AUTO_INCREMENT,
  `thread_id` int(10) UNSIGNED NOT NULL,
  `user_id` int(10) UNSIGNED NOT NULL,
  `type` tinyint(4) NOT NULL,
  `last_read` timestamp NULL DEFAULT NULL,
  `created_at` timestamp NULL DEFAULT NULL,
  `updated_at` timestamp NULL DEFAULT NULL,
  `deleted_at` timestamp NULL DEFAULT NULL,
  PRIMARY KEY (`id`)
) ENGINE=InnoDB AUTO_INCREMENT=317 DEFAULT CHARSET=utf8mb4 COLLATE=utf8mb4_unicode_ci;

--
-- Dumping data for table `lexx_participants`
--

INSERT INTO `lexx_participants` (`id`, `thread_id`, `user_id`, `type`, `last_read`, `created_at`, `updated_at`, `deleted_at`) VALUES
(1, 1, 155, 2, '2019-10-09 22:00:00', '2019-10-10 15:06:28', '2019-10-10 15:06:28', NULL),
(2, 1, 153, 1, '2019-10-10 15:07:13', '2019-10-10 15:06:28', '2019-10-10 15:07:13', NULL),
(3, 2, 166, 2, '2019-10-15 09:43:49', '2019-10-10 18:15:22', '2019-10-15 09:43:49', NULL),
(4, 2, 155, 1, '2019-10-10 18:28:33', '2019-10-10 18:15:22', '2019-10-10 18:28:33', NULL),
(5, 3, 166, 2, '2019-10-09 22:00:00', '2019-10-10 19:21:47', '2019-10-10 19:21:47', NULL),
(6, 3, 154, 1, '2019-10-09 22:00:00', '2019-10-10 19:21:47', '2019-10-10 19:21:47', NULL),
(7, 4, 166, 2, '2019-10-11 22:00:00', '2019-10-12 21:44:00', '2019-10-12 21:44:00', NULL),
(8, 4, 154, 1, '2019-10-15 09:38:32', '2019-10-12 21:44:00', '2019-10-15 09:38:32', NULL),
(9, 5, 166, 2, '2019-10-11 22:00:00', '2019-10-12 21:45:59', '2019-10-12 21:45:59', NULL),
(10, 5, 154, 1, '2019-10-11 22:00:00', '2019-10-12 21:45:59', '2019-10-12 21:45:59', NULL),
(11, 6, 207, 2, '2019-10-12 22:00:00', '2019-10-13 13:04:46', '2019-10-13 13:04:46', NULL),
(13, 7, 249, 2, '2019-10-16 11:19:15', '2019-10-15 06:42:30', '2019-10-16 11:19:15', NULL),
(15, 8, 166, 2, '2019-10-14 22:00:00', '2019-10-15 09:31:52', '2019-10-15 09:31:52', NULL),
(16, 8, 154, 1, '2019-10-14 22:00:00', '2019-10-15 09:31:52', '2019-10-15 09:31:52', NULL),
(17, 9, 251, 2, '2019-10-15 11:11:47', '2019-10-15 10:55:48', '2019-10-15 11:11:47', NULL),
(19, 10, 251, 2, '2019-10-14 22:00:00', '2019-10-15 10:57:15', '2019-10-15 10:57:15', NULL),
(21, 11, 251, 2, '2019-10-14 22:00:00', '2019-10-15 11:05:49', '2019-10-15 11:05:49', NULL),
(23, 12, 251, 2, '2019-10-15 22:00:00', '2019-10-16 04:50:36', '2019-10-16 04:50:36', NULL),
(25, 13, 251, 2, '2019-10-15 22:00:00', '2019-10-16 04:51:59', '2019-10-16 04:51:59', NULL),
(27, 14, 251, 2, '2019-10-15 22:00:00', '2019-10-16 04:52:02', '2019-10-16 04:52:02', NULL),
(29, 15, 251, 2, '2019-10-15 22:00:00', '2019-10-16 04:54:29', '2019-10-16 04:54:29', NULL),
(31, 16, 251, 2, '2019-10-15 22:00:00', '2019-10-16 04:54:59', '2019-10-16 04:54:59', NULL),
(33, 17, 249, 2, '2019-10-15 22:00:00', '2019-10-16 08:31:41', '2019-10-16 08:31:41', NULL),
(35, 18, 249, 2, '2019-10-15 22:00:00', '2019-10-16 11:18:50', '2019-10-16 11:18:50', NULL),
(37, 19, 207, 2, '2019-10-15 22:00:00', '2019-10-16 12:14:41', '2019-10-16 12:14:41', NULL),
(39, 20, 207, 2, '2019-10-15 22:00:00', '2019-10-16 12:20:27', '2019-10-16 12:20:27', NULL),
(41, 21, 249, 2, '2019-10-16 22:00:00', '2019-10-17 14:18:09', '2019-10-17 14:18:09', NULL),
(42, 21, 162, 1, '2019-10-20 06:08:36', '2019-10-17 14:18:09', '2019-10-20 06:08:36', NULL),
(43, 22, 207, 2, '2019-10-19 22:00:00', '2019-10-20 07:06:53', '2019-10-20 07:06:53', NULL),
(45, 23, 264, 2, '2019-10-20 22:00:00', '2019-10-21 05:51:17', '2019-10-21 05:51:17', NULL),
(46, 23, 172, 1, '2019-10-21 05:56:22', '2019-10-21 05:51:17', '2019-10-21 05:56:22', NULL),
(47, 24, 268, 2, '2019-10-20 22:00:00', '2019-10-21 05:51:46', '2019-10-21 05:51:46', NULL),
(48, 24, 172, 1, '2019-10-20 22:00:00', '2019-10-21 05:51:46', '2019-10-21 05:51:46', NULL),
(49, 25, 207, 2, '2019-10-20 22:00:00', '2019-10-21 05:57:06', '2019-10-21 05:57:06', NULL),
(50, 25, 172, 1, '2019-10-20 22:00:00', '2019-10-21 05:57:06', '2019-10-21 05:57:06', NULL),
(51, 26, 339, 2, '2019-11-08 23:00:00', '2019-11-09 17:39:17', '2019-11-09 17:39:17', NULL),
(53, 27, 339, 2, '2019-11-11 15:08:08', '2019-11-09 18:12:28', '2019-11-11 15:08:08', NULL),
(55, 28, 339, 2, '2019-11-08 23:00:00', '2019-11-09 18:39:31', '2019-11-09 18:39:31', NULL),
(57, 29, 339, 2, '2019-11-09 23:00:00', '2019-11-10 07:25:52', '2019-11-10 07:25:52', NULL),
(59, 30, 339, 2, '2019-11-26 15:11:58', '2019-11-10 07:34:02', '2019-11-26 15:11:58', NULL),
(61, 31, 339, 2, '2019-11-10 23:00:00', '2019-11-11 17:17:46', '2019-11-11 17:17:46', NULL),
(63, 32, 339, 2, '2019-11-10 23:00:00', '2019-11-11 17:18:46', '2019-11-11 17:18:46', NULL),
(65, 33, 339, 2, '2019-11-10 23:00:00', '2019-11-11 17:22:54', '2019-11-11 17:22:54', NULL),
(67, 34, 339, 2, '2019-11-10 23:00:00', '2019-11-11 17:29:10', '2019-11-11 17:29:10', NULL),
(69, 35, 369, 2, '2019-11-16 23:00:00', '2019-11-17 13:12:43', '2019-11-17 13:12:43', NULL),
(71, 36, 369, 2, '2019-11-16 23:00:00', '2019-11-17 13:31:45', '2019-11-17 13:31:45', NULL),
(73, 37, 369, 2, '2019-11-16 23:00:00', '2019-11-17 16:23:19', '2019-11-17 16:23:19', NULL),
(75, 38, 369, 2, '2019-11-16 23:00:00', '2019-11-17 16:31:25', '2019-11-17 16:31:25', NULL),
(77, 39, 339, 2, '2019-11-16 23:00:00', '2019-11-17 17:59:29', '2019-11-17 17:59:29', NULL),
(79, 40, 339, 2, '2019-11-16 23:00:00', '2019-11-17 18:06:15', '2019-11-17 18:06:15', NULL),
(81, 41, 382, 2, '2019-11-24 23:00:00', '2019-11-25 11:46:05', '2019-11-25 11:46:05', NULL),
(83, 42, 382, 2, '2019-11-24 23:00:00', '2019-11-25 12:44:19', '2019-11-25 12:44:19', NULL),
(85, 43, 382, 2, '2019-11-24 23:00:00', '2019-11-25 12:45:58', '2019-11-25 12:45:58', NULL),
(87, 44, 382, 2, '2019-11-24 23:00:00', '2019-11-25 12:58:59', '2019-11-25 12:58:59', NULL),
(89, 45, 382, 2, '2019-11-24 23:00:00', '2019-11-25 13:01:30', '2019-11-25 13:01:30', NULL),
(91, 46, 382, 2, '2019-11-24 23:00:00', '2019-11-25 14:03:12', '2019-11-25 14:03:12', NULL),
(93, 47, 382, 2, '2019-11-28 00:52:55', '2019-11-28 00:41:53', '2019-11-28 00:52:55', NULL),
(95, 48, 382, 2, '2019-11-27 23:00:00', '2019-11-28 00:49:24', '2019-11-28 00:49:24', NULL),
(97, 49, 382, 2, '2019-11-27 23:00:00', '2019-11-28 00:58:20', '2019-11-28 00:58:20', NULL),
(99, 50, 382, 2, '2019-11-27 23:00:00', '2019-11-28 01:13:33', '2019-11-28 01:13:33', NULL),
(101, 51, 382, 2, '2019-11-27 23:00:00', '2019-11-28 01:26:37', '2019-11-28 01:26:37', NULL),
(103, 52, 382, 2, '2019-11-27 23:00:00', '2019-11-28 01:31:24', '2019-11-28 01:31:24', NULL),
(105, 53, 382, 2, '2019-11-27 23:00:00', '2019-11-28 01:43:41', '2019-11-28 01:43:41', NULL),
(107, 54, 389, 2, '2019-12-01 14:54:49', '2019-12-01 14:53:38', '2019-12-01 14:54:49', NULL),
(109, 55, 339, 2, '2019-11-30 23:00:00', '2019-12-01 18:23:32', '2019-12-01 18:23:32', NULL),
(111, 56, 339, 2, '2019-11-30 23:00:00', '2019-12-01 19:05:18', '2019-12-01 19:05:18', NULL),
(113, 57, 339, 2, '2019-11-30 23:00:00', '2019-12-01 19:26:29', '2019-12-01 19:26:29', NULL),
(115, 58, 339, 2, '2019-11-30 23:00:00', '2019-12-01 19:28:19', '2019-12-01 19:28:19', NULL),
(117, 59, 339, 2, '2019-11-30 23:00:00', '2019-12-01 21:41:21', '2019-12-01 21:41:21', NULL),
(119, 60, 339, 2, '2019-12-07 20:25:02', '2019-12-07 19:59:49', '2019-12-07 20:25:02', NULL),
(121, 61, 339, 2, '2019-12-06 23:00:00', '2019-12-07 20:38:20', '2019-12-07 20:38:20', NULL),
(123, 62, 405, 2, '2019-12-07 23:00:00', '2019-12-08 12:16:47', '2019-12-08 12:16:47', NULL),
(125, 63, 339, 2, '2019-12-07 23:00:00', '2019-12-08 15:20:43', '2019-12-08 15:20:43', NULL),
(127, 64, 339, 2, '2019-12-07 23:00:00', '2019-12-08 17:30:01', '2019-12-08 17:30:01', NULL),
(128, 64, 172, 1, '2019-12-08 17:41:19', '2019-12-08 17:30:01', '2019-12-08 17:41:19', NULL),
(129, 65, 339, 2, '2019-12-08 23:00:00', '2019-12-09 13:54:16', '2019-12-09 13:54:16', NULL),
(131, 66, 339, 2, '2019-12-08 23:00:00', '2019-12-09 13:56:55', '2019-12-09 13:56:55', NULL),
(133, 67, 339, 2, '2019-12-08 23:00:00', '2019-12-09 13:58:21', '2019-12-09 13:58:21', NULL),
(135, 68, 409, 2, '2019-12-12 11:48:37', '2019-12-12 10:07:24', '2019-12-12 11:48:37', NULL),
(137, 69, 409, 2, '2019-12-11 23:00:00', '2019-12-12 11:30:14', '2019-12-12 11:30:14', NULL),
(139, 70, 409, 2, '2019-12-12 11:41:27', '2019-12-12 11:35:06', '2019-12-12 11:41:27', NULL),
(141, 71, 409, 2, '2019-12-11 23:00:00', '2019-12-12 11:56:15', '2019-12-12 11:56:15', NULL),
(143, 72, 409, 2, '2019-12-11 23:00:00', '2019-12-12 11:58:20', '2019-12-12 11:58:20', NULL),
(145, 73, 409, 2, '2019-12-14 23:00:00', '2019-12-15 05:30:33', '2019-12-15 05:30:33', NULL),
(147, 74, 409, 2, '2019-12-14 23:00:00', '2019-12-15 05:48:11', '2019-12-15 05:48:11', NULL),
(149, 75, 418, 2, '2019-12-16 09:13:18', '2019-12-15 13:37:42', '2019-12-16 09:13:18', NULL),
(151, 76, 418, 2, '2019-12-14 23:00:00', '2019-12-15 14:00:14', '2019-12-15 14:00:14', NULL),
(153, 77, 418, 2, '2019-12-14 23:00:00', '2019-12-15 14:07:13', '2019-12-15 14:07:13', NULL),
(155, 78, 418, 2, '2019-12-15 23:00:00', '2019-12-16 05:38:09', '2019-12-16 05:38:09', NULL),
(157, 79, 418, 2, '2019-12-15 23:00:00', '2019-12-16 06:41:39', '2019-12-16 06:41:39', NULL),
(159, 80, 418, 2, '2019-12-15 23:00:00', '2019-12-16 06:44:51', '2019-12-16 06:44:51', NULL),
(161, 81, 418, 2, '2019-12-15 23:00:00', '2019-12-16 06:49:45', '2019-12-16 06:49:45', NULL),
(163, 82, 418, 2, '2019-12-15 23:00:00', '2019-12-16 09:50:05', '2019-12-16 09:50:05', NULL),
(165, 83, 418, 2, '2019-12-15 23:00:00', '2019-12-16 09:57:05', '2019-12-16 09:57:05', NULL),
(167, 84, 418, 2, '2019-12-15 23:00:00', '2019-12-16 10:09:13', '2019-12-16 10:09:13', NULL),
(169, 85, 418, 2, '2019-12-15 23:00:00', '2019-12-16 18:30:54', '2019-12-16 18:30:54', NULL),
(171, 86, 418, 2, '2019-12-15 23:00:00', '2019-12-16 18:43:41', '2019-12-16 18:43:41', NULL),
(173, 87, 418, 2, '2019-12-15 23:00:00', '2019-12-16 19:07:53', '2019-12-16 19:07:53', NULL),
(175, 88, 418, 2, '2019-12-15 23:00:00', '2019-12-16 19:16:20', '2019-12-16 19:16:20', NULL),
(177, 89, 420, 2, '2019-12-18 23:00:00', '2019-12-19 08:24:29', '2019-12-19 08:24:29', NULL),
(179, 90, 422, 2, '2019-12-18 23:00:00', '2019-12-19 12:21:44', '2019-12-19 12:21:44', NULL),
(181, 91, 424, 2, '2019-12-19 14:02:23', '2019-12-19 13:59:00', '2019-12-19 14:02:23', NULL),
(183, 92, 439, 2, '2019-12-20 23:00:00', '2019-12-21 18:08:32', '2019-12-21 18:08:32', NULL),
(185, 93, 441, 2, '2019-12-20 23:00:00', '2019-12-21 18:10:59', '2019-12-21 18:10:59', NULL),
(187, 94, 441, 2, '2019-12-20 23:00:00', '2019-12-21 19:00:57', '2019-12-21 19:00:57', NULL),
(189, 95, 442, 2, '2019-12-20 23:00:00', '2019-12-21 19:42:08', '2019-12-21 19:42:08', NULL),
(191, 96, 442, 2, '2019-12-20 23:00:00', '2019-12-21 19:44:32', '2019-12-21 19:44:32', NULL),
(193, 97, 442, 2, '2019-12-20 23:00:00', '2019-12-21 19:47:17', '2019-12-21 19:47:17', NULL),
(195, 98, 442, 2, '2019-12-20 23:00:00', '2019-12-21 19:53:13', '2019-12-21 19:53:13', NULL),
(197, 99, 441, 2, '2019-12-20 23:00:00', '2019-12-21 19:54:48', '2019-12-21 19:54:48', NULL),
(199, 100, 441, 2, '2019-12-20 23:00:00', '2019-12-21 20:00:37', '2019-12-21 20:00:37', NULL),
(201, 101, 442, 2, '2019-12-20 23:00:00', '2019-12-21 20:14:55', '2019-12-21 20:14:55', NULL),
(203, 102, 442, 2, '2019-12-20 23:00:00', '2019-12-21 20:18:24', '2019-12-21 20:18:24', NULL),
(205, 103, 442, 2, '2019-12-20 23:00:00', '2019-12-21 20:23:06', '2019-12-21 20:23:06', NULL),
(207, 104, 441, 2, '2019-12-20 23:00:00', '2019-12-21 20:51:48', '2019-12-21 20:51:48', NULL),
(209, 105, 442, 2, '2019-12-20 23:00:00', '2019-12-21 21:03:08', '2019-12-21 21:03:08', NULL),
(211, 106, 444, 2, '2019-12-21 23:00:00', '2019-12-22 11:46:15', '2019-12-22 11:46:15', NULL),
(212, 106, 254, 1, '2019-12-21 23:00:00', '2019-12-22 11:46:15', '2019-12-22 11:46:15', NULL),
(213, 107, 444, 2, '2019-12-21 23:00:00', '2019-12-22 11:51:34', '2019-12-22 11:51:34', NULL),
(214, 107, 254, 1, '2019-12-21 23:00:00', '2019-12-22 11:51:34', '2019-12-22 11:51:34', NULL),
(215, 108, 444, 2, '2019-12-21 23:00:00', '2019-12-22 12:02:06', '2019-12-22 12:02:06', NULL),
(216, 108, 254, 1, '2019-12-21 23:00:00', '2019-12-22 12:02:06', '2019-12-22 12:02:06', NULL),
(217, 109, 444, 2, '2019-12-21 23:00:00', '2019-12-22 12:26:15', '2019-12-22 12:26:15', NULL),
(218, 109, 254, 1, '2019-12-21 23:00:00', '2019-12-22 12:26:15', '2019-12-22 12:26:15', NULL),
(219, 110, 444, 2, '2019-12-21 23:00:00', '2019-12-22 12:30:05', '2019-12-22 12:30:05', NULL),
(220, 110, 254, 1, '2019-12-21 23:00:00', '2019-12-22 12:30:05', '2019-12-22 12:30:05', NULL),
(221, 111, 444, 2, '2019-12-21 23:00:00', '2019-12-22 12:33:12', '2019-12-22 12:33:12', NULL),
(222, 111, 254, 1, '2019-12-21 23:00:00', '2019-12-22 12:33:12', '2019-12-22 12:33:12', NULL),
(223, 112, 444, 2, '2019-12-21 23:00:00', '2019-12-22 12:38:24', '2019-12-22 12:38:24', NULL),
(224, 112, 254, 1, '2019-12-21 23:00:00', '2019-12-22 12:38:24', '2019-12-22 12:38:24', NULL),
(225, 113, 444, 2, '2019-12-21 23:00:00', '2019-12-22 12:43:36', '2019-12-22 12:43:36', NULL),
(226, 113, 254, 1, '2019-12-21 23:00:00', '2019-12-22 12:43:36', '2019-12-22 12:43:36', NULL),
(227, 114, 443, 2, '2019-12-22 23:00:00', '2019-12-23 02:27:27', '2019-12-23 02:27:27', NULL),
(228, 114, 250, 1, '2019-12-22 23:00:00', '2019-12-23 02:27:27', '2019-12-23 02:27:27', NULL),
(229, 115, 443, 2, '2019-12-22 23:00:00', '2019-12-23 02:36:26', '2019-12-23 02:36:26', NULL),
(230, 115, 250, 1, '2019-12-22 23:00:00', '2019-12-23 02:36:26', '2019-12-23 02:36:26', NULL),
(231, 116, 443, 2, '2019-12-22 23:00:00', '2019-12-23 02:46:41', '2019-12-23 02:46:41', NULL),
(232, 116, 250, 1, '2019-12-22 23:00:00', '2019-12-23 02:46:41', '2019-12-23 02:46:41', NULL),
(233, 117, 443, 2, '2019-12-22 23:00:00', '2019-12-23 03:15:15', '2019-12-23 03:15:15', NULL),
(234, 117, 254, 1, '2019-12-22 23:00:00', '2019-12-23 03:15:15', '2019-12-23 03:15:15', NULL),
(235, 118, 443, 2, '2019-12-22 23:00:00', '2019-12-23 03:16:01', '2019-12-23 03:16:01', NULL),
(236, 118, 254, 1, '2019-12-22 23:00:00', '2019-12-23 03:16:01', '2019-12-23 03:16:01', NULL),
(237, 119, 444, 2, '2019-12-22 23:00:00', '2019-12-23 03:22:54', '2019-12-23 03:22:54', NULL),
(238, 119, 254, 1, '2019-12-22 23:00:00', '2019-12-23 03:22:54', '2019-12-23 03:22:54', NULL),
(239, 120, 205, 2, '2019-12-22 23:00:00', '2019-12-23 16:03:10', '2019-12-23 16:03:10', NULL),
(240, 120, 255, 1, '2019-12-22 23:00:00', '2019-12-23 16:03:10', '2019-12-23 16:03:10', NULL),
(241, 121, 205, 2, '2019-12-22 23:00:00', '2019-12-23 16:12:42', '2019-12-23 16:12:42', NULL),
(242, 121, 255, 1, '2019-12-22 23:00:00', '2019-12-23 16:12:42', '2019-12-23 16:12:42', NULL),
(243, 122, 448, 2, '2019-12-22 23:00:00', '2019-12-23 16:16:36', '2019-12-23 16:16:36', NULL),
(244, 122, 255, 1, '2019-12-22 23:00:00', '2019-12-23 16:16:36', '2019-12-23 16:16:36', NULL),
(245, 123, 448, 2, '2019-12-22 23:00:00', '2019-12-23 17:52:29', '2019-12-23 17:52:29', NULL),
(246, 123, 255, 1, '2019-12-22 23:00:00', '2019-12-23 17:52:29', '2019-12-23 17:52:29', NULL),
(247, 124, 444, 2, '2019-12-22 23:00:00', '2019-12-23 18:51:24', '2019-12-23 18:51:24', NULL),
(248, 124, 250, 1, '2019-12-22 23:00:00', '2019-12-23 18:51:24', '2019-12-23 18:51:24', NULL),
(249, 125, 444, 2, '2019-12-22 23:00:00', '2019-12-23 19:37:16', '2019-12-23 19:37:16', NULL),
(250, 125, 250, 1, '2019-12-22 23:00:00', '2019-12-23 19:37:16', '2019-12-23 19:37:16', NULL),
(251, 126, 444, 2, '2019-12-22 23:00:00', '2019-12-23 19:40:26', '2019-12-23 19:40:26', NULL),
(252, 126, 250, 1, '2019-12-22 23:00:00', '2019-12-23 19:40:26', '2019-12-23 19:40:26', NULL),
(253, 127, 444, 2, '2019-12-22 23:00:00', '2019-12-23 19:42:51', '2019-12-23 19:42:51', NULL),
(254, 127, 250, 1, '2019-12-22 23:00:00', '2019-12-23 19:42:51', '2019-12-23 19:42:51', NULL),
(255, 128, 444, 2, '2019-12-22 23:00:00', '2019-12-23 19:43:09', '2019-12-23 19:43:09', NULL),
(256, 128, 250, 1, '2019-12-22 23:00:00', '2019-12-23 19:43:09', '2019-12-23 19:43:09', NULL),
(257, 129, 444, 2, '2019-12-22 23:00:00', '2019-12-23 19:43:32', '2019-12-23 19:43:32', NULL),
(258, 129, 250, 1, '2019-12-22 23:00:00', '2019-12-23 19:43:32', '2019-12-23 19:43:32', NULL),
(259, 130, 444, 2, '2019-12-22 23:00:00', '2019-12-23 22:38:36', '2019-12-23 22:38:36', NULL),
(260, 130, 250, 1, '2019-12-22 23:00:00', '2019-12-23 22:38:36', '2019-12-23 22:38:36', NULL),
(261, 131, 444, 2, '2019-12-22 23:00:00', '2019-12-23 22:54:49', '2019-12-23 22:54:49', NULL),
(262, 131, 250, 1, '2019-12-22 23:00:00', '2019-12-23 22:54:49', '2019-12-23 22:54:49', NULL),
(263, 132, 444, 2, '2019-12-23 23:00:00', '2019-12-23 23:04:19', '2019-12-23 23:04:19', NULL),
(264, 132, 250, 1, '2019-12-23 23:00:00', '2019-12-23 23:04:19', '2019-12-23 23:04:19', NULL),
(265, 133, 448, 2, '2019-12-23 23:00:00', '2019-12-24 15:10:40', '2019-12-24 15:10:40', NULL),
(266, 133, 255, 1, '2019-12-23 23:00:00', '2019-12-24 15:10:40', '2019-12-24 15:10:40', NULL),
(267, 134, 448, 2, '2019-12-24 21:51:55', '2019-12-24 15:29:20', '2019-12-24 21:51:55', NULL),
(268, 134, 255, 1, '2019-12-23 23:00:00', '2019-12-24 15:29:20', '2019-12-24 15:29:20', NULL),
(269, 135, 448, 2, '2019-12-23 23:00:00', '2019-12-24 21:05:07', '2019-12-24 21:05:07', NULL),
(270, 135, 255, 1, '2019-12-23 23:00:00', '2019-12-24 21:05:07', '2019-12-24 21:05:07', NULL),
(271, 136, 448, 2, '2019-12-23 23:00:00', '2019-12-24 21:21:21', '2019-12-24 21:21:21', NULL),
(272, 136, 255, 1, '2019-12-23 23:00:00', '2019-12-24 21:21:21', '2019-12-24 21:21:21', NULL),
(273, 137, 448, 2, '2019-12-23 23:00:00', '2019-12-24 21:33:08', '2019-12-24 21:33:08', NULL),
(274, 137, 255, 1, '2019-12-23 23:00:00', '2019-12-24 21:33:08', '2019-12-24 21:33:08', NULL),
(275, 138, 448, 2, '2019-12-23 23:00:00', '2019-12-24 21:36:30', '2019-12-24 21:36:30', NULL),
(276, 138, 255, 1, '2019-12-23 23:00:00', '2019-12-24 21:36:30', '2019-12-24 21:36:30', NULL),
(277, 139, 448, 2, '2019-12-23 23:00:00', '2019-12-24 21:38:24', '2019-12-24 21:38:24', NULL),
(278, 139, 255, 1, '2019-12-23 23:00:00', '2019-12-24 21:38:24', '2019-12-24 21:38:24', NULL),
(279, 140, 448, 2, '2019-12-23 23:00:00', '2019-12-24 21:46:55', '2019-12-24 21:46:55', NULL),
(280, 140, 255, 1, '2019-12-23 23:00:00', '2019-12-24 21:46:55', '2019-12-24 21:46:55', NULL),
(281, 141, 448, 2, '2019-12-23 23:00:00', '2019-12-24 21:49:37', '2019-12-24 21:49:37', NULL),
(282, 141, 255, 1, '2019-12-23 23:00:00', '2019-12-24 21:49:37', '2019-12-24 21:49:37', NULL),
(283, 142, 448, 2, '2019-12-23 23:00:00', '2019-12-24 21:54:26', '2019-12-24 21:54:26', NULL),
(284, 142, 255, 1, '2019-12-23 23:00:00', '2019-12-24 21:54:26', '2019-12-24 21:54:26', NULL),
(285, 143, 448, 2, '2019-12-23 23:00:00', '2019-12-24 21:57:00', '2019-12-24 21:57:00', NULL),
(286, 143, 255, 1, '2019-12-23 23:00:00', '2019-12-24 21:57:00', '2019-12-24 21:57:00', NULL),
(287, 144, 448, 2, '2019-12-30 23:00:00', '2019-12-31 15:51:40', '2019-12-31 15:51:40', NULL),
(288, 144, 255, 1, '2019-12-30 23:00:00', '2019-12-31 15:51:40', '2019-12-31 15:51:40', NULL),
(289, 145, 448, 2, '2019-12-30 23:00:00', '2019-12-31 16:13:27', '2019-12-31 16:13:27', NULL),
(290, 145, 255, 1, '2019-12-30 23:00:00', '2019-12-31 16:13:27', '2019-12-31 16:13:27', NULL),
(291, 146, 448, 2, '2019-12-30 23:00:00', '2019-12-31 16:21:58', '2019-12-31 16:21:58', NULL),
(292, 146, 255, 1, '2019-12-30 23:00:00', '2019-12-31 16:21:58', '2019-12-31 16:21:58', NULL),
(293, 147, 447, 2, '2019-12-30 23:00:00', '2019-12-31 16:56:57', '2019-12-31 16:56:57', NULL),
(294, 147, 255, 1, '2019-12-30 23:00:00', '2019-12-31 16:56:57', '2019-12-31 16:56:57', NULL),
(295, 148, 447, 2, '2019-12-30 23:00:00', '2019-12-31 17:04:22', '2019-12-31 17:04:22', NULL),
(296, 148, 255, 1, '2019-12-30 23:00:00', '2019-12-31 17:04:22', '2019-12-31 17:04:22', NULL),
(297, 149, 447, 2, '2019-12-30 23:00:00', '2019-12-31 17:12:44', '2019-12-31 17:12:44', NULL),
(298, 149, 255, 1, '2019-12-30 23:00:00', '2019-12-31 17:12:44', '2019-12-31 17:12:44', NULL),
(299, 150, 447, 2, '2019-12-30 23:00:00', '2019-12-31 17:31:30', '2019-12-31 17:31:30', NULL),
(300, 150, 255, 1, '2019-12-30 23:00:00', '2019-12-31 17:31:30', '2019-12-31 17:31:30', NULL),
(301, 151, 447, 2, '2019-12-30 23:00:00', '2019-12-31 17:34:49', '2019-12-31 17:34:49', NULL),
(302, 151, 255, 1, '2019-12-30 23:00:00', '2019-12-31 17:34:49', '2019-12-31 17:34:49', NULL),
(303, 155, 465, 2, '2020-01-27 22:00:00', NULL, NULL, NULL),
(304, 155, 258, 1, '2020-01-27 22:00:00', NULL, NULL, NULL),
(305, 156, 465, 2, '2020-01-27 22:00:00', NULL, NULL, NULL),
(306, 156, 258, 1, '2020-01-27 22:00:00', NULL, NULL, NULL),
(307, 157, 465, 2, '2020-01-27 22:00:00', NULL, NULL, NULL),
(308, 157, 258, 1, '2020-01-27 22:00:00', NULL, NULL, NULL),
(309, 158, 465, 2, '2020-01-27 22:00:00', NULL, NULL, NULL),
(310, 158, 258, 1, '2020-01-27 22:00:00', NULL, NULL, NULL),
(311, 161, 465, 2, '2020-01-28 22:00:00', NULL, NULL, NULL),
(312, 161, 258, 1, '2020-01-28 22:00:00', NULL, NULL, NULL),
(313, 162, 465, 2, '2020-01-28 22:00:00', '2020-01-29 10:06:49', '2020-01-29 10:06:49', NULL),
(314, 162, 258, 1, '2020-01-28 22:00:00', '2020-01-29 10:06:49', '2020-01-29 10:06:49', NULL),
(315, 163, 465, 2, '2020-01-28 22:00:00', '2020-01-29 12:12:35', '2020-01-29 12:12:35', NULL),
(316, 163, 258, 1, '2020-01-28 22:00:00', '2020-01-29 12:12:35', '2020-01-29 12:12:35', NULL);

-- --------------------------------------------------------

--
-- Table structure for table `lexx_threads`
--

DROP TABLE IF EXISTS `lexx_threads`;
CREATE TABLE IF NOT EXISTS `lexx_threads` (
  `id` int(10) UNSIGNED NOT NULL AUTO_INCREMENT,
  `starred` tinyint(1) NOT NULL DEFAULT '0',
  `subject` varchar(255) COLLATE utf8mb4_unicode_ci NOT NULL,
  `slug` varchar(255) COLLATE utf8mb4_unicode_ci DEFAULT NULL COMMENT 'Unique slug for social media sharing. MD5 hashed string',
  `max_participants` int(11) DEFAULT NULL COMMENT 'Max number of participants allowed',
  `start_date` timestamp NULL DEFAULT NULL,
  `end_date` timestamp NULL DEFAULT NULL,
  `avatar` varchar(255) COLLATE utf8mb4_unicode_ci DEFAULT NULL COMMENT 'Profile picture for the conversation',
  `created_at` timestamp NULL DEFAULT NULL,
  `updated_at` timestamp NULL DEFAULT NULL,
  `deleted_at` timestamp NULL DEFAULT NULL,
  PRIMARY KEY (`id`)
) ENGINE=InnoDB AUTO_INCREMENT=164 DEFAULT CHARSET=utf8mb4 COLLATE=utf8mb4_unicode_ci;

--
-- Dumping data for table `lexx_threads`
--

INSERT INTO `lexx_threads` (`id`, `starred`, `subject`, `slug`, `max_participants`, `start_date`, `end_date`, `avatar`, `created_at`, `updated_at`, `deleted_at`) VALUES
(1, 0, ' محادثة  دكتور طبيب عصام', NULL, NULL, '2019-10-09 22:00:00', '2020-02-28 23:00:00', NULL, '2019-10-10 15:06:28', '2019-10-10 15:06:37', NULL),
(2, 0, ' محادثة  دكتور طبيب عصام', NULL, NULL, '2019-10-09 22:00:00', '2020-12-05 23:00:00', NULL, '2019-10-10 18:15:22', '2019-10-10 18:28:12', NULL),
(3, 0, ' محادثة  دكتور الطبيب احمد الشيخ', NULL, NULL, '2019-10-09 22:00:00', '2019-10-11 22:00:00', NULL, '2019-10-10 19:21:47', '2019-10-10 19:21:47', NULL),
(4, 0, ' محادثة  دكتور الطبيب احمد الشيخ', NULL, NULL, '2019-10-11 22:00:00', '2019-11-08 23:00:00', NULL, '2019-10-12 21:44:00', '2019-10-15 09:38:32', NULL),
(5, 0, ' محادثة  دكتور الطبيب احمد الشيخ', NULL, NULL, '2019-10-11 22:00:00', '2019-11-01 23:00:00', NULL, '2019-10-12 21:45:59', '2019-10-12 21:45:59', NULL),
(6, 0, ' محادثة  دكتور طبيب1', NULL, NULL, '2019-10-12 22:00:00', '2019-10-14 22:00:00', NULL, '2019-10-13 13:04:46', '2019-10-13 13:04:46', NULL),
(7, 0, 'محادثةدكتورreham doctor', NULL, NULL, '2019-10-14 22:00:00', '2019-10-27 23:00:00', NULL, '2019-10-15 06:42:30', '2019-10-15 06:46:07', NULL),
(8, 0, 'محادثةدكتورالطبيب احمد الشيخ', NULL, NULL, '2019-10-14 22:00:00', '2019-10-20 22:00:00', NULL, '2019-10-15 09:31:52', '2019-10-15 09:31:52', NULL),
(9, 0, 'محادثةدكتورنهى', NULL, NULL, '2019-10-14 22:00:00', '2019-10-25 22:00:00', NULL, '2019-10-15 10:55:48', '2019-10-15 11:01:52', NULL),
(10, 0, 'محادثةدكتورنهى', NULL, NULL, '2019-10-14 22:00:00', '2019-10-18 22:00:00', NULL, '2019-10-15 10:57:15', '2019-10-15 10:57:15', NULL),
(11, 0, 'محادثةدكتورنهى', NULL, NULL, '2019-10-14 22:00:00', '2019-10-15 22:00:00', NULL, '2019-10-15 11:05:49', '2019-10-15 11:05:49', NULL),
(12, 0, 'محادثةدكتورنهى', NULL, NULL, '2019-10-15 22:00:00', '2019-10-22 22:00:00', NULL, '2019-10-16 04:50:36', '2019-10-16 04:50:36', NULL),
(13, 0, 'محادثةدكتورنهى', NULL, NULL, '2019-10-15 22:00:00', '2019-10-22 22:00:00', NULL, '2019-10-16 04:51:59', '2019-10-16 04:51:59', NULL),
(14, 0, 'محادثةدكتورنهى', NULL, NULL, '2019-10-15 22:00:00', '2019-10-22 22:00:00', NULL, '2019-10-16 04:52:02', '2019-10-16 04:52:02', NULL),
(15, 0, 'محادثةدكتورنهى', NULL, NULL, '2019-10-15 22:00:00', '2019-10-22 22:00:00', NULL, '2019-10-16 04:54:29', '2019-10-16 04:54:29', NULL),
(16, 0, 'محادثةدكتورنهى', NULL, NULL, '2019-10-15 22:00:00', '2019-10-22 22:00:00', NULL, '2019-10-16 04:54:59', '2019-10-16 04:54:59', NULL),
(17, 0, 'محادثةدكتورreham doctor', NULL, NULL, '2019-10-15 22:00:00', '2019-10-21 22:00:00', NULL, '2019-10-16 08:31:41', '2019-10-16 08:31:41', NULL),
(18, 0, 'محادثةدكتورreham doctor', NULL, NULL, '2019-10-15 22:00:00', '2019-10-26 22:00:00', NULL, '2019-10-16 11:18:50', '2019-10-16 11:18:50', NULL),
(19, 0, ' محادثة  دكتور طبيب1', NULL, NULL, '2019-10-15 22:00:00', '2019-10-18 22:00:00', NULL, '2019-10-16 12:14:41', '2019-10-16 12:14:41', NULL),
(20, 0, ' محادثة  دكتور طبيب1', NULL, NULL, '2019-10-15 22:00:00', '2019-10-18 22:00:00', NULL, '2019-10-16 12:20:27', '2019-10-16 12:20:27', NULL),
(21, 0, ' محادثة  دكتور علي الشيخ', NULL, NULL, '2019-10-16 22:00:00', '2019-10-20 22:00:00', NULL, '2019-10-17 14:18:09', '2019-10-17 14:18:09', NULL),
(22, 0, ' محادثة  دكتور طبيب1', NULL, NULL, '2019-10-19 22:00:00', '2019-11-22 23:00:00', NULL, '2019-10-20 07:06:53', '2019-10-20 07:06:53', NULL),
(23, 0, 'محادثةدكتورHassan alyami', NULL, NULL, '2019-10-20 22:00:00', '2019-10-21 22:00:00', NULL, '2019-10-21 05:51:17', '2019-10-21 05:51:17', NULL),
(24, 0, 'محادثةدكتورHassan alyami', NULL, NULL, '2019-10-20 22:00:00', '2019-10-28 23:00:00', NULL, '2019-10-21 05:51:46', '2019-10-21 05:51:46', NULL),
(25, 0, 'محادثةدكتورHassan alyami', NULL, NULL, '2019-10-20 22:00:00', '2019-10-21 22:00:00', NULL, '2019-10-21 05:57:06', '2019-10-21 05:57:06', NULL),
(26, 0, ' محادثة  دكتور الطبيب احمد 0599', NULL, NULL, '2019-11-08 23:00:00', '2019-11-08 23:00:00', NULL, '2019-11-09 17:39:17', '2019-11-09 17:41:25', NULL),
(27, 0, ' محادثة  دكتور الطبيب احمد 0599', NULL, NULL, '2019-11-08 23:00:00', '2019-11-14 23:00:00', NULL, '2019-11-09 18:12:28', '2019-11-10 07:26:39', NULL),
(28, 0, ' محادثة  دكتور الطبيب احمد 0599', NULL, NULL, '2019-11-08 23:00:00', '2019-11-14 23:00:00', NULL, '2019-11-09 18:39:31', '2019-11-09 18:39:31', NULL),
(29, 0, 'محادثةدكتورالطبيب احمد 0599', NULL, NULL, '2019-11-09 23:00:00', '2019-11-21 23:00:00', NULL, '2019-11-10 07:25:52', '2019-11-10 07:25:52', NULL),
(30, 0, 'محادثةدكتورالطبيب احمد 0599', NULL, NULL, '2019-11-09 23:00:00', '2019-11-28 23:00:00', NULL, '2019-11-10 07:34:02', '2019-11-10 07:34:02', NULL),
(31, 0, 'محادثةدكتورالطبيب احمد', NULL, NULL, '2019-11-10 23:00:00', '2019-11-14 23:00:00', NULL, '2019-11-11 17:17:46', '2019-11-11 17:17:46', NULL),
(32, 0, ' محادثة  دكتور الطبيب احمد', NULL, NULL, '2019-11-10 23:00:00', '2019-11-14 23:00:00', NULL, '2019-11-11 17:18:46', '2019-11-11 17:18:46', NULL),
(33, 0, ' محادثة  دكتور الطبيب احمد', NULL, NULL, '2019-11-10 23:00:00', '2019-11-14 23:00:00', NULL, '2019-11-11 17:22:54', '2019-11-11 17:22:54', NULL),
(34, 0, 'محادثةدكتورالطبيب احمد', NULL, NULL, '2019-11-10 23:00:00', '2019-11-14 23:00:00', NULL, '2019-11-11 17:29:10', '2019-11-11 17:29:10', NULL),
(35, 0, 'محادثةدكتورالطبيب احمد', NULL, NULL, '2019-11-16 23:00:00', '2019-11-21 23:00:00', NULL, '2019-11-17 13:12:43', '2019-11-17 13:12:43', NULL),
(36, 0, 'محادثةدكتورالطبيب احمد', NULL, NULL, '2019-11-16 23:00:00', '2019-11-21 23:00:00', NULL, '2019-11-17 13:31:45', '2019-11-17 13:31:45', NULL),
(37, 0, 'محادثةدكتورالطبيب احمد', NULL, NULL, '2019-11-16 23:00:00', '2019-11-21 23:00:00', NULL, '2019-11-17 16:23:19', '2019-11-17 16:23:19', NULL),
(38, 0, 'محادثةدكتورالطبيب احمد', NULL, NULL, '2019-11-16 23:00:00', '2019-11-21 23:00:00', NULL, '2019-11-17 16:31:25', '2019-11-17 16:31:25', NULL),
(39, 0, ' محادثة  دكتور الطبيب احمد', NULL, NULL, '2019-11-16 23:00:00', '2019-11-21 23:00:00', NULL, '2019-11-17 17:59:29', '2019-11-17 17:59:29', NULL),
(40, 0, ' محادثة  دكتور الطبيب احمد', NULL, NULL, '2019-11-16 23:00:00', '2019-11-21 23:00:00', NULL, '2019-11-17 18:06:15', '2019-11-17 18:06:15', NULL),
(41, 0, 'محادثةدكتورالطبيب احمد', NULL, NULL, '2019-11-24 23:00:00', '2019-11-24 23:00:00', NULL, '2019-11-25 11:46:05', '2019-11-25 11:46:05', NULL),
(42, 0, 'محادثةدكتورالطبيب احمد', NULL, NULL, '2019-11-24 23:00:00', '2019-11-24 23:00:00', NULL, '2019-11-25 12:44:19', '2019-11-25 12:44:19', NULL),
(43, 0, 'محادثةدكتورالطبيب احمد', NULL, NULL, '2019-11-24 23:00:00', '2019-11-25 23:00:00', NULL, '2019-11-25 12:45:58', '2019-11-25 12:45:58', NULL),
(44, 0, 'محادثةدكتورالطبيب احمد', NULL, NULL, '2019-11-24 23:00:00', '2019-11-27 23:00:00', NULL, '2019-11-25 12:58:59', '2019-11-25 12:58:59', NULL),
(45, 0, 'محادثةدكتورالطبيب احمد', NULL, NULL, '2019-11-24 23:00:00', '2019-11-26 23:00:00', NULL, '2019-11-25 13:01:30', '2019-11-25 13:01:30', NULL),
(46, 0, 'محادثةدكتورالطبيب احمد', NULL, NULL, '2019-11-24 23:00:00', '2019-11-26 23:00:00', NULL, '2019-11-25 14:03:12', '2019-11-25 14:03:12', NULL),
(47, 0, 'محادثةدكتورMohamed', NULL, NULL, '2019-11-27 23:00:00', '2019-11-29 23:00:00', NULL, '2019-11-28 00:41:53', '2019-11-28 00:51:38', NULL),
(48, 0, 'محادثةدكتورMohamed', NULL, NULL, '2019-11-27 23:00:00', '2019-11-29 23:00:00', NULL, '2019-11-28 00:49:24', '2019-11-28 00:49:24', NULL),
(49, 0, 'محادثةدكتورMohamed', NULL, NULL, '2019-11-27 23:00:00', '2019-11-29 23:00:00', NULL, '2019-11-28 00:58:20', '2019-11-28 00:58:20', NULL),
(50, 0, ' محادثة  دكتور Mohamed', NULL, NULL, '2019-11-27 23:00:00', '2019-11-30 23:00:00', NULL, '2019-11-28 01:13:33', '2019-11-28 01:13:33', NULL),
(51, 0, ' محادثة  دكتور Mohamed', NULL, NULL, '2019-11-27 23:00:00', '2019-11-30 23:00:00', NULL, '2019-11-28 01:26:37', '2019-11-28 01:26:37', NULL),
(52, 0, ' محادثة  دكتور Mohamed', NULL, NULL, '2019-11-27 23:00:00', '2019-11-30 23:00:00', NULL, '2019-11-28 01:31:24', '2019-11-28 01:31:24', NULL),
(53, 0, 'محادثةدكتورMohamed', NULL, NULL, '2019-11-27 23:00:00', '2019-11-30 23:00:00', NULL, '2019-11-28 01:43:41', '2019-11-28 01:43:41', NULL),
(54, 0, ' محادثة  دكتور Testt doctor', NULL, NULL, '2019-11-30 23:00:00', '2019-12-01 23:00:00', NULL, '2019-12-01 14:53:38', '2019-12-01 14:55:26', NULL),
(55, 0, ' محادثة  دكتور Test esam', NULL, NULL, '2019-11-30 23:00:00', '2019-12-05 23:00:00', NULL, '2019-12-01 18:23:32', '2019-12-01 18:23:32', NULL),
(56, 0, ' محادثة  دكتور Test esam', NULL, NULL, '2019-11-30 23:00:00', '2019-11-30 23:00:00', NULL, '2019-12-01 19:05:18', '2019-12-01 19:05:18', NULL),
(57, 0, ' محادثة  دكتور Test esam', NULL, NULL, '2019-11-30 23:00:00', '2019-11-30 23:00:00', NULL, '2019-12-01 19:26:29', '2019-12-01 19:26:29', NULL),
(58, 0, ' محادثة  دكتور Test esam', NULL, NULL, '2019-11-30 23:00:00', '2019-11-30 23:00:00', NULL, '2019-12-01 19:28:19', '2019-12-01 19:28:19', NULL),
(59, 0, 'محادثةدكتورTest esam', NULL, NULL, '2019-11-30 23:00:00', '2019-12-05 23:00:00', NULL, '2019-12-01 21:41:21', '2019-12-01 21:41:21', NULL),
(60, 0, ' محادثة  دكتور عصام الشيخ', NULL, NULL, '2019-12-06 23:00:00', '2019-12-12 23:00:00', NULL, '2019-12-07 19:59:49', '2019-12-07 20:14:25', NULL),
(61, 0, ' محادثة  دكتور عصام طبيب', NULL, NULL, '2019-12-06 23:00:00', '2019-12-12 23:00:00', NULL, '2019-12-07 20:38:20', '2019-12-07 20:38:20', NULL),
(62, 0, ' محادثة  دكتور a2', NULL, NULL, '2019-12-07 23:00:00', '2019-12-08 23:00:00', NULL, '2019-12-08 12:16:47', '2019-12-08 12:31:58', NULL),
(63, 0, ' محادثة  دكتور a2', NULL, NULL, '2019-12-07 23:00:00', '2019-12-08 23:00:00', NULL, '2019-12-08 15:20:43', '2019-12-08 15:20:43', NULL),
(64, 0, 'محادثةدكتورHassan alyami', NULL, NULL, '2019-12-07 23:00:00', '2019-12-09 23:00:00', NULL, '2019-12-08 17:30:01', '2019-12-08 17:30:01', NULL),
(65, 0, ' محادثة  دكتور a2', NULL, NULL, '2019-12-08 23:00:00', '2019-12-09 23:00:00', NULL, '2019-12-09 13:54:16', '2019-12-09 13:54:16', NULL),
(66, 0, ' محادثة  دكتور a2', NULL, NULL, '2019-12-08 23:00:00', '2019-12-09 23:00:00', NULL, '2019-12-09 13:56:55', '2019-12-09 13:56:55', NULL),
(67, 0, ' محادثة  دكتور a2', NULL, NULL, '2019-12-08 23:00:00', '2019-12-09 23:00:00', NULL, '2019-12-09 13:58:21', '2019-12-09 13:58:21', NULL),
(68, 0, 'محادثةدكتورعضام طبيب', NULL, NULL, '2019-12-11 23:00:00', '2019-12-12 23:00:00', NULL, '2019-12-12 10:07:24', '2019-12-12 10:07:24', NULL),
(69, 0, 'محادثةدكتورعضام طبيب', NULL, NULL, '2019-12-11 23:00:00', '2019-12-12 23:00:00', NULL, '2019-12-12 11:30:14', '2019-12-12 11:30:14', NULL),
(70, 0, ' محادثة  دكتور احمد عبدالكريم', NULL, NULL, '2019-12-11 23:00:00', '2019-12-12 23:00:00', NULL, '2019-12-12 11:35:06', '2019-12-12 11:41:43', NULL),
(71, 0, ' محادثة  دكتور عضام طبيب', NULL, NULL, '2019-12-11 23:00:00', '2019-12-12 23:00:00', NULL, '2019-12-12 11:56:15', '2019-12-12 11:56:15', NULL),
(72, 0, ' محادثة  دكتور عضام طبيب', NULL, NULL, '2019-12-11 23:00:00', '2019-12-12 23:00:00', NULL, '2019-12-12 11:58:20', '2019-12-12 11:58:20', NULL),
(73, 0, 'محادثةدكتورعضام طبيب', NULL, NULL, '2019-12-14 23:00:00', '2019-12-19 23:00:00', NULL, '2019-12-15 05:30:33', '2019-12-15 05:31:01', NULL),
(74, 0, ' محادثة  دكتور عضام طبيب', NULL, NULL, '2019-12-14 23:00:00', '2019-12-19 23:00:00', NULL, '2019-12-15 05:48:11', '2019-12-15 05:48:11', NULL),
(75, 0, 'محادثةدكتوردكتور احمد فايد', NULL, NULL, '2019-12-14 23:00:00', '2019-12-21 23:00:00', NULL, '2019-12-15 13:37:42', '2019-12-16 09:02:29', NULL),
(76, 0, 'محادثةدكتوردكتور احمد فايد', NULL, NULL, '2019-12-14 23:00:00', '2019-12-27 23:00:00', NULL, '2019-12-15 14:00:14', '2019-12-15 14:00:14', NULL),
(77, 0, 'محادثةدكتوردكتور احمد فايد', NULL, NULL, '2019-12-14 23:00:00', '2019-12-20 23:00:00', NULL, '2019-12-15 14:07:13', '2019-12-15 14:07:13', NULL),
(78, 0, 'محادثةدكتوردكتور احمد فايد', NULL, NULL, '2019-12-15 23:00:00', '2019-12-22 23:00:00', NULL, '2019-12-16 05:38:09', '2019-12-16 05:38:09', NULL),
(79, 0, 'محادثةدكتوردكتور احمد فايد', NULL, NULL, '2019-12-15 23:00:00', '2019-12-29 23:00:00', NULL, '2019-12-16 06:41:39', '2019-12-16 06:41:39', NULL),
(80, 0, 'محادثةدكتوردكتور احمد فايد', NULL, NULL, '2019-12-15 23:00:00', '2019-12-22 23:00:00', NULL, '2019-12-16 06:44:51', '2019-12-16 06:44:51', NULL),
(81, 0, 'محادثةدكتوردكتور احمد فايد', NULL, NULL, '2019-12-15 23:00:00', '2019-12-29 23:00:00', NULL, '2019-12-16 06:49:45', '2019-12-16 06:49:45', NULL),
(82, 0, 'محادثةدكتوردكتور احمد فايد', NULL, NULL, '2019-12-15 23:00:00', '2019-12-20 23:00:00', NULL, '2019-12-16 09:50:05', '2019-12-16 09:50:05', NULL),
(83, 0, 'محادثةدكتوردكتور احمد فايد', NULL, NULL, '2019-12-15 23:00:00', '2019-12-22 23:00:00', NULL, '2019-12-16 09:57:05', '2019-12-16 09:57:05', NULL),
(84, 0, 'محادثةدكتوردكتور احمد فايد', NULL, NULL, '2019-12-15 23:00:00', '2019-12-22 23:00:00', NULL, '2019-12-16 10:09:13', '2019-12-16 10:09:13', NULL),
(85, 0, 'محادثةدكتوردكتور احمد فايد', NULL, NULL, '2019-12-15 23:00:00', '2019-12-29 23:00:00', NULL, '2019-12-16 18:30:54', '2019-12-16 18:30:54', NULL),
(86, 0, 'محادثةدكتوردكتور احمد فايد', NULL, NULL, '2019-12-15 23:00:00', '2019-12-20 23:00:00', NULL, '2019-12-16 18:43:41', '2019-12-16 18:43:41', NULL),
(87, 0, 'محادثةدكتوردكتور احمد فايد', NULL, NULL, '2019-12-15 23:00:00', '2019-12-16 23:00:00', NULL, '2019-12-16 19:07:53', '2019-12-16 19:07:53', NULL),
(88, 0, 'محادثةدكتوردكتور احمد فايد', NULL, NULL, '2019-12-15 23:00:00', '2019-12-20 23:00:00', NULL, '2019-12-16 19:16:20', '2019-12-16 19:16:20', NULL),
(89, 0, ' محادثة  دكتور 2', NULL, NULL, '2019-12-18 23:00:00', '2019-12-25 23:00:00', NULL, '2019-12-19 08:24:29', '2019-12-19 08:24:29', NULL),
(90, 0, 'محادثةدكتوردكتور احمد فايد', NULL, NULL, '2019-12-18 23:00:00', '2019-12-18 23:00:00', NULL, '2019-12-19 12:21:44', '2019-12-19 12:21:44', NULL),
(91, 0, ' محادثة  دكتور طبيب عصام', NULL, NULL, '2019-12-18 23:00:00', '2019-12-19 23:00:00', NULL, '2019-12-19 13:59:00', '2019-12-19 14:01:54', NULL),
(92, 0, ' محادثة  دكتور الطبيب احمد الشيخ 0566', NULL, NULL, '2019-12-20 23:00:00', '2019-12-20 23:00:00', NULL, '2019-12-21 18:08:32', '2019-12-21 18:08:32', NULL),
(93, 0, ' محادثة  دكتور الطبيب احمد الشيخ 0566', NULL, NULL, '2019-12-20 23:00:00', '2019-12-20 23:00:00', NULL, '2019-12-21 18:10:59', '2019-12-21 18:10:59', NULL),
(94, 0, ' محادثة  دكتور الطبيب احمد الشيخ 0566', NULL, NULL, '2019-12-20 23:00:00', '2019-12-20 23:00:00', NULL, '2019-12-21 19:00:57', '2019-12-21 19:00:57', NULL),
(95, 0, ' محادثة  دكتور طبيب عصام', NULL, NULL, '2019-12-20 23:00:00', '2019-12-26 23:00:00', NULL, '2019-12-21 19:42:08', '2019-12-21 19:42:08', NULL),
(96, 0, ' محادثة  دكتور طبيب عصام', NULL, NULL, '2019-12-20 23:00:00', '2019-12-26 23:00:00', NULL, '2019-12-21 19:44:32', '2019-12-21 19:44:32', NULL),
(97, 0, ' محادثة  دكتور طبيب عصام', NULL, NULL, '2019-12-20 23:00:00', '2019-12-26 23:00:00', NULL, '2019-12-21 19:47:17', '2019-12-21 19:47:17', NULL),
(98, 0, ' محادثة  دكتور طبيب عصام', NULL, NULL, '2019-12-20 23:00:00', '2019-12-26 23:00:00', NULL, '2019-12-21 19:53:13', '2019-12-21 19:53:13', NULL),
(99, 0, ' محادثة  دكتور طبيب عصام', NULL, NULL, '2019-12-20 23:00:00', '2019-12-26 23:00:00', NULL, '2019-12-21 19:54:48', '2019-12-21 19:54:48', NULL),
(100, 0, ' محادثة  دكتور طبيب عصام', NULL, NULL, '2019-12-20 23:00:00', '2019-12-26 23:00:00', NULL, '2019-12-21 20:00:37', '2019-12-21 20:00:37', NULL),
(101, 0, ' محادثة  دكتور طبيب عصام', NULL, NULL, '2019-12-20 23:00:00', '2019-12-26 23:00:00', NULL, '2019-12-21 20:14:55', '2019-12-21 20:14:55', NULL),
(102, 0, ' محادثة  دكتور طبيب عصام', NULL, NULL, '2019-12-20 23:00:00', '2019-12-26 23:00:00', NULL, '2019-12-21 20:18:24', '2019-12-21 20:18:24', NULL),
(103, 0, ' محادثة  دكتور طبيب عصام', NULL, NULL, '2019-12-20 23:00:00', '2019-12-21 23:00:00', NULL, '2019-12-21 20:23:06', '2019-12-21 20:23:06', NULL),
(104, 0, ' محادثة  دكتور طبيب عصام', NULL, NULL, '2019-12-20 23:00:00', '2019-12-26 23:00:00', NULL, '2019-12-21 20:51:48', '2019-12-21 20:51:48', NULL),
(105, 0, ' محادثة  دكتور طبيب عصام', NULL, NULL, '2019-12-20 23:00:00', '2019-12-26 23:00:00', NULL, '2019-12-21 21:03:08', '2019-12-21 21:03:08', NULL),
(106, 0, 'محادثةدكتورDoctor Test 2', NULL, NULL, '2019-12-21 23:00:00', '2019-12-27 23:00:00', NULL, '2019-12-22 11:46:15', '2019-12-22 11:46:15', NULL),
(107, 0, 'محادثةدكتورDoctor Test 2', NULL, NULL, '2019-12-21 23:00:00', '2019-12-27 23:00:00', NULL, '2019-12-22 11:51:34', '2019-12-22 11:51:34', NULL),
(108, 0, 'محادثةدكتورDoctor Test 2', NULL, NULL, '2019-12-21 23:00:00', '2019-12-21 23:00:00', NULL, '2019-12-22 12:02:06', '2019-12-22 12:02:06', NULL),
(109, 0, 'محادثةدكتورDoctor Test 2', NULL, NULL, '2019-12-21 23:00:00', '2019-12-22 23:00:00', NULL, '2019-12-22 12:26:15', '2019-12-22 12:26:15', NULL),
(110, 0, 'محادثةدكتورDoctor Test 2', NULL, NULL, '2019-12-21 23:00:00', '2019-12-22 23:00:00', NULL, '2019-12-22 12:30:05', '2019-12-22 12:30:05', NULL),
(111, 0, 'محادثةدكتورDoctor Test 2', NULL, NULL, '2019-12-21 23:00:00', '2019-12-22 23:00:00', NULL, '2019-12-22 12:33:12', '2019-12-22 12:33:12', NULL),
(112, 0, 'محادثةدكتورDoctor Test 2', NULL, NULL, '2019-12-21 23:00:00', '2019-12-22 23:00:00', NULL, '2019-12-22 12:38:24', '2019-12-22 12:38:24', NULL),
(113, 0, 'محادثةدكتورDoctor Test 2', NULL, NULL, '2019-12-21 23:00:00', '2019-12-22 23:00:00', NULL, '2019-12-22 12:43:36', '2019-12-22 12:43:36', NULL),
(114, 0, 'محادثةدكتورDoctor Test', NULL, NULL, '2019-12-22 23:00:00', '2019-12-23 23:00:00', NULL, '2019-12-23 02:27:27', '2019-12-23 02:27:27', NULL),
(115, 0, 'محادثةدكتورDoctor Test', NULL, NULL, '2019-12-22 23:00:00', '2019-12-30 23:00:00', NULL, '2019-12-23 02:36:26', '2019-12-23 02:36:26', NULL),
(116, 0, 'محادثةدكتورDoctor Test', NULL, NULL, '2019-12-22 23:00:00', '2019-12-30 23:00:00', NULL, '2019-12-23 02:46:41', '2019-12-23 02:46:41', NULL),
(117, 0, 'محادثةدكتورDoctor Test 2', NULL, NULL, '2019-12-22 23:00:00', '2019-12-30 23:00:00', NULL, '2019-12-23 03:15:15', '2019-12-23 03:15:15', NULL),
(118, 0, 'محادثةدكتورDoctor Test 2', NULL, NULL, '2019-12-22 23:00:00', '2019-12-30 23:00:00', NULL, '2019-12-23 03:16:01', '2019-12-23 03:16:01', NULL),
(119, 0, 'محادثةدكتورDoctor Test 2', NULL, NULL, '2019-12-22 23:00:00', '2019-12-23 23:00:00', NULL, '2019-12-23 03:22:54', '2019-12-23 03:22:54', NULL),
(120, 0, 'محادثةدكتورالطبيب احمد الشيخ 0599', NULL, NULL, '2019-12-22 23:00:00', '2019-12-22 23:00:00', NULL, '2019-12-23 16:03:10', '2019-12-23 16:03:10', NULL),
(121, 0, 'محادثةدكتورالطبيب احمد الشيخ 0599', NULL, NULL, '2019-12-22 23:00:00', '2019-12-22 23:00:00', NULL, '2019-12-23 16:12:42', '2019-12-23 16:12:42', NULL),
(122, 0, 'محادثةدكتورالطبيب احمد الشيخ 0599', NULL, NULL, '2019-12-22 23:00:00', '2019-12-22 23:00:00', NULL, '2019-12-23 16:16:36', '2019-12-23 16:16:36', NULL),
(123, 0, 'محادثةدكتورالطبيب احمد الشيخ 0599', NULL, NULL, '2019-12-22 23:00:00', '2019-12-22 23:00:00', NULL, '2019-12-23 17:52:29', '2019-12-23 17:52:29', NULL),
(124, 0, 'محادثةدكتورDoctor Test', NULL, NULL, '2019-12-22 23:00:00', '2019-12-23 23:00:00', NULL, '2019-12-23 18:51:24', '2019-12-23 18:51:24', NULL),
(125, 0, 'محادثةدكتورDoctor Test', NULL, NULL, '2019-12-22 23:00:00', '2019-12-23 23:00:00', NULL, '2019-12-23 19:37:16', '2019-12-23 19:37:16', NULL),
(126, 0, 'محادثةدكتورDoctor Test', NULL, NULL, '2019-12-22 23:00:00', '2019-12-23 23:00:00', NULL, '2019-12-23 19:40:26', '2019-12-23 19:40:26', NULL),
(127, 0, 'محادثةدكتورDoctor Test', NULL, NULL, '2019-12-22 23:00:00', '2019-12-23 23:00:00', NULL, '2019-12-23 19:42:51', '2019-12-23 19:42:51', NULL),
(128, 0, 'محادثةدكتورDoctor Test', NULL, NULL, '2019-12-22 23:00:00', '2019-12-23 23:00:00', NULL, '2019-12-23 19:43:09', '2019-12-23 19:43:09', NULL),
(129, 0, 'محادثةدكتورDoctor Test', NULL, NULL, '2019-12-22 23:00:00', '2019-12-23 23:00:00', NULL, '2019-12-23 19:43:32', '2019-12-23 19:43:32', NULL),
(130, 0, ' محادثة  دكتور Doctor Test', NULL, NULL, '2019-12-22 23:00:00', '2019-12-23 23:00:00', NULL, '2019-12-23 22:38:36', '2019-12-23 22:38:36', NULL),
(131, 0, ' محادثة  دكتور Doctor Test', NULL, NULL, '2019-12-22 23:00:00', '2019-12-23 23:00:00', NULL, '2019-12-23 22:54:49', '2019-12-23 22:54:49', NULL),
(132, 0, ' محادثة  دكتور Doctor Test', NULL, NULL, '2019-12-23 23:00:00', '2019-12-30 23:00:00', NULL, '2019-12-23 23:04:19', '2019-12-23 23:04:19', NULL),
(133, 0, 'محادثةدكتورالطبيب احمد الشيخ 0599', NULL, NULL, '2019-12-23 23:00:00', '2019-12-23 23:00:00', NULL, '2019-12-24 15:10:40', '2019-12-24 15:10:40', NULL),
(134, 0, 'محادثةدكتورالطبيب احمد الشيخ 0599', NULL, NULL, '2019-12-23 23:00:00', '2019-12-24 23:00:00', NULL, '2019-12-24 15:29:20', '2019-12-24 15:29:20', NULL),
(135, 0, 'محادثةدكتورالطبيب احمد الشيخ 0599', NULL, NULL, '2019-12-23 23:00:00', '2019-12-24 23:00:00', NULL, '2019-12-24 21:05:07', '2019-12-24 21:05:07', NULL),
(136, 0, 'محادثةدكتورالطبيب احمد الشيخ 0599', NULL, NULL, '2019-12-23 23:00:00', '2019-12-24 23:00:00', NULL, '2019-12-24 21:21:21', '2019-12-24 21:21:21', NULL),
(137, 0, 'محادثةدكتورالطبيب احمد الشيخ 0599', NULL, NULL, '2019-12-23 23:00:00', '2019-12-24 23:00:00', NULL, '2019-12-24 21:33:08', '2019-12-24 21:33:08', NULL),
(138, 0, 'محادثةدكتورالطبيب احمد الشيخ 0599', NULL, NULL, '2019-12-23 23:00:00', '2019-12-24 23:00:00', NULL, '2019-12-24 21:36:30', '2019-12-24 21:36:30', NULL),
(139, 0, 'محادثةدكتورالطبيب احمد الشيخ 0599', NULL, NULL, '2019-12-23 23:00:00', '2019-12-24 23:00:00', NULL, '2019-12-24 21:38:24', '2019-12-24 21:38:24', NULL),
(140, 0, 'محادثةدكتورالطبيب احمد الشيخ 0599', NULL, NULL, '2019-12-23 23:00:00', '2019-12-24 23:00:00', NULL, '2019-12-24 21:46:55', '2019-12-24 21:46:55', NULL),
(141, 0, 'محادثةدكتورالطبيب احمد الشيخ 0599', NULL, NULL, '2019-12-23 23:00:00', '2019-12-24 23:00:00', NULL, '2019-12-24 21:49:37', '2019-12-24 21:49:37', NULL),
(142, 0, 'محادثةدكتورالطبيب احمد الشيخ 0599', NULL, NULL, '2019-12-23 23:00:00', '2019-12-24 23:00:00', NULL, '2019-12-24 21:54:26', '2019-12-24 21:54:26', NULL),
(143, 0, 'محادثةدكتورالطبيب احمد الشيخ 0599', NULL, NULL, '2019-12-23 23:00:00', '2019-12-24 23:00:00', NULL, '2019-12-24 21:57:00', '2019-12-24 21:57:00', NULL),
(144, 0, 'محادثةدكتورالطبيب احمد الشيخ 0599', NULL, NULL, '2019-12-30 23:00:00', '2019-12-30 23:00:00', NULL, '2019-12-31 15:51:40', '2019-12-31 15:51:40', NULL),
(145, 0, 'محادثةدكتورالطبيب احمد الشيخ 0599', NULL, NULL, '2019-12-30 23:00:00', '2019-12-30 23:00:00', NULL, '2019-12-31 16:13:27', '2019-12-31 16:13:27', NULL),
(146, 0, 'محادثةدكتورالطبيب احمد الشيخ 0599', NULL, NULL, '2019-12-30 23:00:00', '2019-12-30 23:00:00', NULL, '2019-12-31 16:21:58', '2019-12-31 16:21:58', NULL),
(147, 0, 'محادثةدكتورالطبيب احمد الشيخ 0599', NULL, NULL, '2019-12-30 23:00:00', '2019-12-30 23:00:00', NULL, '2019-12-31 16:56:57', '2019-12-31 16:56:57', NULL),
(148, 0, 'محادثةدكتورالطبيب احمد الشيخ 0599', NULL, NULL, '2019-12-30 23:00:00', '2020-01-01 23:00:00', NULL, '2019-12-31 17:04:22', '2019-12-31 17:04:22', NULL),
(149, 0, 'محادثةدكتورالطبيب احمد الشيخ 0599', NULL, NULL, '2019-12-30 23:00:00', '2020-01-01 23:00:00', NULL, '2019-12-31 17:12:44', '2019-12-31 17:12:44', NULL),
(150, 0, 'محادثةدكتورالطبيب احمد الشيخ 0599', NULL, NULL, '2019-12-30 23:00:00', '2019-12-31 23:00:00', NULL, '2019-12-31 17:31:30', '2019-12-31 17:31:30', NULL),
(151, 0, 'محادثةدكتورالطبيب احمد الشيخ 0599', NULL, NULL, '2019-12-30 23:00:00', '2019-12-30 23:00:00', NULL, '2019-12-31 17:34:49', '2019-12-31 17:34:49', NULL),
(152, 0, 'محادثة  دكتورfaaayza', NULL, NULL, '2020-01-27 22:00:00', '2020-03-31 22:00:00', NULL, '2020-01-28 11:03:55', '2020-01-28 11:03:55', NULL),
(153, 0, 'محادثة  دكتورfaaayza', NULL, NULL, '2020-01-27 22:00:00', '2020-03-31 22:00:00', NULL, '2020-01-28 11:05:24', '2020-01-28 11:05:24', NULL),
(154, 0, 'محادثة  دكتورfaaayza', NULL, NULL, '2020-01-27 22:00:00', '2020-03-31 22:00:00', NULL, '2020-01-28 11:22:07', '2020-01-28 11:22:07', NULL),
(155, 0, 'محادثة  دكتورfaaayza', NULL, NULL, '2020-01-27 22:00:00', '2020-03-31 22:00:00', NULL, '2020-01-28 11:23:11', '2020-01-28 11:23:11', NULL),
(156, 0, 'محادثة  دكتور faaayza', NULL, NULL, '2020-01-27 22:00:00', '2020-03-31 22:00:00', NULL, '2020-01-28 11:38:03', '2020-01-28 11:38:03', NULL),
(157, 0, 'محادثة  دكتور faaayza', NULL, NULL, '2020-01-27 22:00:00', '2020-03-31 22:00:00', NULL, '2020-01-28 11:41:24', '2020-01-28 11:41:24', NULL),
(158, 0, 'محادثة  دكتور faaayza', NULL, NULL, '2020-01-27 22:00:00', '2020-03-31 22:00:00', NULL, '2020-01-28 12:05:28', '2020-01-28 12:05:28', NULL),
(159, 0, 'محادثة  دكتور faaayza', NULL, NULL, '2020-01-28 22:00:00', '2020-03-31 22:00:00', NULL, '2020-01-29 09:55:02', '2020-01-29 09:55:02', NULL),
(160, 0, 'محادثة  دكتور faaayza', NULL, NULL, '2020-01-28 22:00:00', '2020-03-31 22:00:00', NULL, '2020-01-29 09:56:06', '2020-01-29 09:56:06', NULL),
(161, 0, 'محادثة  دكتور faaayza', NULL, NULL, '2020-01-28 22:00:00', '2020-03-31 22:00:00', NULL, '2020-01-29 10:02:13', '2020-01-29 10:02:13', NULL),
(162, 0, 'محادثة  دكتور faaayza', NULL, NULL, '2020-01-28 22:00:00', '2020-03-31 22:00:00', NULL, '2020-01-29 10:06:49', '2020-01-29 10:06:49', NULL),
(163, 0, 'محادثة  دكتور faaayza', NULL, NULL, '2020-01-28 22:00:00', '2020-03-31 22:00:00', NULL, '2020-01-29 12:12:35', '2020-01-29 12:12:35', NULL);

-- --------------------------------------------------------

--
-- Table structure for table `migrations`
--

DROP TABLE IF EXISTS `migrations`;
CREATE TABLE IF NOT EXISTS `migrations` (
  `id` int(10) UNSIGNED NOT NULL,
  `migration` varchar(255) COLLATE utf8mb4_unicode_ci NOT NULL,
  `batch` int(11) NOT NULL,
  PRIMARY KEY (`id`)
) ENGINE=InnoDB DEFAULT CHARSET=utf8mb4 COLLATE=utf8mb4_unicode_ci;

--
-- Dumping data for table `migrations`
--

INSERT INTO `migrations` (`id`, `migration`, `batch`) VALUES
(15, '2019_06_03_123303_create_users_table', 1),
(16, '2019_06_11_111128_create_dentists_table', 1),
(17, '2019_06_11_130617_create_nationalities_table', 1),
(19, '2019_06_11_231655_create_hospitals_table', 1),
(23, '2019_06_12_142032_create_services_table', 2),
(24, '2019_06_12_142629_create_offers_table', 2),
(30, '2019_06_11_145013_create_events_table', 3),
(31, '2019_06_15_154109_create_treatments_table', 3),
(32, '2019_06_15_154347_create_dentist_calanders_table', 3);

-- --------------------------------------------------------

--
-- Table structure for table `nationalities`
--

DROP TABLE IF EXISTS `nationalities`;
CREATE TABLE IF NOT EXISTS `nationalities` (
  `id` bigint(20) UNSIGNED NOT NULL AUTO_INCREMENT,
  `nationality_name_ar` varchar(255) COLLATE utf8mb4_unicode_ci NOT NULL,
  `nationality_name_en` varchar(255) COLLATE utf8mb4_unicode_ci NOT NULL,
  `created_at` timestamp NULL DEFAULT NULL,
  `updated_at` timestamp NULL DEFAULT NULL,
  `country_code` varchar(255) COLLATE utf8mb4_unicode_ci NOT NULL,
  `country_enName` varchar(255) COLLATE utf8mb4_unicode_ci NOT NULL,
  `country_arName` varchar(255) COLLATE utf8mb4_unicode_ci NOT NULL,
  PRIMARY KEY (`id`)
) ENGINE=InnoDB AUTO_INCREMENT=248 DEFAULT CHARSET=utf8mb4 COLLATE=utf8mb4_unicode_ci;

--
-- Dumping data for table `nationalities`
--

INSERT INTO `nationalities` (`id`, `nationality_name_ar`, `nationality_name_en`, `created_at`, `updated_at`, `country_code`, `country_enName`, `country_arName`) VALUES
(1, 'أفغانستان', 'Afghanistan', NULL, NULL, 'AF', 'Afghan', 'أفغانستاني'),
(2, 'ألبانيا', 'Albania', NULL, NULL, 'AL', 'Albanian', 'ألباني'),
(3, 'جزر آلاند', 'Aland Islands', NULL, NULL, 'AX', 'Aland Islander', 'آلاندي'),
(4, 'الجزائر', 'Algeria', NULL, NULL, 'DZ', 'Algerian', 'جزائري'),
(5, 'ساموا-الأمريكي', 'American Samoa', NULL, NULL, 'AS', 'American Samoan', 'أمريكي سامواني'),
(6, 'أندورا', 'Andorra', NULL, NULL, 'AD', 'Andorran', 'أندوري'),
(7, 'أنغولا', 'Angola', NULL, NULL, 'AO', 'Angolan', 'أنقولي'),
(8, 'أنغويلا', 'Anguilla', NULL, NULL, 'AI', 'Anguillan', 'أنغويلي'),
(9, 'أنتاركتيكا', 'Antarctica', NULL, NULL, 'AQ', 'Antarctican', 'أنتاركتيكي'),
(10, 'أنتيغوا وبربودا', 'Antigua and Barbuda', NULL, NULL, 'AG', 'Antiguan', 'بربودي'),
(11, 'الأرجنتين', 'Argentina', NULL, NULL, 'AR', 'Argentinian', 'أرجنتيني'),
(12, 'أرمينيا', 'Armenia', NULL, NULL, 'AM', 'Armenian', 'أرميني'),
(13, 'أروبه', 'Aruba', NULL, NULL, 'AW', 'Aruban', 'أوروبهيني'),
(14, 'أستراليا', 'Australia', NULL, NULL, 'AU', 'Australian', 'أسترالي'),
(15, 'النمسا', 'Austria', NULL, NULL, 'AT', 'Austrian', 'نمساوي'),
(16, 'أذربيجان', 'Azerbaijan', NULL, NULL, 'AZ', 'Azerbaijani', 'أذربيجاني'),
(17, 'الباهاماس', 'Bahamas', NULL, NULL, 'BS', 'Bahamian', 'باهاميسي'),
(18, 'البحرين', 'Bahrain', NULL, NULL, 'BH', 'Bahraini', 'بحريني'),
(19, 'بنغلاديش', 'Bangladesh', NULL, NULL, 'BD', 'Bangladeshi', 'بنغلاديشي'),
(20, 'بربادوس', 'Barbados', NULL, NULL, 'BB', 'Barbadian', 'بربادوسي'),
(21, 'روسيا البيضاء', 'Belarus', NULL, NULL, 'BY', 'Belarusian', 'روسي'),
(22, 'بلجيكا', 'Belgium', NULL, NULL, 'BE', 'Belgian', 'بلجيكي'),
(23, 'بيليز', 'Belize', NULL, NULL, 'BZ', 'Belizean', 'بيليزي'),
(24, 'بنين', 'Benin', NULL, NULL, 'BJ', 'Beninese', 'بنيني'),
(25, 'سان بارتيلمي', 'Saint Barthelemy', NULL, NULL, 'BL', 'Saint Barthelmian', 'سان بارتيلمي'),
(26, 'جزر برمودا', 'Bermuda', NULL, NULL, 'BM', 'Bermudan', 'برمودي'),
(27, 'بوتان', 'Bhutan', NULL, NULL, 'BT', 'Bhutanese', 'بوتاني'),
(28, 'بوليفيا', 'Bolivia', NULL, NULL, 'BO', 'Bolivian', 'بوليفي'),
(29, 'البوسنة و الهرسك', 'Bosnia and Herzegovina', NULL, NULL, 'BA', 'Bosnian / Herzegovinian', 'بوسني/هرسكي'),
(30, 'بوتسوانا', 'Botswana', NULL, NULL, 'BW', 'Botswanan', 'بوتسواني'),
(31, 'جزيرة بوفيه', 'Bouvet Island', NULL, NULL, 'BV', 'Bouvetian', 'بوفيهي'),
(32, 'البرازيل', 'Brazil', NULL, NULL, 'BR', 'Brazilian', 'برازيلي'),
(33, 'إقليم المحيط الهندي البريطاني', 'British Indian Ocean Territory', NULL, NULL, 'IO', 'British Indian Ocean Territory', 'إقليم المحيط الهندي البريطاني'),
(34, 'بروني', 'Brunei Darussalam', NULL, NULL, 'BN', 'Bruneian', 'بروني'),
(35, 'بلغاريا', 'Bulgaria', NULL, NULL, 'BG', 'Bulgarian', 'بلغاري'),
(36, 'بوركينا فاسو', 'Burkina Faso', NULL, NULL, 'BF', 'Burkinabe', 'بوركيني'),
(37, 'بوروندي', 'Burundi', NULL, NULL, 'BI', 'Burundian', 'بورونيدي'),
(38, 'كمبوديا', 'Cambodia', NULL, NULL, 'KH', 'Cambodian', 'كمبودي'),
(39, 'كاميرون', 'Cameroon', NULL, NULL, 'CM', 'Cameroonian', 'كاميروني'),
(40, 'كندا', 'Canada', NULL, NULL, 'CA', 'Canadian', 'كندي'),
(41, 'الرأس الأخضر', 'Cape Verde', NULL, NULL, 'CV', 'Cape Verdean', 'الرأس الأخضر'),
(42, 'جزر كايمان', 'Cayman Islands', NULL, NULL, 'KY', 'Caymanian', 'كايماني'),
(43, 'جمهورية أفريقيا الوسطى', 'Central African Republic', NULL, NULL, 'CF', 'Central African', 'أفريقي'),
(44, 'تشاد', 'Chad', NULL, NULL, 'TD', 'Chadian', 'تشادي'),
(45, 'شيلي', 'Chile', NULL, NULL, 'CL', 'Chilean', 'شيلي'),
(46, 'الصين', 'China', NULL, NULL, 'CN', 'Chinese', 'صيني'),
(47, 'جزيرة عيد الميلاد', 'Christmas Island', NULL, NULL, 'CX', 'Christmas Islander', 'جزيرة عيد الميلاد'),
(48, 'جزر كوكوس', 'Cocos (Keeling) Islands', NULL, NULL, 'CC', 'Cocos Islander', 'جزر كوكوس'),
(49, 'كولومبيا', 'Colombia', NULL, NULL, 'CO', 'Colombian', 'كولومبي'),
(50, 'جزر القمر', 'Comoros', NULL, NULL, 'KM', 'Comorian', 'جزر القمر'),
(51, 'الكونغو', 'Congo', NULL, NULL, 'CG', 'Congolese', 'كونغي'),
(52, 'جزر كوك', 'Cook Islands', NULL, NULL, 'CK', 'Cook Islander', 'جزر كوك'),
(53, 'كوستاريكا', 'Costa Rica', NULL, NULL, 'CR', 'Costa Rican', 'كوستاريكي'),
(54, 'كرواتيا', 'Croatia', NULL, NULL, 'HR', 'Croatian', 'كوراتي'),
(55, 'كوبا', 'Cuba', NULL, NULL, 'CU', 'Cuban', 'كوبي'),
(56, 'قبرص', 'Cyprus', NULL, NULL, 'CY', 'Cypriot', 'قبرصي'),
(57, 'كوراساو', 'Curaçao', NULL, NULL, 'CW', 'Curacian', 'كوراساوي'),
(58, 'الجمهورية التشيكية', 'Czech Republic', NULL, NULL, 'CZ', 'Czech', 'تشيكي'),
(59, 'الدانمارك', 'Denmark', NULL, NULL, 'DK', 'Danish', 'دنماركي'),
(60, 'جيبوتي', 'Djibouti', NULL, NULL, 'DJ', 'Djiboutian', 'جيبوتي'),
(61, 'دومينيكا', 'Dominica', NULL, NULL, 'DM', 'Dominican', 'دومينيكي'),
(62, 'الجمهورية الدومينيكية', 'Dominican Republic', NULL, NULL, 'DO', 'Dominican', 'دومينيكي'),
(63, 'إكوادور', 'Ecuador', NULL, NULL, 'EC', 'Ecuadorian', 'إكوادوري'),
(64, 'مصر', 'Egypt', NULL, NULL, 'EG', 'Egyptian', 'مصري'),
(65, 'إلسلفادور', 'El Salvador', NULL, NULL, 'SV', 'Salvadoran', 'سلفادوري'),
(66, 'غينيا الاستوائي', 'Equatorial Guinea', NULL, NULL, 'GQ', 'Equatorial Guinean', 'غيني'),
(67, 'إريتريا', 'Eritrea', NULL, NULL, 'ER', 'Eritrean', 'إريتيري'),
(68, 'استونيا', 'Estonia', NULL, NULL, 'EE', 'Estonian', 'استوني'),
(69, 'أثيوبيا', 'Ethiopia', NULL, NULL, 'ET', 'Ethiopian', 'أثيوبي'),
(70, 'جزر فوكلاند', 'Falkland Islands (Malvinas)', NULL, NULL, 'FK', 'Falkland Islander', 'فوكلاندي'),
(71, 'جزر فارو', 'Faroe Islands', NULL, NULL, 'FO', 'Faroese', 'جزر فارو'),
(72, 'فيجي', 'Fiji', NULL, NULL, 'FJ', 'Fijian', 'فيجي'),
(73, 'فنلندا', 'Finland', NULL, NULL, 'FI', 'Finnish', 'فنلندي'),
(74, 'فرنسا', 'France', NULL, NULL, 'FR', 'French', 'فرنسي'),
(75, 'غويانا الفرنسية', 'French Guiana', NULL, NULL, 'GF', 'French Guianese', 'غويانا الفرنسية'),
(76, 'بولينيزيا الفرنسية', 'French Polynesia', NULL, NULL, 'PF', 'French Polynesian', 'بولينيزيي'),
(77, 'أراض فرنسية جنوبية وأنتارتيكية', 'French Southern and Antarctic Lands', NULL, NULL, 'TF', 'French', 'أراض فرنسية جنوبية وأنتارتيكية'),
(78, 'الغابون', 'Gabon', NULL, NULL, 'GA', 'Gabonese', 'غابوني'),
(79, 'غامبيا', 'Gambia', NULL, NULL, 'GM', 'Gambian', 'غامبي'),
(80, 'جيورجيا', 'Georgia', NULL, NULL, 'GE', 'Georgian', 'جيورجي'),
(81, 'ألمانيا', 'Germany', NULL, NULL, 'DE', 'German', 'ألماني'),
(82, 'غانا', 'Ghana', NULL, NULL, 'GH', 'Ghanaian', 'غاني'),
(83, 'جبل طارق', 'Gibraltar', NULL, NULL, 'GI', 'Gibraltar', 'جبل طارق'),
(84, 'غيرنزي', 'Guernsey', NULL, NULL, 'GG', 'Guernsian', 'غيرنزي'),
(85, 'اليونان', 'Greece', NULL, NULL, 'GR', 'Greek', 'يوناني'),
(86, 'جرينلاند', 'Greenland', NULL, NULL, 'GL', 'Greenlandic', 'جرينلاندي'),
(87, 'غرينادا', 'Grenada', NULL, NULL, 'GD', 'Grenadian', 'غرينادي'),
(88, 'جزر جوادلوب', 'Guadeloupe', NULL, NULL, 'GP', 'Guadeloupe', 'جزر جوادلوب'),
(89, 'جوام', 'Guam', NULL, NULL, 'GU', 'Guamanian', 'جوامي'),
(90, 'غواتيمال', 'Guatemala', NULL, NULL, 'GT', 'Guatemalan', 'غواتيمالي'),
(91, 'غينيا', 'Guinea', NULL, NULL, 'GN', 'Guinean', 'غيني'),
(92, 'غينيا-بيساو', 'Guinea-Bissau', NULL, NULL, 'GW', 'Guinea-Bissauan', 'غيني'),
(93, 'غيانا', 'Guyana', NULL, NULL, 'GY', 'Guyanese', 'غياني'),
(94, 'هايتي', 'Haiti', NULL, NULL, 'HT', 'Haitian', 'هايتي'),
(95, 'جزيرة هيرد وجزر ماكدونالد', 'Heard and Mc Donald Islands', NULL, NULL, 'HM', 'Heard and Mc Donald Islanders', 'جزيرة هيرد وجزر ماكدونالد'),
(96, 'هندوراس', 'Honduras', NULL, NULL, 'HN', 'Honduran', 'هندوراسي'),
(97, 'هونغ كونغ', 'Hong Kong', NULL, NULL, 'HK', 'Hongkongese', 'هونغ كونغي'),
(98, 'المجر', 'Hungary', NULL, NULL, 'HU', 'Hungarian', 'مجري'),
(99, 'آيسلندا', 'Iceland', NULL, NULL, 'IS', 'Icelandic', 'آيسلندي'),
(100, 'الهند', 'India', NULL, NULL, 'IN', 'Indian', 'هندي'),
(101, 'جزيرة مان', 'Isle of Man', NULL, NULL, 'IM', 'Manx', 'ماني'),
(102, 'أندونيسيا', 'Indonesia', NULL, NULL, 'ID', 'Indonesian', 'أندونيسيي'),
(103, 'إيران', 'Iran', NULL, NULL, 'IR', 'Iranian', 'إيراني'),
(104, 'العراق', 'Iraq', NULL, NULL, 'IQ', 'Iraqi', 'عراقي'),
(105, 'إيرلندا', 'Ireland', NULL, NULL, 'IE', 'Irish', 'إيرلندي'),
(107, 'إيطاليا', 'Italy', NULL, NULL, 'IT', 'Italian', 'إيطالي'),
(108, 'ساحل العاج', 'Ivory Coast', NULL, NULL, 'CI', 'Ivory Coastian', 'ساحل العاج'),
(109, 'جيرزي', 'Jersey', NULL, NULL, 'JE', 'Jersian', 'جيرزي'),
(110, 'جمايكا', 'Jamaica', NULL, NULL, 'JM', 'Jamaican', 'جمايكي'),
(111, 'اليابان', 'Japan', NULL, NULL, 'JP', 'Japanese', 'ياباني'),
(112, 'الأردن', 'Jordan', NULL, NULL, 'JO', 'Jordanian', 'أردني'),
(113, 'كازاخستان', 'Kazakhstan', NULL, NULL, 'KZ', 'Kazakh', 'كازاخستاني'),
(114, 'كينيا', 'Kenya', NULL, NULL, 'KE', 'Kenyan', 'كيني'),
(115, 'كيريباتي', 'Kiribati', NULL, NULL, 'KI', 'I-Kiribati', 'كيريباتي'),
(116, 'كوريا الشمالية', 'Korea(North Korea)', NULL, NULL, 'KP', 'North Korean', 'كوري'),
(117, 'كوريا الجنوبية', 'Korea(South Korea)', NULL, NULL, 'KR', 'South Korean', 'كوري'),
(118, 'كوسوفو', 'Kosovo', NULL, NULL, 'XK', 'Kosovar', 'كوسيفي'),
(119, 'الكويت', 'Kuwait', NULL, NULL, 'KW', 'Kuwaiti', 'كويتي'),
(120, 'قيرغيزستان', 'Kyrgyzstan', NULL, NULL, 'KG', 'Kyrgyzstani', 'قيرغيزستاني'),
(121, 'لاوس', 'Lao PDR', NULL, NULL, 'LA', 'Laotian', 'لاوسي'),
(122, 'لاتفيا', 'Latvia', NULL, NULL, 'LV', 'Latvian', 'لاتيفي'),
(123, 'لبنان', 'Lebanon', NULL, NULL, 'LB', 'Lebanese', 'لبناني'),
(124, 'ليسوتو', 'Lesotho', NULL, NULL, 'LS', 'Basotho', 'ليوسيتي'),
(125, 'ليبيريا', 'Liberia', NULL, NULL, 'LR', 'Liberian', 'ليبيري'),
(126, 'ليبيا', 'Libya', NULL, NULL, 'LY', 'Libyan', 'ليبي'),
(127, 'ليختنشتين', 'Liechtenstein', NULL, NULL, 'LI', 'Liechtenstein', 'ليختنشتيني'),
(128, 'لتوانيا', 'Lithuania', NULL, NULL, 'LT', 'Lithuanian', 'لتوانيي'),
(129, 'لوكسمبورغ', 'Luxembourg', NULL, NULL, 'LU', 'Luxembourger', 'لوكسمبورغي'),
(130, 'سريلانكا', 'Sri Lanka', NULL, NULL, 'LK', 'Sri Lankian', 'سريلانكي'),
(131, 'ماكاو', 'Macau', NULL, NULL, 'MO', 'Macanese', 'ماكاوي'),
(132, 'مقدونيا', 'Macedonia', NULL, NULL, 'MK', 'Macedonian', 'مقدوني'),
(133, 'مدغشقر', 'Madagascar', NULL, NULL, 'MG', 'Malagasy', 'مدغشقري'),
(134, 'مالاوي', 'Malawi', NULL, NULL, 'MW', 'Malawian', 'مالاوي'),
(135, 'ماليزيا', 'Malaysia', NULL, NULL, 'MY', 'Malaysian', 'ماليزي'),
(136, 'المالديف', 'Maldives', NULL, NULL, 'MV', 'Maldivian', 'مالديفي'),
(137, 'مالي', 'Mali', NULL, NULL, 'ML', 'Malian', 'مالي'),
(138, 'مالطا', 'Malta', NULL, NULL, 'MT', 'Maltese', 'مالطي'),
(139, 'جزر مارشال', 'Marshall Islands', NULL, NULL, 'MH', 'Marshallese', 'مارشالي'),
(140, 'مارتينيك', 'Martinique', NULL, NULL, 'MQ', 'Martiniquais', 'مارتينيكي'),
(141, 'موريتانيا', 'Mauritania', NULL, NULL, 'MR', 'Mauritanian', 'موريتانيي'),
(142, 'موريشيوس', 'Mauritius', NULL, NULL, 'MU', 'Mauritian', 'موريشيوسي'),
(143, 'مايوت', 'Mayotte', NULL, NULL, 'YT', 'Mahoran', 'مايوتي'),
(144, 'المكسيك', 'Mexico', NULL, NULL, 'MX', 'Mexican', 'مكسيكي'),
(145, 'مايكرونيزيا', 'Micronesia', NULL, NULL, 'FM', 'Micronesian', 'مايكرونيزيي'),
(146, 'مولدافيا', 'Moldova', NULL, NULL, 'MD', 'Moldovan', 'مولديفي'),
(147, 'موناكو', 'Monaco', NULL, NULL, 'MC', 'Monacan', 'مونيكي'),
(148, 'منغوليا', 'Mongolia', NULL, NULL, 'MN', 'Mongolian', 'منغولي'),
(149, 'الجبل الأسود', 'Montenegro', NULL, NULL, 'ME', 'Montenegrin', 'الجبل الأسود'),
(150, 'مونتسيرات', 'Montserrat', NULL, NULL, 'MS', 'Montserratian', 'مونتسيراتي'),
(151, 'المغرب', 'Morocco', NULL, NULL, 'MA', 'Moroccan', 'مغربي'),
(152, 'موزمبيق', 'Mozambique', NULL, NULL, 'MZ', 'Mozambican', 'موزمبيقي'),
(153, 'ميانمار', 'Myanmar', NULL, NULL, 'MM', 'Myanmarian', 'ميانماري'),
(154, 'ناميبيا', 'Namibia', NULL, NULL, 'NA', 'Namibian', 'ناميبي'),
(155, 'نورو', 'Nauru', NULL, NULL, 'NR', 'Nauruan', 'نوري'),
(156, 'نيبال', 'Nepal', NULL, NULL, 'NP', 'Nepalese', 'نيبالي'),
(157, 'هولندا', 'Netherlands', NULL, NULL, 'NL', 'Dutch', 'هولندي'),
(158, 'جزر الأنتيل الهولندي', 'Netherlands Antilles', NULL, NULL, 'AN', 'Dutch Antilier', 'هولندي'),
(159, 'كاليدونيا الجديدة', 'New Caledonia', NULL, NULL, 'NC', 'New Caledonian', 'كاليدوني'),
(160, 'نيوزيلندا', 'New Zealand', NULL, NULL, 'NZ', 'New Zealander', 'نيوزيلندي'),
(161, 'نيكاراجوا', 'Nicaragua', NULL, NULL, 'NI', 'Nicaraguan', 'نيكاراجوي'),
(162, 'النيجر', 'Niger', NULL, NULL, 'NE', 'Nigerien', 'نيجيري'),
(163, 'نيجيريا', 'Nigeria', NULL, NULL, 'NG', 'Nigerian', 'نيجيري'),
(164, 'ني', 'Niue', NULL, NULL, 'NU', 'Niuean', 'ني'),
(165, 'جزيرة نورفولك', 'Norfolk Island', NULL, NULL, 'NF', 'Norfolk Islander', 'نورفوليكي'),
(166, 'جزر ماريانا الشمالية', 'Northern Mariana Islands', NULL, NULL, 'MP', 'Northern Marianan', 'ماريني'),
(167, 'النرويج', 'Norway', NULL, NULL, 'NO', 'Norwegian', 'نرويجي'),
(168, 'عمان', 'Oman', NULL, NULL, 'OM', 'Omani', 'عماني'),
(169, 'باكستان', 'Pakistan', NULL, NULL, 'PK', 'Pakistani', 'باكستاني'),
(170, 'بالاو', 'Palau', NULL, NULL, 'PW', 'Palauan', 'بالاوي'),
(171, 'فلسطين', 'Palestine', NULL, NULL, 'PS', 'Palestinian', 'فلسطيني'),
(172, 'بنما', 'Panama', NULL, NULL, 'PA', 'Panamanian', 'بنمي'),
(173, 'بابوا غينيا الجديدة', 'Papua New Guinea', NULL, NULL, 'PG', 'Papua New Guinean', 'بابوي'),
(174, 'باراغواي', 'Paraguay', NULL, NULL, 'PY', 'Paraguayan', 'بارغاوي'),
(175, 'بيرو', 'Peru', NULL, NULL, 'PE', 'Peruvian', 'بيري'),
(176, 'الفليبين', 'Philippines', NULL, NULL, 'PH', 'Filipino', 'فلبيني'),
(177, 'بيتكيرن', 'Pitcairn', NULL, NULL, 'PN', 'Pitcairn Islander', 'بيتكيرني'),
(178, 'بولونيا', 'Poland', NULL, NULL, 'PL', 'Polish', 'بوليني'),
(179, 'البرتغال', 'Portugal', NULL, NULL, 'PT', 'Portuguese', 'برتغالي'),
(180, 'بورتو ريكو', 'Puerto Rico', NULL, NULL, 'PR', 'Puerto Rican', 'بورتي'),
(181, 'قطر', 'Qatar', NULL, NULL, 'QA', 'Qatari', 'قطري'),
(182, 'ريونيون', 'Reunion Island', NULL, NULL, 'RE', 'Reunionese', 'ريونيوني'),
(183, 'رومانيا', 'Romania', NULL, NULL, 'RO', 'Romanian', 'روماني'),
(184, 'روسيا', 'Russian', NULL, NULL, 'RU', 'Russian', 'روسي'),
(185, 'رواندا', 'Rwanda', NULL, NULL, 'RW', 'Rwandan', 'رواندا'),
(186, 'سانت كيتس ونيفس,', 'Saint Kitts and Nevis', NULL, NULL, 'KN', 'Kittitian/Nevisian', 'سانت كيتس ونيفس'),
(187, 'ساينت مارتن فرنسي', 'Saint Martin (French part)', NULL, NULL, 'MF', 'St. Martian(French)', 'ساينت مارتني فرنسي'),
(188, 'ساينت مارتن هولندي', 'Sint Maarten (Dutch part)', NULL, NULL, 'SX', 'St. Martian(Dutch)', 'ساينت مارتني هولندي'),
(189, 'سان بيير وميكلون', 'Saint Pierre and Miquelon', NULL, NULL, 'LC', 'St. Pierre and Miquelon', 'سان بيير وميكلوني'),
(190, 'سانت فنسنت وجزر غرينادين', 'Saint Vincent and the Grenadines', NULL, NULL, 'VC', 'Saint Vincent and the Grenadines', 'سانت فنسنت وجزر غرينادين'),
(191, 'ساموا', 'Samoa', NULL, NULL, 'WS', 'Samoan', 'ساموي'),
(192, 'سان مارينو', 'San Marino', NULL, NULL, 'SM', 'Sammarinese', 'ماريني'),
(193, 'ساو تومي وبرينسيبي', 'Sao Tome and Principe', NULL, NULL, 'ST', 'Sao Tomean', 'ساو تومي وبرينسيبي'),
(194, 'المملكة العربية السعودية', 'Saudi Arabia', NULL, NULL, 'SA', 'Saudi Arabian', 'سعودي'),
(195, 'السنغال', 'Senegal', NULL, NULL, 'SN', 'Senegalese', 'سنغالي'),
(196, 'صربيا', 'Serbia', NULL, NULL, 'RS', 'Serbian', 'صربي'),
(197, 'سيشيل', 'Seychelles', NULL, NULL, 'SC', 'Seychellois', 'سيشيلي'),
(198, 'سيراليون', 'Sierra Leone', NULL, NULL, 'SL', 'Sierra Leonean', 'سيراليوني'),
(199, 'سنغافورة', 'Singapore', NULL, NULL, 'SG', 'Singaporean', 'سنغافوري'),
(200, 'سلوفاكيا', 'Slovakia', NULL, NULL, 'SK', 'Slovak', 'سولفاكي'),
(201, 'سلوفينيا', 'Slovenia', NULL, NULL, 'SI', 'Slovenian', 'سولفيني'),
(202, 'جزر سليمان', 'Solomon Islands', NULL, NULL, 'SB', 'Solomon Island', 'جزر سليمان'),
(203, 'الصومال', 'Somalia', NULL, NULL, 'SO', 'Somali', 'صومالي'),
(204, 'جنوب أفريقيا', 'South Africa', NULL, NULL, 'ZA', 'South African', 'أفريقي'),
(205, 'المنطقة القطبية الجنوبية', 'South Georgia and the South Sandwich', NULL, NULL, 'GS', 'South Georgia and the South Sandwich', 'لمنطقة القطبية الجنوبية'),
(206, 'السودان الجنوبي', 'South Sudan', NULL, NULL, 'SS', 'South Sudanese', 'سوادني جنوبي'),
(207, 'إسبانيا', 'Spain', NULL, NULL, 'ES', 'Spanish', 'إسباني'),
(208, 'سانت هيلانة', 'Saint Helena', NULL, NULL, 'SH', 'St. Helenian', 'هيلاني'),
(209, 'السودان', 'Sudan', NULL, NULL, 'SD', 'Sudanese', 'سوداني'),
(210, 'سورينام', 'Suriname', NULL, NULL, 'SR', 'Surinamese', 'سورينامي'),
(211, 'سفالبارد ويان ماين', 'Svalbard and Jan Mayen', NULL, NULL, 'SJ', 'Svalbardian/Jan Mayenian', 'سفالبارد ويان ماين'),
(212, 'سوازيلند', 'Swaziland', NULL, NULL, 'SZ', 'Swazi', 'سوازيلندي'),
(213, 'السويد', 'Sweden', NULL, NULL, 'SE', 'Swedish', 'سويدي'),
(214, 'سويسرا', 'Switzerland', NULL, NULL, 'CH', 'Swiss', 'سويسري'),
(215, 'سوريا', 'Syria', NULL, NULL, 'SY', 'Syrian', 'سوري'),
(216, 'تايوان', 'Taiwan', NULL, NULL, 'TW', 'Taiwanese', 'تايواني'),
(217, 'طاجيكستان', 'Tajikistan', NULL, NULL, 'TJ', 'Tajikistani', 'طاجيكستاني'),
(218, 'تنزانيا', 'Tanzania', NULL, NULL, 'TZ', 'Tanzanian', 'تنزانيي'),
(219, 'تايلندا', 'Thailand', NULL, NULL, 'TH', 'Thai', 'تايلندي'),
(220, 'تيمور الشرقية', 'Timor-Leste', NULL, NULL, 'TL', 'Timor-Lestian', 'تيموري'),
(221, 'توغو', 'Togo', NULL, NULL, 'TG', 'Togolese', 'توغي'),
(222, 'توكيلاو', 'Tokelau', NULL, NULL, 'TK', 'Tokelaian', 'توكيلاوي'),
(223, 'تونغا', 'Tonga', NULL, NULL, 'TO', 'Tongan', 'تونغي'),
(224, 'ترينيداد وتوباغو', 'Trinidad and Tobago', NULL, NULL, 'TT', 'Trinidadian/Tobagonian', 'ترينيداد وتوباغو'),
(225, 'تونس', 'Tunisia', NULL, NULL, 'TN', 'Tunisian', 'تونسي'),
(226, 'تركيا', 'Turkey', NULL, NULL, 'TR', 'Turkish', 'تركي'),
(227, 'تركمانستان', 'Turkmenistan', NULL, NULL, 'TM', 'Turkmen', 'تركمانستاني'),
(228, 'جزر توركس وكايكوس', 'Turks and Caicos Islands', NULL, NULL, 'TC', 'Turks and Caicos Islands', 'جزر توركس وكايكوس'),
(229, 'توفالو', 'Tuvalu', NULL, NULL, 'TV', 'Tuvaluan', 'توفالي'),
(230, 'أوغندا', 'Uganda', NULL, NULL, 'UG', 'Ugandan', 'أوغندي'),
(231, 'أوكرانيا', 'Ukraine', NULL, NULL, 'UA', 'Ukrainian', 'أوكراني'),
(232, 'الإمارات العربية المتحدة', 'United Arab Emirates', NULL, NULL, 'AE', 'Emirati', 'إماراتي'),
(233, 'المملكة المتحدة', 'United Kingdom', NULL, NULL, 'GB', 'British', 'بريطاني'),
(234, 'الولايات المتحدة', 'United States', NULL, NULL, 'US', 'American', 'أمريكي'),
(235, 'قائمة الولايات والمناطق الأمريكية', 'US Minor Outlying Islands', NULL, NULL, 'UM', 'US Minor Outlying Islander', 'أمريكي'),
(236, 'أورغواي', 'Uruguay', NULL, NULL, 'UY', 'Uruguayan', 'أورغواي'),
(237, 'أوزباكستان', 'Uzbekistan', NULL, NULL, 'UZ', 'Uzbek', 'أوزباكستاني'),
(238, 'فانواتو', 'Vanuatu', NULL, NULL, 'VU', 'Vanuatuan', 'فانواتي'),
(239, 'فنزويلا', 'Venezuela', NULL, NULL, 'VE', 'Venezuelan', 'فنزويلي'),
(240, 'فيتنام', 'Vietnam', NULL, NULL, 'VN', 'Vietnamese', 'فيتنامي'),
(241, 'الجزر العذراء الأمريكي', 'Virgin Islands (U.S.)', NULL, NULL, 'VI', 'American Virgin Islander', 'أمريكي'),
(242, 'فنزويلا', 'Vatican City', NULL, NULL, 'VA', 'Vatican', 'فاتيكاني'),
(243, 'والس وفوتونا', 'Wallis and Futuna Islands', NULL, NULL, 'WF', 'Wallisian/Futunan', 'فوتوني'),
(244, 'الصحراء الغربية', 'Western Sahara', NULL, NULL, 'EH', 'Sahrawian', 'صحراوي'),
(245, 'اليمن', 'Yemen', NULL, NULL, 'YE', 'Yemeni', 'يمني'),
(246, 'زامبيا', 'Zambia', NULL, NULL, 'ZM', 'Zambian', 'زامبياني'),
(247, 'زمبابوي', 'Zimbabwe', NULL, NULL, 'ZW', 'Zimbabwean', 'زمبابوي');

-- --------------------------------------------------------

--
-- Table structure for table `offers`
--

DROP TABLE IF EXISTS `offers`;
CREATE TABLE IF NOT EXISTS `offers` (
  `id` bigint(20) UNSIGNED NOT NULL AUTO_INCREMENT,
  `photo` varchar(255) COLLATE utf8mb4_unicode_ci NOT NULL,
  `link` text COLLATE utf8mb4_unicode_ci,
  `created_at` timestamp NULL DEFAULT NULL,
  `updated_at` timestamp NULL DEFAULT NULL,
  `phone` varchar(255) COLLATE utf8mb4_unicode_ci DEFAULT NULL,
  `title_ar` varchar(255) COLLATE utf8mb4_unicode_ci DEFAULT NULL,
  `description_ar` text COLLATE utf8mb4_unicode_ci,
  `title_en` varchar(255) COLLATE utf8mb4_unicode_ci NOT NULL,
  `description_en` text COLLATE utf8mb4_unicode_ci NOT NULL,
  `date` date NOT NULL,
  PRIMARY KEY (`id`)
) ENGINE=InnoDB DEFAULT CHARSET=utf8mb4 COLLATE=utf8mb4_unicode_ci;

-- --------------------------------------------------------

--
-- Table structure for table `pages`
--

DROP TABLE IF EXISTS `pages`;
CREATE TABLE IF NOT EXISTS `pages` (
  `page_id` int(11) NOT NULL AUTO_INCREMENT,
  `page_name_ar` varchar(255) DEFAULT NULL,
  `page_name_en` varchar(255) DEFAULT NULL,
  `page_desc_ar` text,
  `page_desc_en` text,
  `page_order` int(11) DEFAULT '0',
  `page_photo` varchar(255) DEFAULT NULL,
  `created_by` int(11) DEFAULT NULL,
  `created_at` timestamp NOT NULL DEFAULT CURRENT_TIMESTAMP,
  `updated_at` timestamp NULL DEFAULT NULL ON UPDATE CURRENT_TIMESTAMP,
  PRIMARY KEY (`page_id`)
) ENGINE=InnoDB AUTO_INCREMENT=8 DEFAULT CHARSET=utf8 ROW_FORMAT=COMPACT;

--
-- Dumping data for table `pages`
--

INSERT INTO `pages` (`page_id`, `page_name_ar`, `page_name_en`, `page_desc_ar`, `page_desc_en`, `page_order`, `page_photo`, `created_by`, `created_at`, `updated_at`) VALUES
(1, 'من نحن', 'About Us', '<p align=\"right\" class=\"Heading01\" style=\"margin-bottom:0cm;margin-bottom:.0001pt;\r\ntext-align:right\"><span dir=\"RTL\" lang=\"AR-SA\" style=\"color:black; font-family:adobe arabic; font-size:15.0pt; line-height:113%; mso-ansi-language:EN-US; mso-ligatures:none\">قال تعالى ( فَمَنْ يَعْمَلْ مِثْقَالَ ذَرَّةٍ خَيْرًا يَرَهُ ) ( سورة الزلزلة / الآية 7 )</span><span style=\"color:black; font-family:adobe arabic; font-size:15.0pt; line-height:113%; mso-ansi-language:EN-US; mso-ligatures:none\"><o:p></o:p></span></p>\r\n\r\n<p align=\"right\" class=\"Heading01\" style=\"margin-bottom:0cm;margin-bottom:.0001pt;\r\ntext-align:right\"><span dir=\"RTL\" lang=\"AR-SA\" style=\"color:black; font-family:adobe arabic; font-size:15.0pt; line-height:113%; mso-ansi-language:EN-US; mso-ligatures:none\">صدق الله العظيم<o:p></o:p></span></p>\r\n\r\n<p align=\"right\" class=\"Heading01\" style=\"margin-bottom:0cm;margin-bottom:.0001pt;\r\ntext-align:right\"><span dir=\"RTL\" lang=\"AR-SA\" style=\"color:black; font-family:adobe arabic; font-size:15.0pt; line-height:113%; mso-ansi-language:EN-US; mso-ligatures:none\">&nbsp;<o:p></o:p></span></p>\r\n\r\n<p class=\"Heading01\" dir=\"RTL\" style=\"margin-bottom:0cm;margin-bottom:.0001pt;\r\ntext-align:justify;direction:rtl;unicode-bidi:embed\"><span lang=\"AR-SA\" style=\"color:black; font-family:adobe arabic; font-size:15.0pt; line-height:113%; mso-ansi-language:EN-US; mso-ligatures:none\">تُعدّ الخدمة الاجتماعية من أهمّ المِهن على الإطلاق؛حيث يكتسب الفرد عدّة مهارات عديدة&nbsp; و يتعزّز إنتماؤه للمجتمع المحليّ والإنساني، وسيمتلك روح العمل التعاوني ، وتمنحه القدرة على تحمّل المسؤولية، وتؤكّد على قيم العمل والوقت والنظام، وتحثّ الفرد على جعل تفكيره أكثر واقعية، وتزيد من قدرته على حلّ المشاكل بتفكير واعٍ وسليم، وتزيد من المهارات الفكرية.</span><span dir=\"LTR\" lang=\"AR-SA\" style=\"color:black; font-family:adobe arabic; font-size:15.0pt; line-height:113%; mso-ansi-language:EN-US; mso-ligatures:none\"> </span><span lang=\"AR-SA\" style=\"color:black; font-family:adobe arabic; font-size:15.0pt; line-height:113%; mso-ansi-language:EN-US; mso-ligatures:none\"><o:p></o:p></span></p>\r\n\r\n<p class=\"Heading01\" dir=\"RTL\" style=\"margin-bottom:0cm;margin-bottom:.0001pt;\r\ntext-align:justify;direction:rtl;unicode-bidi:embed\"><span lang=\"AR-SA\" style=\"color:black; font-family:adobe arabic; font-size:15.0pt; line-height:113%; mso-ansi-language:EN-US; mso-ligatures:none\"><o:p>&nbsp;</o:p></span></p>\r\n\r\n<p class=\"Heading01\" dir=\"RTL\" style=\"margin-bottom:0cm;margin-bottom:.0001pt;\r\ntext-align:justify;direction:rtl;unicode-bidi:embed\"><span lang=\"AR-SA\" style=\"color:black; font-family:adobe arabic; font-size:15.0pt; line-height:113%; mso-ansi-language:EN-US; mso-ligatures:none\">مرضى الأسنان عددهم كبير (حيث بلغت&nbsp; نسبة التسوس في المملكة لعمر 6 سنوات 96% و لعمر 12 سنة 93.6%) </span><span lang=\"AR-SA\" style=\"color:black; font-family:adobe arabic; font-size:10.0pt; line-height:113%; mso-ansi-language:EN-US; mso-ligatures:none\">إحصائية 1439هـ </span><span lang=\"AR-SA\" style=\"color:black; font-family:adobe arabic; font-size:15.0pt; line-height:113%; mso-ansi-language:EN-US; mso-ligatures:none\">، وللأسف كثير من مرضى الأسنان ليس لديهم علم بعيادات الأسنان المتوفرة بجامعات الاسنان والتي يصل عددها في الجامعة الواحدة إلى أكثر من 200 عيادة أسنان عامة وتخصصية ، مما استدعى إلى تزاحم المرضى في عيادات الأسنان التخصصية &nbsp;و العامة .<o:p></o:p></span></p>\r\n\r\n<p class=\"MsoNormal\" dir=\"RTL\" style=\"margin-bottom:0cm;margin-bottom:.0001pt;\r\ntext-align:justify;text-indent:36.0pt;mso-pagination:none;direction:rtl;\r\nunicode-bidi:embed\"><span lang=\"AR-SA\" style=\"color:black; font-family:adobe arabic; font-size:15.0pt; line-height:118%; mso-ligatures:none\">و من هذا المنطلق و إيجاد حلقة و صل بين أطباء الأسنان الدارسين بجامعات الأسنان الذي يبلغ عددهم في 2018م إلى أكثر من 12488 موزعين على 27 كلية طب أسنان (19 جامعة حكومية، 8 جامعات خاصة) و تسهيل مسيرتهم العلمية بعلاج عدد معين من حالات الأسنان، و كذلك تسهيلا للمرضى لتلقي علاج الأسنان.</span><span dir=\"LTR\" lang=\"EN-GB\" style=\"color:black; font-family:adobe arabic; font-size:15.0pt; line-height:118%; mso-ligatures:none\"><o:p></o:p></span></p>\r\n\r\n<p class=\"MsoNormal\" dir=\"RTL\" style=\"margin-bottom:0cm;margin-bottom:.0001pt;\r\ntext-align:justify;mso-pagination:none;direction:rtl;unicode-bidi:embed\"><span lang=\"AR-SA\" style=\"color:black; font-family:adobe arabic; font-size:15.0pt; line-height:118%; mso-ligatures:none\">فلذلك تم و لله الحمد إعداد برنامج طبيب أسنان مجاني ليقدم خدماته لكافة شرائح المجتمع و جميع الجنسيات و مختلف الأعمار و التخصصات (حشوات أسنان، تركيبات ثابتة و متحركة، علاج &nbsp;عصب و جذور الاسنان، و علاج اللثة, أسنان الأطفال، جراحة الأسنان).<o:p></o:p></span></p>\r\n\r\n<p><em style=\"color:black; font-family:adobe arabic; font-size:15pt; font-style:italic; text-align:justify\">مع تمنياتنا لكم بدوام الصحة و العافية</em><span style=\"color:transparent; font-family:sans-serif; font-size:22.5px; text-align:initial; white-space:pre\">ه</span></p>\r\n', '<p dir=\"RTL\">&nbsp;</p>\r\n\r\n<p dir=\"RTL\">&nbsp;</p>\r\n\r\n<p><span dir=\"RTL\">قال تعالى ( فَمَنْ يَعْمَلْ مِثْقَالَ ذَرَّةٍ خَيْرًا يَرَهُ )&nbsp;&nbsp;&nbsp;&nbsp;&nbsp;&nbsp; (سورة الزلزلة / الآية 7 ) صدق الله العظيم. </span></p>\r\n\r\n<p>&nbsp;</p>\r\n\r\n<p>&nbsp;</p>\r\n\r\n<p>Social service is one of the most&nbsp;&nbsp;&nbsp; important occupations of all time, where the individual acquire several skills and strengthens his belonging to the community and humanitarian, and will have the spirit of cooperative work, and give him the ability to take responsibility, and emphasizes the values ​​of work, time ,order, and urges the individual to make his thinking more realistic, and increase his ability to solve&nbsp;&nbsp; problems with creative&nbsp; thinking and sound, and increase intellectuality and skills.</p>\r\n\r\n<p>&nbsp;</p>\r\n\r\n<p>There are a large number of dental patients (where the percentage of caries in the Kingdom for the age of 6 years 96% and for the age of 12 years 93.6%) statistic 1439AH, and unfortunately many dental patients are not aware of dental clinics available in dental universities, which number in the university to more than 200 clinics General and specialized dentistry, which led to contention of patients in specialized and public dental clinics.</p>\r\n\r\n<p>From this standpoint, we found a link between the dentist studying in dental university (in 2018 more than 12,488)distributed in 27 dentistry faculties (19 government, 8 private) and facilitate their scientific career by treating a certain number of dental cases, as well as to facilitate for patients to receive dental treatment.</p>\r\n\r\n<p>Therefore, we have prepared a free dentist services to provide all&nbsp;&nbsp;&nbsp;&nbsp;&nbsp;&nbsp; segments of society, all nationalities and&nbsp;&nbsp; different ages and disciplines (dental fillings, fixed and removable prosthetics, root canal treatment, scaling and polishing, pediatric dentistry and dental surgery).</p>\r\n', 1, '1552317266.png', 11, '2019-03-11 13:14:26', '2019-10-02 14:04:11'),
(2, 'سياسة الخصوصية', 'Privacy Policy', '<p dir=\"RTL\"><strong>سياسة الخصوصية</strong></p>\r\n\r\n<p dir=\"RTL\">&nbsp;</p>\r\n\r\n<p dir=\"RTL\">هي منصة تمكن المرضى من جميع الجنسيات لتلقي خدمة طبيب اسنان مجاني لدى الأطباء المتدربين الجامعيين في مستشفيات الاسنان الجامعية &nbsp;</p>\r\n\r\n<p dir=\"RTL\">&nbsp;</p>\r\n\r\n<p dir=\"RTL\" style=\"margin-left:1.65pt\">تصف سياسة الخصوصية هذه، كيفية ومتى نجمع معلوماتك ونستخدمها ونشاركها عبر برامجنا/مواقعنا الإلكترونية والرسائل القصيرة وواجهات برمجة التطبيقات وإشعارات البريد الإلكتروني والتطبيقات والبرامج والأزرار والإعلانات وخدمات التجارة والخدمات الأخرى التي يتم تغطيتها والتي ترتبط بهذه السياسة ) وبشكل عام نسميها،</p>\r\n\r\n<p dir=\"RTL\" style=\"margin-left:1.65pt\">&quot;الخدمات&quot;(، ومن شركائنا وأطراف أخرى. على سبيل المثال ،ترسل إلينا معلومات عند استخدام خدماتنا على الويب أو عبر الرسائل القصيرة أو من برنامج/تطبيق أنشأناه على الأجهزة. عند استخدام أي من خدماتنا، فإنك توافق على جمع معلوماتك ونقلها وتخزينها والإفصاح عنها واستخدامها كما هو موضح في سياسة الخصوصية هذه. ويشمل ذلك أي معلومات تختار تقديمها تعتبر حساسة بموجب القانون المعمول به.</p>\r\n\r\n<p dir=\"RTL\" style=\"margin-left:5.2pt\">&nbsp;</p>\r\n\r\n<p dir=\"RTL\" style=\"margin-left:21.6pt\">عندما تشير هذه السياسة &quot;نحن&quot; أو &quot;لنا&quot;، فإنه يشير إلى وحدة تحكم المعلومات الخاصة بك بموجب هذه السياسة. يتم التحكم في المعلومات الخاصة بك من قبل )طبيب أسنان مجاني(. وعلى الرغم من ذلك، فإنك وحدك تتحكم في نشر المحتوى الذي تقدمه من خلال الخدمات، كما هو منصوص عليه في بنود الخدمة وقواعد )طبيب أسنان مجاني(.</p>\r\n\r\n<p dir=\"RTL\" style=\"margin-left:5.2pt\">&nbsp;</p>\r\n\r\n<p dir=\"RTL\" style=\"margin-left:12.4pt\">وبغض النظر عن البلد الذي تعيش فيه، فإنك تفوضنا بنقل وتخزين واستخدام المعلومات الخاصة بك في أي بلد نعمل فيه. وفي بعض هذه البلدان، قد تختلف قوانين وقواعد حماية الخصوصية والبيانات المتعلقة بوقت وصول السلطات الحكومية إلى البيانات عن تلك الموجودة في البلد الذي تعيش فيه.</p>\r\n\r\n<p dir=\"RTL\" style=\"margin-left:5.2pt\">&nbsp;</p>\r\n\r\n<p dir=\"RTL\">إذا كان لديك أي أسئلة أو تعليقات حول سياسة الخصوصية هذه، يرجى تقديم طلب من خلال نموذج لدينا، وهي متاحة في مواقع/برامج )طبيب أسنان مجاني(.</p>\r\n\r\n<p dir=\"RTL\" style=\"margin-left:1.65pt\">&nbsp;</p>\r\n\r\n<p dir=\"RTL\"><strong>جمع المعلومات واستخدامها</strong></p>\r\n\r\n<p dir=\"RTL\">نجمع معلوماتك ونستخدمها لتقديم خدماتنا وفهمها وتحسينها.</p>\r\n\r\n<p dir=\"RTL\" style=\"margin-left:1.65pt\">معلومات الحساب الأساسية: إذا اخترت إنشاء حساب عند )طبيب أسنان مجاني(، يجب أن تقدم لنا بعض المعلومات الشخصية، مثل اسمك أو اسم المستخدم أو كلمة المرور أو عنوان البريد الإلكتروني أو رقم الهاتف. على تطبيق/برنامج )طبيب أسنان مجاني(، يتم سرد اسمك واسم المستخدم علنا، بما في ذلك على صفحة ملفك الشخصي وفي نتائج البحث ،ويمكنك استخدام إما اسمك الحقيقي أو اسم مستعار. يمكنك إنشاء وإدارة حسابات متعددة عند )طبيب أسنان مجاني(. إذا كنت تستخدم تطبيقات )طبيب أسنان مجاني(، فمعلومات الاتصال بك والتي تقدمها لتسجيل الدخول ليست عامة للناس بل مخصصة للمرضى و الأطباء فيمابينهم المستفيدين من الخدمة. بعض من ميزات منتجاتنا، مثل البحث وعرض ملامح المستخدمين العامة أو مشاهدة البث على خدمات )طبيب أسنان مجاني(، والتي لا تتطلب منك إنشاء حساب.</p>\r\n\r\n<p dir=\"RTL\" style=\"margin-left:5.2pt\">&nbsp;</p>\r\n\r\n<p dir=\"RTL\" style=\"margin-left:8.6pt\"><strong>معلومات الاتصال</strong>: يمكنك استخدام معلومات الاتصال الخاصة بك، مثل عنوان البريد الإلكتروني أو رقم الهاتف وغيرها، لتخصيص حسابك أو تمكين ميزات حساب معينة ،على سبيل المثال، للتحقق من تسجيل الدخول أو تطبيقات )طبيب أسنان مجاني( عبر الرسائل القصيرة او ما سواها. إذا قمت بتزويدنا برقم هاتفك، فإنك توافق على تلقي رسائل نصية إلى هذا الرقم منا. يجوز لنا استخدام معلومات الاتصال الخاصة بك لإرسال معلومات عن خدماتنا أو تسويقها أو المساعدة على منع الرسائل غير المرغوب فيها أو الاحتيال أو إساءة الاستخدام ومساعدة الآخرين في العثور على حسابك، بما في ذلك من خلال خدمات الجهات الخارجية وتطبيقات (المستخدم). يمكنك استخدام الإعدادات المتوفرة للتحكم في الإشعارات التي تتلقاها من تطبيقات )طبيب أسنان مجاني(. إعدادات الخصوصية الخاصة بك تتحكم ما إذا كان الآخرون يمكن أن يجدوك على تطبيقات )طبيب أسنان مجاني( عن طريق عنوان البريد الإلكتروني الخاص بك أو رقم الهاتف أو غيرها.</p>\r\n\r\n<p dir=\"RTL\" style=\"margin-left:5.2pt\">&nbsp;</p>\r\n\r\n<p dir=\"RTL\" style=\"margin-left:12.8pt\"><strong>معلومات إضافية</strong>: إذا راسلتنا عبر البريد الإلكتروني، قد نحتفظ برسالتك وعنوان البريد الإلكتروني ومعلومات الاتصال للرد على طلبك. إذا ربطت حسابك على خدماتنا إلى حسابك على خدمة أخرى من أجل المشاركة بين خدماتنا وهذه الخدمة، قد ترسل خدمة أخرى لنا تسجيل أو تعريف المعلومات الخاصة بك على هذه الخدمة وغيرها من المعلومات التي لديك صرحت لها. وتمكن هذه المعلومات من النشر بينها، وتساعدنا في تحسين الخدمات، وقد نحتفظ بها.</p>\r\n\r\n<p dir=\"RTL\" style=\"margin-left:5.2pt\">&nbsp;</p>\r\n\r\n<p dir=\"RTL\" style=\"margin-left:6.2pt\"><strong>الرسائل ،المتابعات، القوائم، الملف الشخصي، وغيرها من المعلومات العامة</strong>: معظم المعلومات التي تقدمها لنا من خلال خدمات )طبيب أسنان مجاني( هي المعلومات التي تطلب منا أن تكون معلونة للجمهور. يمكنك تزويدنا بالمعلومات الشخصية لجعل الجمهور على خدمات )طبيب أسنان مجاني(، مثل سيرة قصيرة، موقعك، موقع الويب الخاص بك، وتاريخ الميلاد، أو صورة. بالإضافة إلى ذلك، تتضمن معلوماتك العامة الرسائل التي ترسلها؛ البيانات الوصفية المقدمة معهم، مثل عند إرسال وتطبيق (المستخدم) الذي اعتدت إرساله؛ معلومات عن حسابك، مثل وقت الإنشاء واللغة والبلد والمنطقة الزمنية؛ والقوائم التي تنشئها، والأشخاص الذين تتابعهم. يقوم )طبيب أسنان مجاني( على نطاق واسع وعلى الفور نشر المعلومات العامة لمجموعة واسعة من المستخدمين والعملاء، والخدمات، بما في ذلك محركات البحث والمطورين والناشرين التي تعمل على دمج محتوى )طبيب أسنان مجاني( إلى خدماتهم ،ومنظمات مثل الجامعات، ووكالات الصحة العامة، وشركات أبحاث السوق التي تحلل المعلومات عن الاتجاهات والرؤى. عند مشاركة معلومات أو محتوى مثل الصور ومقاطع الفيديو والروابط عبر الخدمات، يجب أن تفكر مليا في ما تعلنه بشكل عام. قد نستخدم هذه المعلومات لإجراء استدلالات، مثل الموضوعات التي قد تكون مهتم بها.</p>\r\n\r\n<p dir=\"RTL\" style=\"margin-left:5.2pt\">&nbsp;</p>\r\n\r\n<p dir=\"RTL\" style=\"margin-left:10.6pt\"><strong>الرسائل المباشرة والاتصالات غير العامة</strong>: نقدم بعض الميزات التي تتيح لك التواصل بشكل أكثر خصوصية. على سبيل المثال، يمكنك استخدام الرسائل المباشرة لإجراء محادثات خاصة مع مستخدمي برامج )طبيب أسنان مجاني( الآخرين. عند التواصل بشكل خاص مع الآخرين من خلال خدماتنا، مثل إرسال الرسائل المباشرة واستلامها، سنقوم بتخزين ومعالجة اتصالاتك والمعلومات المتعلقة بها. يرجى ملاحظة أنه إذا كنت تتفاعل مع محتوى )طبيب أسنان مجاني( العامة المشتركة معك عبر رسالة مباشرة، على سبيل المثال عند عمل لايك على رسالة مشتركة عبر رسالة مباشرة، تلك التفاعلات قد تكون عامة. في حين أن ميزات مثل الرسائل المباشرة يقصد بها أن تكون خاصة، يرجى تذكر أن المستلمين قد ينسخ ويخزن ويعيد مشاركة محتويات الاتصالات الخاصة بك.</p>\r\n\r\n<p dir=\"RTL\" style=\"margin-left:5.2pt\">&nbsp;</p>\r\n\r\n<p dir=\"RTL\" style=\"margin-left:13.8pt\"><strong>معلومات الموقع:</strong> قد نتلقى معلومات حول موقعك. على سبيل المثال، يمكنك اختيار نشر موقعك في رسائلك وفي ملفك الشخصي )طبيب أسنان مجاني(. قد تخبرنا أيضا موقعك عند تعيين موقع الاتجاه الخاص بك على برامج )طبيب أسنان مجاني(. وقد نحدد أيضا الموقع باستخدام بيانات أخرى من جهازك، مثل معلومات الموقع الدقيقة من نظام تحديد المواقع العالمي )<span dir=\"LTR\">GPS</span>(، ومعلومات عن الشبكات اللاسلكية أو أبراج الجوال بالقرب من جهازك الجوال، أو عنوان الشبكة الخاص بك. يجوز لنا استخدام معلومات حول موقعك وتخزينها لتوفير ميزات خاصة في خدماتنا، مثل المراسلة مع موقعك، وتحسين الخدمات وتخصيصها، على سبيل المثال، بمحتوى أكثر ملاءمة مثل الاتجاهات والقصص والإعلانات والاقتراحات المحلية للأشخاص.</p>\r\n\r\n<p dir=\"RTL\" style=\"margin-left:5.2pt\">&nbsp;</p>\r\n\r\n<p dir=\"RTL\" style=\"margin-left:1.65pt\"><strong>الروابط:</strong> يجوز لنا تتبع كيفية تفاعلك مع الروابط عبر خدماتنا، بما في ذلك إشعارات البريد الإلكتروني وخدمات الجهات الخارجية وتطبيقات (المستخدم)، وذلك عن طريق إعادة توجيه النقرات أو من خلال وسائل أخرى. ونحن نفعل ذلك للمساعدة في تحسين خدماتنا، وتقديم إعلانات أكثر ملاءمة، ولنتمكن من مشاركة إحصاءات النقرات المجمعة مثل عدد المرات التي تم فيها النقر على رابط معين. ستتم معالجة الروابط والرسائل والاتصالات غير العامة مثل الرسائل المباشرة المشتركة على الخدمات وتقصير الروابط إلى عنوان قصير عن طريق خدمة تقصير الروابط.</p>\r\n\r\n<p dir=\"RTL\" style=\"margin-left:5.2pt\">&nbsp;</p>\r\n\r\n<p dir=\"RTL\"><strong>ملفات تعريف الارتباط </strong><strong><span dir=\"LTR\">Cookies</span></strong><strong>:</strong> تستخدم العديد من مواقع الويب والبرامج ملفات تعريف الارتباط والتقنيات المشابهة لجمع بيانات إضافية عن استخدام مواقع الويب</p>\r\n\r\n<p dir=\"RTL\">وتحسين خدماتنا. ملف تعريف الارتباط هو ملف بيانات صغير يتم نقله إلى جهازك. يجوز لنا استخدام ملفات تعريف الارتباط للجلسات وملفات تعريف الارتباط الدائمة لفهم كيفية تفاعلك مع خدماتنا بشكل أفضل، ومراقبة الاستخدام الإجمالي من قبل المستخدمين وتوجيه حركة المرور على الويب على خدماتنا، ولتخصيص خدماتنا وتحسينها. على الرغم من أن معظم متصفحات الويب تقبل ملفات تعريف الارتباط تلقائيا، يمكن تعديل بعض إعدادات المتصفحات لرفض ملفات تعريف الارتباط أو تنبيهك عندما يحاول موقع ويب وضع ملف تعريف ارتباط على جهاز الكمبيوتر الخاص بك. ومع ذلك، قد لا تعمل بعض الخدمات بشكل صحيح إذا قمت بتعطيل ملفات تعريف الارتباط.</p>\r\n\r\n<p dir=\"RTL\" style=\"margin-left:5.2pt\">&nbsp;</p>\r\n\r\n<p dir=\"RTL\" style=\"margin-left:1.65pt\"><strong>استخدام خدماتنا:</strong> نتلقى معلومات منك/عنك عند التفاعل مع خدماتنا، حتى إذا لم تكن قد أنشأت حسابا )&quot;بيانات السجل&quot;(. على سبيل المثال، عند زيارة مواقعنا الإلكترونية أو تسجيل الدخول إلى خدماتنا أو التفاعل مع إشعارات البريد الإلكتروني أو استخدام حسابك للمصادقة على موقع ويب أو تطبيق أو خدمة تابعة لجهة خارجية أو زيارة موقع ويب أو تطبيق أو خدمة تابعة لجهة خارجية يتضمن تطبيقات )طبيب أسنان مجاني( زر أو أمر، فقد تتلقى معلومات عنك. قد تتضمن بيانات السجل هذه عنوان الشبكة أو نوع المتصفح أو نظام التشغيل أو صفحة الويب المحالة أو الصفحات التي تمت زيارتها أو الموقع أو مشغل شبكة الجوال أو معلومات الجهاز )بما في ذلك أرقام تعريف الجهاز والتطبيق( أو عبارات البحث أو معلومات ملفات تعريف الارتباط. كما نتلقى بيانات السجل عند النقر على عرض شيء أو التفاعل مع الروابط على خدماتنا، بما في ذلك وصلات إلى تطبيقات الطرف الثالث، مثل عند اختيار تثبيت تطبيق آخر من خلال تطبيقات )طبيب أسنان مجاني( / الشبكات. نستخدم بيانات السجل لإجراء استدلالات، مثل الموضوعات التي قد تكون مهتما بها، وتخصيص المحتوى الذي نعرضه لك، بما في ذلك الإعلانات. نحن نحافظ على بيانات السجل حسب الحاجة للأغراض الموضحة في سياسة الخصوصية هذه.</p>\r\n\r\n<p dir=\"RTL\" style=\"margin-left:5.2pt\">&nbsp;</p>\r\n\r\n<p dir=\"RTL\"><strong>بيانات القطعة </strong><strong><span dir=\"LTR\">Widget</span></strong><strong>:</strong> يمكننا تخصيص الخدمات لك استنادا إلى زياراتك إلى مواقع ويب تابعة لجهات خارجية والتي تدمج أزرار برامج )طبيب أسنان مجاني( أو الأدوات.</p>\r\n\r\n<p dir=\"RTL\">عندما تقوم هذه المواقع أولا بتحميل أزرارنا أو أدواتنا للعرض، نتلقى بيانات السجل التي تتضمن صفحة الويب التي زرتها وملف تعريف الارتباط الذي يعرف متصفحك</p>\r\n\r\n<p dir=\"RTL\">)&quot;بيانات القطعة&quot;(.</p>\r\n\r\n<p dir=\"RTL\" style=\"margin-left:5.2pt\">&nbsp;</p>\r\n\r\n<p dir=\"RTL\" style=\"margin-left:21.8pt\"><strong>خدمات التجارة:</strong> يمكنك تقديم معلومات الدفع، بما في ذلك رقم بطاقة الائتمان أو الخصم، وتاريخ انتهاء صلاحية البطاقة، ورمز السري، وأنواع الدفع الأخرى، وعنوان إرسال الفواتير )يشار إليه معا باسم &quot;معلومات الدفع&quot;(، إلى جانب عنوان الشحن، لإكمالها من خلال خدماتنا. لتسهيل عمليات الشراء المستقبلية، نخزن معلومات الدفع</p>\r\n\r\n<p dir=\"RTL\" style=\"margin-left:11.4pt\">)باستثناء رمز السري للبطاقة( وعنوان الشحن. نحن نعتبر معلومات الدفع وعنوان الشحن خاصة ولا نجعل هذه المعلومات عامة. لتسهيل تنفيذ الطلب، نقوم بجمع وتخزين المعلومات التي تم إنشاؤها بواسطة عمليات الشراء التي تتم من خلال خدماتنا )&quot;بيانات المعاملة&quot;(. قد تتضمن بيانات المعاملة اسم التاجر وتاريخ ووقت وقيمة المعاملة.</p>\r\n\r\n<p dir=\"RTL\" style=\"margin-left:5.2pt\">&nbsp;</p>\r\n\r\n<p dir=\"RTL\" style=\"margin-left:7.4pt\"><strong>الإعلان:</strong> خدماتنا مدعومة بالإعلانات. يجوز لنا استخدام المعلومات الموضحة في سياسة الخصوصية هذه للمساعدة في جعل إعلاناتنا أكثر ملاءمة لك ولقياس فعاليتها وللمساعدة في التعرف على أجهزتك لعرض إعلاناتك على برامج )طبيب أسنان مجاني( وإيقافها. على سبيل المثال، عند التفاعل مع المحتوى في تطبيق )طبيب أسنان مجاني( لأجهزة ما، قد نعرض محتوى )بما في ذلك الإعلانات( حول تلك المواضيع نفسها عند استخدام )طبيب أسنان مجاني( على الويب. نحن لا نستخدم المحتوى الذي تشاركه بشكل خاص في الرسائل المباشرة لعرض إعلاناتك. كما تحظر سياسة إعلانات )طبيب أسنان مجاني( على المعلنين استهداف الإعلانات استنادا إلى فئات نعتبرها حساسة، مثل العرق أو الدين أو السياسة أو الحياة الجنسية أو الصحة.</p>\r\n\r\n<p dir=\"RTL\" style=\"margin-left:5.2pt\">&nbsp;</p>\r\n\r\n<p dir=\"RTL\" style=\"margin-left:1.65pt\"><strong>الأطراف الثالثة والشركات التابعة:</strong> قد نتلقى معلومات عنك من جهات خارجية، مثل مستخدمي )طبيب أسنان مجاني( الآخرين، والشركاء )بما في ذلك الشركاء في الإعلانات(، أو الشركات التابعة لنا. على سبيل المثال، قد يشارك المستخدمون الآخرون معلومات عنك أو يكشفونها، مثل عندما يشاركونك أو يشاركون صورة لك أو يضعون علامة باسمك في صورة. تتحكم إعدادات الخصوصية في تحديد الأشخاص الذين يمكنهم وضع علامة باسمك في إحدى الصور. يمكن لشركاء الإعلانات والشركات التابعة لنا مشاركة المعلومات معنا مثل معرف ملف تعريف ارتباط المتصفح أو معرف جهاز الجوال أو تجزئة التشفير لمعرف حساب مشترك )مثل عنوان البريد الإلكتروني(، فضلا عن البيانات السكانية أو الاهتمامات والمحتوى المعروض أو الإجراءات المتخذة على موقع ويب أو تطبيق. قد يسمح لنا شركاؤنا في الإعلانات، ولا سيما معلنينا، بجمع معلومات مماثلة مباشرة من موقعهم الإلكتروني أو تطبيقهم من خلال دمج تقنية الإعلانات.</p>\r\n\r\n<p dir=\"RTL\" style=\"margin-left:5.2pt\">&nbsp;</p>\r\n\r\n<p dir=\"RTL\"><strong>تبادل المعلومات والإفصاح عنها</strong></p>\r\n\r\n<p dir=\"RTL\">نحن لا تكشف عن المعلومات الشخصية الخاصة بك إلا في ظروف محدودة وصفها هنا.</p>\r\n\r\n<p dir=\"RTL\" style=\"margin-left:5.2pt\">&nbsp;</p>\r\n\r\n<p dir=\"RTL\" style=\"margin-left:6.0pt\"><strong>موافقة المستخدم أو توجيهه:</strong> يجوز لنا مشاركة معلوماتك أو الإفصاح عنها في اتجاهك، مثل عند تفويض (مستخدم) ويب أو تطبيق ويب تابع لجهة خارجية للدخول إلى حسابك أو عند توجيهنا لمشاركة تعليقاتك مع نشاط تجاري. عند استخدام تطبيقات )طبيب أسنان مجاني( للتسجيل أو تسجيل الدخول إلى تطبيق طرف ثالث ،كتبادل معلومات الاتصال الخاصة بك، مثل رقم الهاتف الخاص بك، مع هذا التطبيق. إذا كنت قد شاركت المعلومات، مثل الرسائل المباشرة أو الرسائل المحمية، مع مستخدم آخر يقوم بالوصول إلى برامج )طبيب أسنان مجاني( من خلال خدمة من جهة خارجية، ضع في اعتبارك أنه يمكن مشاركة المعلومات مع خدمة الجهات الخارجية.</p>\r\n\r\n<p dir=\"RTL\" style=\"margin-left:5.2pt\">&nbsp;</p>\r\n\r\n<p dir=\"RTL\" style=\"margin-left:1.65pt\"><strong>مقدمي الخدمات:</strong> نشرك مقدمي الخدمات لأداء وظائف وتقديم الخدمات لنا في عدة بلدان. على سبيل المثال، نستخدم مجموعة متنوعة من خدمات الجهات الخارجية للمساعدة في توفير خدماتنا، مثل استضافة مدوناتنا المختلفة وصفحات ويكي، ومساعدتنا على فهم استخدام خدماتنا وتحسينها، مثل غوغل أناليتيكش. يجوز لنا مشاركة معلوماتك</p>\r\n\r\n<p dir=\"RTL\" style=\"margin-left:1.65pt\">الشخصية الخاصة مع مقدمي الخدمات الخاضعين لالتزامات تتفق مع سياسة الخصوصية هذه وأي تدابير سرية وأمنية أخرى مناسبة. نحن نشارك معلومات الدفع الخاصة بك مع مقدمي خدمات الدفع لمعالجة المدفوعات؛ منع وكشف والتحقيق في حالات الغش أو غيرها من الأنشطة المحظورة؛ تسهيل تسوية المنازعات مثل عمليات رد المبالغ المدفوعة أو رد الأموال؛ ولأغراض أخرى مرتبطة بقبول بطاقات الائتمان أو بطاقات السحب الآلي.</p>\r\n\r\n<p dir=\"RTL\" style=\"margin-left:5.2pt\">&nbsp;</p>\r\n\r\n<p dir=\"RTL\" style=\"margin-left:1.65pt\"><strong>المعاملات التجارية:</strong> إذا قمت بإجراء الدفع كجزء من معاملة تجارية من خلال خدماتنا، فقد نوفر للبائع أو مزود التجارة أو السوق أو المؤسسة الخيرية اسمك وعنوان البريد الإلكتروني وعنوان الشحن ومعلومات الدفع وبيانات المعاملات لتسهيل معالجة الدفع ، وتعبئة بيانات الطلب، وتسوية المنازعات )بما في ذلك المنازعات المتعلقة بالدفع والشحن( والمساعدة في منع الغش أو غيره من الأنشطة المحظورة والكشف عنها والتحقيق فيها. يرجى الرجوع إلى سياسات خصوصية هذه الجهات الخارجية للحصول على معلومات حول ممارسات الخصوصية.</p>\r\n\r\n<p dir=\"RTL\" style=\"margin-left:5.2pt\">&nbsp;</p>\r\n\r\n<p dir=\"RTL\" style=\"margin-left:1.65pt\"><strong>القانون والضرر:</strong> بغض النظر عن أي شيء يتعارض مع سياسة الخصوصية هذه، يجوز لنا الحفاظ على معلوماتك أو الإفصاح عنها إذا رأينا أن من الضروري بشكل معقول الامتثال لقانون أو لائحة أو إجراءات قانونية أو طلب حكومي؛ لحماية سلامة أي شخص؛ لمعالجة قضايا الاحتيال أو الأمن أو المسائل التقنية؛ أو لحماية حقوقنا أو حقوق مستخدمينا أو ممتلكاتنا. ومع ذلك، لا يوجد شيء في سياسة الخصوصية هذه يهدف إلى الحد من أي دفاعات قانونية أو اعتراضات قد تكون لديك لطرف ثالث، بما في ذلك الحكومة، وطلب الكشف عن المعلومات الخاصة بك.</p>\r\n\r\n<p dir=\"RTL\" style=\"margin-left:5.2pt\">&nbsp;</p>\r\n\r\n<p dir=\"RTL\"><strong>تحويلات الأعمال والشركات التابعة:</strong> في حال وقوعنا في حالة إفلاس أو اندماج أو اقتناء أو إعادة تنظيم أو بيع أصول، قد يتم بيع معلوماتك أو نقلها كجزء من تلك المعاملة.</p>\r\n\r\n<p dir=\"RTL\" style=\"margin-left:19.8pt\">وستسري سياسة الخصوصية هذه على معلوماتك على أنها نقلت إلى الكيان الجديد. وقد نكشف أيضا معلومات عنك إلى الشركات التابعة لنا للمساعدة في توفير الخدمات وفهمها وخدماتنا التابعة لنا وفهمها وتحسينها، بما في ذلك تقديم الإعلانات.</p>\r\n\r\n<p dir=\"RTL\" style=\"margin-left:1.65pt\">&nbsp;</p>\r\n\r\n<p dir=\"RTL\" style=\"margin-left:1.65pt\"><strong>المعلومات العامة أو غير الشخصية:</strong> يجوز لنا مشاركة معلوماتك العامة أو المجمعة أو غير الشخصية أو الكشف عنها، مثل معلومات الملف الشخصي للمستخدم العام ،والرسائل العامة، والأشخاص الذين تتابعهم أو الذين يتبعونك، وعدد مرات تفاعل الأشخاص مع رسالة )على سبيل المثال، عدد المستخدمين الذين نقروا على رابط معين أو صوتوا على استطلاع للرأي في إحدى الرسائل، حتى لو لم يفعلوا ذلك سوى(، أو عرض تقارير على المعلنين حول المستخدمين الفريدين الذين شاهدوا إعلاناتهم أو نقروا عليها بعد إزالتها وأي معلومات شخصية خاصة )مثل اسمك أو معلومات الاتصال(. معلومات أخرى، مثل اسمك واسم المستخدم، هو دائما عام على خدمات )طبيب أسنان مجاني(.</p>\r\n\r\n<p dir=\"RTL\" style=\"margin-left:5.2pt\">&nbsp;</p>\r\n\r\n<p dir=\"RTL\"><strong>الوصول إلى معلوماتك الشخصية وتعديلها</strong></p>\r\n\r\n<p dir=\"RTL\" style=\"margin-left:7.0pt\">إذا كنت مستخدما مسجلا لخدماتنا، فإننا نوفر لك الأدوات وإعدادات الحساب للدخول إلى المعلومات الشخصية التي قدمتها إلينا والمرتبطة بحسابك أو تصحيحها أو حذفها أو تعديلها.</p>\r\n\r\n<p dir=\"RTL\" style=\"margin-left:5.2pt\">&nbsp;</p>\r\n\r\n<p dir=\"RTL\">ضع في اعتبارك أن محركات البحث والأطراف الثالثة الأخرى قد تحتفظ بنسخ من معلوماتك العامة، مثل معلومات الملف الشخصي للمستخدم والرسائل العامة.</p>\r\n\r\n<p dir=\"RTL\" style=\"margin-left:5.2pt\">&nbsp;</p>\r\n\r\n<p dir=\"RTL\"><strong>عملياتنا العالمية</strong></p>\r\n\r\n<p dir=\"RTL\" style=\"margin-left:1.65pt\">وكما هو موضح في سياسة الخصوصية هذه، يجوز لنا مشاركة المعلومات مع الشركات التابعة لنا والجهات الخارجية، وقد يطلب منك الكشف عن المعلومات استجابة لطلبات حكومية مقبولة، بما في ذلك بموجب متطلبات إنفاذ القانون أو متطلبات الأمن القومي المعمول بها.&nbsp;</p>\r\n\r\n<p dir=\"RTL\" style=\"margin-left:5.2pt\">&nbsp;</p>\r\n\r\n<p dir=\"RTL\"><strong>تغييرات على هذه السياسة</strong></p>\r\n\r\n<p dir=\"RTL\" style=\"margin-left:14.6pt\">يجوز لنا مراجعة سياسة الخصوصية هذه من وقت لآخر. أحدث إصدار من السياسة تحكم استخدامنا للمعلومات الخاصة بك ستكون دائما في موقع&nbsp; )طبيب أسنان مجاني( تحت عنوان الخصوصية/سياسة الخصوصية. من خلال الاستمرار في الوصول إلى الخدمات أو استخدامها بعد أن تصبح هذه التغييرات فعالة، فإنك توافق على الالتزام بسياسة الخصوصية المنقحة.</p>\r\n\r\n<p dir=\"RTL\" style=\"margin-left:1.65pt\">&nbsp;</p>\r\n\r\n<p dir=\"RTL\"><strong>المصطلحات </strong></p>\r\n\r\n<p dir=\"RTL\" style=\"margin-left:-.55pt\"><strong>برنامج/البرنامج/تطبيق:</strong> يستخدم مصطلح &quot;<strong>البرنامج</strong>&quot; الوارد في هذه الوثيقة للإشارة إلى البرنامج الأصلي والنسخ الكاملة أو الجزئية من البرنامج/التطبيق/الموقع الالكتروني/الخدمة الالكترونية. ويتكون البرنامج من تعليمات مقروءة للحاسب ومكونات البرنامج والبيانات والمحتوى السمعي-البصري )مثل الصور والنصوص والتسجيلات( وكل ما يتعلق بالبرنامج من المواد المرخصة.</p>\r\n\r\n<p><strong><span dir=\"RTL\">جهاز/حاسب:</span></strong><span dir=\"RTL\"> جهاز الكتروني، مثل حاسب آلي/جوال/تابلت/خادم/حاسب افتراضي/جهاز تخزين</span></p>\r\n', '<p><strong>Privacy policy</strong></p>\r\n\r\n<p>&nbsp;</p>\r\n\r\n<p>It is a platform that enables patients of all nationalities to receive a free dentist service from university interns at university dental hospitals.</p>\r\n\r\n<p>&nbsp;</p>\r\n\r\n<p>This Privacy Policy describes how and when we collect, use, and share your information across our programs / websites, SMS, APIs, email notifications, applications, software, buttons, advertisements, trade services and other services covered which are linked to this policy) and in general we call it &quot;Services&quot;, and from our partners and third parties.</p>\r\n\r\n<p>&nbsp;</p>\r\n\r\n<p>For example, you send us information when you use our services on the web, via SMS, or from a program /application we have created on devices. By using any of our services, you agree to collect, transfer, and store and disclose your information and use it as described in this Privacy Policy, including any information you choose to provide that is sensitive under applicable law.</p>\r\n\r\n<p>&nbsp;</p>\r\n\r\n<p>When this policy refers to &quot;us&quot; or &quot;us&quot;, it refers to your information controller under this policy. Your information is controlled by (Free Dentist). However, you alone control the dissemination of the content you provide through the Services, as set forth in the Terms of Service and (Free Dentist) Rules.</p>\r\n\r\n<p>&nbsp;</p>\r\n\r\n<p>No matter what country you live in, you authorize us to transfer, store and use your information in any country where we operate. In some of these countries, privacy and data protection laws and rules on when government authorities access data may differ from those in the country where you live.</p>\r\n\r\n<p>&nbsp;</p>\r\n\r\n<p><br />\r\nIf you have any questions or comments about this privacy policy, please apply through our form, available at websites / programs (free dentist).</p>\r\n\r\n<p>&nbsp;</p>\r\n\r\n<p><br />\r\n&nbsp;</p>\r\n\r\n<p>&nbsp;</p>\r\n\r\n<p>&nbsp;</p>\r\n\r\n<p>&nbsp;</p>\r\n\r\n<p><strong>Collection and use of information</strong></p>\r\n\r\n<p>&nbsp;</p>\r\n\r\n<p>We collect and use your information to provide, understand and improve our services.</p>\r\n\r\n<p>&nbsp;</p>\r\n\r\n<p><strong>Basic Account Information:</strong> If you choose to create an account at (Free Dentist), you must provide us with some personal information, such as your name, username, password, email address or phone number.</p>\r\n\r\n<p>&shy;&shy;&shy;</p>\r\n\r\n<p>Your name and username are listed publicly, including on your profile page and in search results, and you can use either your real name or an alias. You can create and manage multiple accounts at (Free Dentist). And that you provide for login is not public for people but for patients and dentists is private. Some of the features of our products, such as searching and viewing general user profiles or watching broadcasts on (Free Dentist) services, do not require you to create an account.</p>\r\n\r\n<p>&nbsp;</p>\r\n\r\n<p>&nbsp;</p>\r\n\r\n<p>&nbsp;</p>\r\n\r\n<p><strong>Additional Information:</strong> If you email us, we may retain your message, email address and contact information to respond to your request.</p>\r\n\r\n<p>&nbsp;</p>\r\n\r\n<p>If you link your account on our services to your account on another service in order to share our services with this service, another service may send us a registration or identification of your information on this service and other information that you have authorized.</p>\r\n\r\n<p>&nbsp;</p>\r\n\r\n<p>This information enables them to be disseminated, helps us to improve services, and we may retain them. Messages, follow-ups, menus, profile, and other general information.</p>\r\n\r\n<p>&nbsp;</p>\r\n\r\n<p>Most of the information you provide to us through (Free Dentist) services is information that asks us to be publicly available. Such as a short biography, your location, your website, date of birth, or a photo. In addition, your general information includes messages you send, Creation time, language, country and time zone That you create, and the people you follow. Free Dentist (widely and instantly disseminate public information to a wide range of users, customers, and services, including search engines, developers and publishers that integrate content) Free Dentist (to their services, organizations such as universities, public health agencies, research companies When you share information or content such as photos, videos, and links across services, you should think carefully about what you publicly announce, and we may use this information to make inferences, such as topics you might be interested in.</p>\r\n\r\n<p>&nbsp;</p>\r\n\r\n<p><strong>Direct messaging and non-public communications:</strong> We offer some features that allow you to communicate more privately.</p>\r\n\r\n<p>&nbsp;</p>\r\n\r\n<p>For example, you can use direct messages to have private conversations with other users of a free dentist program. When you communicate privately with others through our services, such as sending and receiving direct messages, we will store and process your communications and related information.</p>\r\n\r\n<p>&nbsp;</p>\r\n\r\n<p>&nbsp;</p>\r\n\r\n<p>&nbsp;</p>\r\n\r\n<p>Please note that if you interact with public (free dentist) content shared with you via direct message, for example when Lake works on a shared message via direct message, those interactions may be public. While features such as direct messages are intended to be private, please remember that Recipients may copy, store, and restore the contents of your hip communications.</p>\r\n\r\n<p>&nbsp;</p>\r\n\r\n<p><strong>Location information:</strong> We may receive information about your location. For example, you can choose to publish your location in your messages and in your profile (free dentist).</p>\r\n\r\n<p>&nbsp;</p>\r\n\r\n<p>You may also tell us your location when you set your direction location to (free dentist) programs. We may also determine the location using other data from your device, such as location information about wireless networks or mobile towers near your mobile device, or your network address.</p>\r\n\r\n<p>&nbsp;</p>\r\n\r\n<p>&nbsp;</p>\r\n\r\n<p>&nbsp;</p>\r\n\r\n<p>We may use and store information about your location to provide special features in our services, such as messaging with your location, improving and customizing services, For example, with more relevant content such as a trend The stories and suggestions for local people.</p>\r\n\r\n<p>&nbsp;</p>\r\n\r\n<p>&nbsp;</p>\r\n\r\n<p><strong>Links:</strong> We may track how you interact with links across our services, including email notifications, third-party services, and (user) apps, by redirecting clicks or through other means.</p>\r\n\r\n<p>&nbsp;</p>\r\n\r\n<p>We do this to help improve our services, deliver more relevant ads, and be able to share aggregate click statistics such as the number of times a particular link was clicked. Links, messages and non-public communications such as direct messages shared on the Services and shortening of links to a short address will be handled by the Shortening Service.</p>\r\n\r\n<p>&nbsp;</p>\r\n\r\n<p>&nbsp;</p>\r\n\r\n<p>&nbsp;</p>\r\n\r\n<p>&nbsp;</p>\r\n\r\n<p><strong>Cookies</strong>: Many websites and programs use cookies and similar technologies to collect additional data about the use of websites and improve our service. A cookie is a small data file that is transferred to your device.</p>\r\n\r\n<p>&nbsp;</p>\r\n\r\n<p>We may use session cookies and persistent cookies to better understand how you interact with our services, Monitor the overall use by users and direct web traffic to our services, and to customize and improve our services.</p>\r\n\r\n<p>&nbsp;</p>\r\n\r\n<p>Although most web browsers automatically accept cookies, some browser settings can be modified to reject cookies or alert you when a website tries to place a cookie on your computer. However, some services may not work correctly if you disable cookies.</p>\r\n\r\n<p>&nbsp;</p>\r\n\r\n<p>&nbsp;</p>\r\n\r\n<p>&nbsp;</p>\r\n\r\n<p>&nbsp;</p>\r\n\r\n<p>&nbsp;</p>\r\n\r\n<p><strong>Use of our Services</strong>: We receive information from you / about you when interacting with our services, even if you have not created an account (&ldquo;Registration Data&rdquo;).</p>\r\n\r\n<p>&nbsp;</p>\r\n\r\n<p>For example, when you visit our websites, log into our services, interact with email notifications, or use your account to authenticate On a third-party website, application, or service, or visit a third-party website, application, or service that includes a button or command, you may receive information about you.</p>\r\n\r\n<p>&nbsp;</p>\r\n\r\n<p>This log data may include the network address, browser type, operating system, referred webpage, pages visited, site, carrier, device information (including device and app IDs), search terms, or cookie information.</p>\r\n\r\n<p>&nbsp;</p>\r\n\r\n<p>&nbsp;</p>\r\n\r\n<p>&nbsp;</p>\r\n\r\n<p>&nbsp;</p>\r\n\r\n<p>&nbsp;</p>\r\n\r\n<p>&nbsp;</p>\r\n\r\n<p>&nbsp;</p>\r\n\r\n<p>We receive log data when you click to view something or interact with links on our services, including links to third-party applications, such as when you choose to install another application through apps (free dentist) / networks. You may be interested in them; customize the tastiest content We maintain log data as needed for the purposes described in this Privacy Policy.</p>\r\n\r\n<p>&nbsp;</p>\r\n\r\n<p><strong>Widget data:</strong> We can customize services for you based on your visits to third-party websites that incorporate software buttons (free dentist) or tools.</p>\r\n\r\n<p>&nbsp;</p>\r\n\r\n<p>When these sites first load our buttons or tools for viewing, we receive log data that includes the webpage you visited and the cookie that identifies your browser (&quot;Widget data&quot;).</p>\r\n\r\n<p>&nbsp;</p>\r\n\r\n<p>&nbsp;</p>\r\n\r\n<p>&nbsp;</p>\r\n\r\n<p>&nbsp;</p>\r\n\r\n<p>&nbsp;</p>\r\n\r\n<p>&nbsp;</p>\r\n\r\n<p>&nbsp;</p>\r\n\r\n<p><strong>Trade Services</strong>: You can provide payment information, including credit or debit card number, card expiration date, secret code, other payment types, and billing address (together referred to as &quot;payment information&quot;), along with shipping address, to be completed from to facilitate future purchases, we store payment information (Excluding card secret code) and shipping address.</p>\r\n\r\n<p>&nbsp;</p>\r\n\r\n<p>We consider payment information and shipping address private and do not make this information public. To facilitate order execution, we collect and store information generated by purchases made through our services (&quot;Transaction Information&quot;). Transaction information Merchant name, date, time and value of the transaction.</p>\r\n\r\n<p>&nbsp;</p>\r\n\r\n<p>&nbsp;</p>\r\n\r\n<p>&nbsp;</p>\r\n\r\n<p>&nbsp;</p>\r\n\r\n<p>&nbsp;</p>\r\n\r\n<p>&nbsp;</p>\r\n\r\n<p>&nbsp;</p>\r\n\r\n<p><strong>Advertising</strong>: Our services are supported by advertising. We may use the information described in this privacy policy to help make our ads more relevant to you, to measure their effectiveness, and to help identify your devices to show and stop your ads on (free dentist) programs. We may not display content (including ads) on those same topics when you use (free dentist) on the web.</p>\r\n\r\n<p>&nbsp;</p>\r\n\r\n<p>Target ads based on categories we consider Here are sensitive, such as race, religion, politics or sex life or health.</p>\r\n\r\n<p>&nbsp;</p>\r\n\r\n<p><strong>Third parties and affiliates: </strong>We may receive information about you from third parties, such as other (free dentist) users, partners (including advertising partners), or our affiliates.</p>\r\n\r\n<p>&nbsp;</p>\r\n\r\n<p>&nbsp;</p>\r\n\r\n<p>&nbsp;</p>\r\n\r\n<p>&nbsp;</p>\r\n\r\n<p>&nbsp;</p>\r\n\r\n<p>&nbsp;</p>\r\n\r\n<p>For example, other users may share or disclose information about you, such as when they share, share a photo, or tag you in a photo.</p>\r\n\r\n<p>&nbsp;</p>\r\n\r\n<p>Your privacy settings control who can tag you in a photo. Advertising partners and affiliates can share information with us such as a browser cookie ID, mobile device ID, or cryptographic hash of a shared account ID (such as an email address), as well as demographics, interests, content displayed, or actions taken on a website or app.</p>\r\n\r\n<p>&nbsp;</p>\r\n\r\n<p>Our advertising partners, especially our advertisers, allow us to collect similar information directly from their website or application by integrating advertising technology.</p>\r\n\r\n<p>&nbsp;</p>\r\n\r\n<p><strong>Exchange of information and disclosure</strong></p>\r\n\r\n<p>&nbsp;</p>\r\n\r\n<p>We do not disclose your personal information except in the limited circumstances described here.</p>\r\n\r\n<p>&nbsp;</p>\r\n\r\n<p>&nbsp;</p>\r\n\r\n<p>&nbsp;</p>\r\n\r\n<p><strong>User consent or routing: </strong>We may share or disclose your information towards you, such as when you authorize a web (or user) or a third-party web app to access your account or when we direct you to share your feedback with a business.</p>\r\n\r\n<p>&nbsp;</p>\r\n\r\n<p>When you use Apps (Free Dentist) to register or sign in to a third-party application, you share your contact information, such as your phone number, with this app.</p>\r\n\r\n<p>&nbsp;</p>\r\n\r\n<p>If you have shared information, such as direct or protected messages, with another user by accessing (free dentist) programs through a third-party service, keep in mind that information can be shared with the third-party service.</p>\r\n\r\n<p>&nbsp;</p>\r\n\r\n<p>&nbsp;</p>\r\n\r\n<p>&nbsp;</p>\r\n\r\n<p>&nbsp;</p>\r\n\r\n<p>&nbsp;</p>\r\n\r\n<p>&nbsp;</p>\r\n\r\n<p>&nbsp;</p>\r\n\r\n<p><strong>Service Providers: </strong>We involve service providers to perform functions and provide services to us in several countries. For example, we use a variety of third-party services to help provide our services, such as hosting our various blogs and wiki pages, and helping us understand and improve the use of our services, such as Google Analytics.</p>\r\n\r\n<p>&nbsp;</p>\r\n\r\n<p>We may share your information Your personal privacy with service providers subject to obligations consistent with this Privacy Policy and any other appropriate confidentiality and security measures.</p>\r\n\r\n<p>&nbsp;</p>\r\n\r\n<p>We share your payment information with payment service providers to process payments prevent, detect and investigate fraud or other prohibited activities facilitate dispute resolution such as chargebacks or refunds and for other purposes associated with accepting credit or debit cards.</p>\r\n\r\n<p>&nbsp;</p>\r\n\r\n<p>&nbsp;</p>\r\n\r\n<p>&nbsp;</p>\r\n\r\n<p>&nbsp;</p>\r\n\r\n<p><strong>Business Transactions:</strong> If you make payment as part of a business transaction through our services, we may provide the seller, trade provider, market or charity with your name, e-mail address, shipping address, payment information and transaction information to facilitate payment processing, fill out order details, and resolve disputes (including Disputes relating to payment and shipment (and assistance in preventing, detecting and investigating fraud or other prohibited activities.</p>\r\n\r\n<p>&nbsp;</p>\r\n\r\n<p>Please refer to these third party privacy policies for information on privacy practices.</p>\r\n\r\n<p>&nbsp;</p>\r\n\r\n<p><strong>Law and Damage: </strong>Notwithstanding anything that conflicts with this Privacy Policy, we may maintain or disclose your information if we believe it is reasonably necessary to comply with a law, regulation, legal process or government request to protect the safety of any person to address fraud or security issues or technical matters; or to protect our rights or the rights of our users or property.</p>\r\n\r\n<p>&nbsp;</p>\r\n\r\n<p>However, there is nothing in this privacy policy designed to limit any legal defenses or objections you may have to a third party, including the government, and request disclosure of your information.</p>\r\n\r\n<p>&nbsp;</p>\r\n\r\n<p><strong>Business Transfers and Subsidiaries:</strong> In the event of bankruptcy, merger, acquisition, reorganization or sale of assets, your information may be sold or transferred as part of that transaction.</p>\r\n\r\n<p>&nbsp;</p>\r\n\r\n<p>This privacy policy will apply to your information as being transferred to the new entity. We may also disclose information about you to our affiliates to help provide, understand, improve and improve our services, including our advertising.</p>\r\n\r\n<p>&nbsp;</p>\r\n\r\n<p><strong>Public or non-personal information:</strong> We may share or disclose your public, aggregated, or non-personal information, such as public user profile information, public messages, people you follow or follow, and how often people interact with a message (e.g. number of users Who clicked on a particular link or voted on a survey in a message, even if they only did so, (or displayed reports to advertisers about unique users who viewed or clicked on their ads after they were removed and any personal information (such as your name or contact information). Other information, such as your name, user name, it is always public in the service) Free dentist</p>\r\n\r\n<p>&nbsp;</p>\r\n\r\n<p>Access and edit your personal information</p>\r\n\r\n<p>If you are a registered user of our services, we provide you with the tools and account settings to access, correct, delete, or modify the personal information you have provided to us associated with your account.</p>\r\n\r\n<p>&nbsp;</p>\r\n\r\n<p>Keep in mind that search engines and other third parties may keep copies of your public information, such as user profile information and public messages.</p>\r\n\r\n<p>&nbsp;</p>\r\n\r\n<p><strong>Our global operations</strong></p>\r\n\r\n<p>As described in this Privacy Policy, we may share information with our affiliates and third parties, and you may be required to disclose information in response to acceptable government requests, including under applicable law enforcement or national security requirements.</p>\r\n\r\n<p>&nbsp;</p>\r\n\r\n<p><strong>Changes to this policy</strong></p>\r\n\r\n<p>We may review this Privacy Policy from time to time. The latest version of the Policy governing our use of your information will always be on the Free Dentist website under the Privacy / Privacy Policy.</p>\r\n\r\n<p>&nbsp;</p>\r\n\r\n<p>By continuing to access or use the Services after these changes become effective, you agree to be bound by the revised Privacy Policy.</p>\r\n\r\n<p>&nbsp;</p>\r\n\r\n<p><strong>Terminology</strong></p>\r\n\r\n<p>&nbsp;</p>\r\n\r\n<p>Software / Program / Application: The term &ldquo;software&rdquo; used in this document is used to refer to the original software and the full or partial copies of the software / application / website / electronic service.</p>\r\n\r\n<p>&nbsp;</p>\r\n\r\n<p>The software consists of readable instructions for the computer, software components, data, audiovisual content (such as images, text and recordings) and all software-related materials.</p>\r\n\r\n<p><strong>Device / computer:</strong> An electronic device, such as a computer / mobile / tablet / server / virtual computer / storage device.</p>\r\n', 2, '1552317904.png', 11, '2019-03-11 13:25:04', '2019-10-07 06:10:30'),
(3, 'الرسالة', 'Message', 'هذا النص هو مثال لنص يمكن أن يستبدل في نفس المساحة، لقد تم توليد هذا \r\nالنص من مولد النص العربى، حيث يمكنك أن تولد مثل هذا النص أو العديد من \r\nالنصوص الأخرى إضافة إلى زيادة عدد الحروف التى يولدها التطبيق.<br class=\"line-break\">\r\n إذا كنت تحتاج إلى عدد أكبر من الفقرات يتيح لك مولد النص العربى زيادة \r\nعدد الفقرات كما تريد، النص لن يبدو مقسما ولا يحوي أخطاء لغوية، مولد النص\r\n العربى مفيد لمصممي المواقع على وجه الخصوص، حيث يحتاج العميل فى كثير من \r\nالأحيان أن يطلع على صورة حقيقية لتصميم الموقع.', '<p><strong>Lorem Ipsum</strong> is simply dummy text of the printing and \r\ntypesetting industry. Lorem Ipsum has been the industry\'s standard dummy\r\n text ever since the 1500s, when an unknown printer took a galley of \r\ntype and scrambled it to make a type specimen book. It has survived not \r\nonly five centuries, but also the leap into electronic typesetting, \r\nremaining essentially unchanged. It was popularised in the 1960s with \r\nthe release of Letraset sheets containing Lorem Ipsum passages, and more\r\n recently with desktop publishing software like Aldus PageMaker \r\nincluding versions of Lorem Ipsum.</p>', 3, '1552318018.png', 11, '2019-03-11 13:26:58', '2019-03-11 13:26:58'),
(4, 'الأهداف', 'Goals', '<p>هذا النص هو مثال لنص يمكن أن يستبدل في نفس المساحة، لقد تم توليد هذا \r\nالنص من مولد النص العربى، حيث يمكنك أن تولد مثل هذا النص أو العديد من \r\nالنصوص الأخرى إضافة إلى زيادة عدد الحروف التى يولدها التطبيق.<br class=\"line-break\">\r\n إذا كنت تحتاج إلى عدد أكبر من الفقرات يتيح لك مولد النص العربى زيادة \r\nعدد الفقرات كما تريد، النص لن يبدو مقسما ولا يحوي أخطاء لغوية، مولد النص\r\n العربى مفيد لمصممي المواقع على وجه الخصوص، حيث يحتاج العميل فى كثير من \r\nالأحيان أن يطلع على صورة حقيقية لتصميم الموقع.</p>', '<p><strong>Lorem Ipsum</strong> is simply dummy text of the printing and \r\ntypesetting industry. Lorem Ipsum has been the industry\'s standard dummy\r\n text ever since the 1500s, when an unknown printer took a galley of \r\ntype and scrambled it to make a type specimen book. It has survived not \r\nonly five centuries, but also the leap into electronic typesetting, \r\nremaining essentially unchanged. It was popularised in the 1960s with \r\nthe release of Letraset sheets containing Lorem Ipsum passages, and more\r\n recently with desktop publishing software like Aldus PageMaker \r\nincluding versions of Lorem Ipsum.</p>', 4, '1552318072.png', 11, '2019-03-11 13:27:52', '2019-03-11 13:27:52');
INSERT INTO `pages` (`page_id`, `page_name_ar`, `page_name_en`, `page_desc_ar`, `page_desc_en`, `page_order`, `page_photo`, `created_by`, `created_at`, `updated_at`) VALUES
(5, 'ff', 's', 'هذا النص هو مثال لنص يمكن أن يستبدل في نفس المساحة، لقد تم توليد هذا النص من مولد النص العربى، حيث يمكنك أن تولد مثل هذا النص أو العديد من النصوص الأخرى إضافة إلى زيادة عدد الحروف التى يولدها التطبيق. إذا كنت تحتاج إلى عدد أكبر من الفقرات يتيح لك مولد النص العربى زيادة عدد الفقرات كما تريد، النص لن يبدو مقسما ولا يحوي أخطاء لغوية، مولد النص العربى مفيد لمصممي المواقع على وجه الخصوص، حيث يحتاج العميل فى كثير من الأحيان أن يطلع على صورة حقيقية لتصميم الموقع.', '<p dir=\"RTL\"><strong>سياسة الخصوصية</strong></p>\r\n\r\n<p dir=\"RTL\">&nbsp;</p>\r\n\r\n<p dir=\"RTL\">هي منصة تمكن المرضى من جميع الجنسيات لتلقي خدمة طبيب اسنان مجاني لدى الأطباء المتدربين الجامعيين في مستشفيات الاسنان الجامعية &nbsp;</p>\r\n\r\n<p dir=\"RTL\">&nbsp;</p>\r\n\r\n<p dir=\"RTL\" style=\"margin-left:1.65pt\">تصف سياسة الخصوصية هذه، كيفية ومتى نجمع معلوماتك ونستخدمها ونشاركها عبر برامجنا/مواقعنا الإلكترونية والرسائل القصيرة وواجهات برمجة التطبيقات وإشعارات البريد الإلكتروني والتطبيقات والبرامج والأزرار والإعلانات وخدمات التجارة والخدمات الأخرى التي يتم تغطيتها والتي ترتبط بهذه السياسة ) وبشكل عام نسميها،</p>\r\n\r\n<p dir=\"RTL\" style=\"margin-left:1.65pt\">&quot;الخدمات&quot;(، ومن شركائنا وأطراف أخرى. على سبيل المثال ،ترسل إلينا معلومات عند استخدام خدماتنا على الويب أو عبر الرسائل القصيرة أو من برنامج/تطبيق أنشأناه على الأجهزة. عند استخدام أي من خدماتنا، فإنك توافق على جمع معلوماتك ونقلها وتخزينها والإفصاح عنها واستخدامها كما هو موضح في سياسة الخصوصية هذه. ويشمل ذلك أي معلومات تختار تقديمها تعتبر حساسة بموجب القانون المعمول به.</p>\r\n\r\n<p dir=\"RTL\" style=\"margin-left:5.2pt\">&nbsp;</p>\r\n\r\n<p dir=\"RTL\" style=\"margin-left:21.6pt\">عندما تشير هذه السياسة &quot;نحن&quot; أو &quot;لنا&quot;، فإنه يشير إلى وحدة تحكم المعلومات الخاصة بك بموجب هذه السياسة. يتم التحكم في المعلومات الخاصة بك من قبل )طبيب أسنان مجاني(. وعلى الرغم من ذلك، فإنك وحدك تتحكم في نشر المحتوى الذي تقدمه من خلال الخدمات، كما هو منصوص عليه في بنود الخدمة وقواعد )طبيب أسنان مجاني(.</p>\r\n\r\n<p dir=\"RTL\" style=\"margin-left:5.2pt\">&nbsp;</p>\r\n\r\n<p dir=\"RTL\" style=\"margin-left:12.4pt\">وبغض النظر عن البلد الذي تعيش فيه، فإنك تفوضنا بنقل وتخزين واستخدام المعلومات الخاصة بك في أي بلد نعمل فيه. وفي بعض هذه البلدان، قد تختلف قوانين وقواعد حماية الخصوصية والبيانات المتعلقة بوقت وصول السلطات الحكومية إلى البيانات عن تلك الموجودة في البلد الذي تعيش فيه.</p>\r\n\r\n<p dir=\"RTL\" style=\"margin-left:5.2pt\">&nbsp;</p>\r\n\r\n<p dir=\"RTL\">إذا كان لديك أي أسئلة أو تعليقات حول سياسة الخصوصية هذه، يرجى تقديم طلب من خلال نموذج لدينا، وهي متاحة في مواقع/برامج )طبيب أسنان مجاني(.</p>\r\n\r\n<p dir=\"RTL\" style=\"margin-left:1.65pt\">&nbsp;</p>\r\n\r\n<p dir=\"RTL\"><strong>جمع المعلومات واستخدامها</strong></p>\r\n\r\n<p dir=\"RTL\">نجمع معلوماتك ونستخدمها لتقديم خدماتنا وفهمها وتحسينها.</p>\r\n\r\n<p dir=\"RTL\" style=\"margin-left:1.65pt\">معلومات الحساب الأساسية: إذا اخترت إنشاء حساب عند )طبيب أسنان مجاني(، يجب أن تقدم لنا بعض المعلومات الشخصية، مثل اسمك أو اسم المستخدم أو كلمة المرور أو عنوان البريد الإلكتروني أو رقم الهاتف. على تطبيق/برنامج )طبيب أسنان مجاني(، يتم سرد اسمك واسم المستخدم علنا، بما في ذلك على صفحة ملفك الشخصي وفي نتائج البحث ،ويمكنك استخدام إما اسمك الحقيقي أو اسم مستعار. يمكنك إنشاء وإدارة حسابات متعددة عند )طبيب أسنان مجاني(. إذا كنت تستخدم تطبيقات )طبيب أسنان مجاني(، فمعلومات الاتصال بك والتي تقدمها لتسجيل الدخول ليست عامة للناس بل مخصصة للمرضى و الأطباء فيمابينهم المستفيدين من الخدمة. بعض من ميزات منتجاتنا، مثل البحث وعرض ملامح المستخدمين العامة أو مشاهدة البث على خدمات )طبيب أسنان مجاني(، والتي لا تتطلب منك إنشاء حساب.</p>\r\n\r\n<p dir=\"RTL\" style=\"margin-left:5.2pt\">&nbsp;</p>\r\n\r\n<p dir=\"RTL\" style=\"margin-left:8.6pt\"><strong>معلومات الاتصال</strong>: يمكنك استخدام معلومات الاتصال الخاصة بك، مثل عنوان البريد الإلكتروني أو رقم الهاتف وغيرها، لتخصيص حسابك أو تمكين ميزات حساب معينة ،على سبيل المثال، للتحقق من تسجيل الدخول أو تطبيقات )طبيب أسنان مجاني( عبر الرسائل القصيرة او ما سواها. إذا قمت بتزويدنا برقم هاتفك، فإنك توافق على تلقي رسائل نصية إلى هذا الرقم منا. يجوز لنا استخدام معلومات الاتصال الخاصة بك لإرسال معلومات عن خدماتنا أو تسويقها أو المساعدة على منع الرسائل غير المرغوب فيها أو الاحتيال أو إساءة الاستخدام ومساعدة الآخرين في العثور على حسابك، بما في ذلك من خلال خدمات الجهات الخارجية وتطبيقات (المستخدم). يمكنك استخدام الإعدادات المتوفرة للتحكم في الإشعارات التي تتلقاها من تطبيقات )طبيب أسنان مجاني(. إعدادات الخصوصية الخاصة بك تتحكم ما إذا كان الآخرون يمكن أن يجدوك على تطبيقات )طبيب أسنان مجاني( عن طريق عنوان البريد الإلكتروني الخاص بك أو رقم الهاتف أو غيرها.</p>\r\n\r\n<p dir=\"RTL\" style=\"margin-left:5.2pt\">&nbsp;</p>\r\n\r\n<p dir=\"RTL\" style=\"margin-left:12.8pt\"><strong>معلومات إضافية</strong>: إذا راسلتنا عبر البريد الإلكتروني، قد نحتفظ برسالتك وعنوان البريد الإلكتروني ومعلومات الاتصال للرد على طلبك. إذا ربطت حسابك على خدماتنا إلى حسابك على خدمة أخرى من أجل المشاركة بين خدماتنا وهذه الخدمة، قد ترسل خدمة أخرى لنا تسجيل أو تعريف المعلومات الخاصة بك على هذه الخدمة وغيرها من المعلومات التي لديك صرحت لها. وتمكن هذه المعلومات من النشر بينها، وتساعدنا في تحسين الخدمات، وقد نحتفظ بها.</p>\r\n\r\n<p dir=\"RTL\" style=\"margin-left:5.2pt\">&nbsp;</p>\r\n\r\n<p dir=\"RTL\" style=\"margin-left:6.2pt\"><strong>الرسائل ،المتابعات، القوائم، الملف الشخصي، وغيرها من المعلومات العامة</strong>: معظم المعلومات التي تقدمها لنا من خلال خدمات )طبيب أسنان مجاني( هي المعلومات التي تطلب منا أن تكون معلونة للجمهور. يمكنك تزويدنا بالمعلومات الشخصية لجعل الجمهور على خدمات )طبيب أسنان مجاني(، مثل سيرة قصيرة، موقعك، موقع الويب الخاص بك، وتاريخ الميلاد، أو صورة. بالإضافة إلى ذلك، تتضمن معلوماتك العامة الرسائل التي ترسلها؛ البيانات الوصفية المقدمة معهم، مثل عند إرسال وتطبيق (المستخدم) الذي اعتدت إرساله؛ معلومات عن حسابك، مثل وقت الإنشاء واللغة والبلد والمنطقة الزمنية؛ والقوائم التي تنشئها، والأشخاص الذين تتابعهم. يقوم )طبيب أسنان مجاني( على نطاق واسع وعلى الفور نشر المعلومات العامة لمجموعة واسعة من المستخدمين والعملاء، والخدمات، بما في ذلك محركات البحث والمطورين والناشرين التي تعمل على دمج محتوى )طبيب أسنان مجاني( إلى خدماتهم ،ومنظمات مثل الجامعات، ووكالات الصحة العامة، وشركات أبحاث السوق التي تحلل المعلومات عن الاتجاهات والرؤى. عند مشاركة معلومات أو محتوى مثل الصور ومقاطع الفيديو والروابط عبر الخدمات، يجب أن تفكر مليا في ما تعلنه بشكل عام. قد نستخدم هذه المعلومات لإجراء استدلالات، مثل الموضوعات التي قد تكون مهتم بها.</p>\r\n\r\n<p dir=\"RTL\" style=\"margin-left:5.2pt\">&nbsp;</p>\r\n\r\n<p dir=\"RTL\" style=\"margin-left:10.6pt\"><strong>الرسائل المباشرة والاتصالات غير العامة</strong>: نقدم بعض الميزات التي تتيح لك التواصل بشكل أكثر خصوصية. على سبيل المثال، يمكنك استخدام الرسائل المباشرة لإجراء محادثات خاصة مع مستخدمي برامج )طبيب أسنان مجاني( الآخرين. عند التواصل بشكل خاص مع الآخرين من خلال خدماتنا، مثل إرسال الرسائل المباشرة واستلامها، سنقوم بتخزين ومعالجة اتصالاتك والمعلومات المتعلقة بها. يرجى ملاحظة أنه إذا كنت تتفاعل مع محتوى )طبيب أسنان مجاني( العامة المشتركة معك عبر رسالة مباشرة، على سبيل المثال عند عمل لايك على رسالة مشتركة عبر رسالة مباشرة، تلك التفاعلات قد تكون عامة. في حين أن ميزات مثل الرسائل المباشرة يقصد بها أن تكون خاصة، يرجى تذكر أن المستلمين قد ينسخ ويخزن ويعيد مشاركة محتويات الاتصالات الخاصة بك.</p>\r\n\r\n<p dir=\"RTL\" style=\"margin-left:5.2pt\">&nbsp;</p>\r\n\r\n<p dir=\"RTL\" style=\"margin-left:13.8pt\"><strong>معلومات الموقع:</strong> قد نتلقى معلومات حول موقعك. على سبيل المثال، يمكنك اختيار نشر موقعك في رسائلك وفي ملفك الشخصي )طبيب أسنان مجاني(. قد تخبرنا أيضا موقعك عند تعيين موقع الاتجاه الخاص بك على برامج )طبيب أسنان مجاني(. وقد نحدد أيضا الموقع باستخدام بيانات أخرى من جهازك، مثل معلومات الموقع الدقيقة من نظام تحديد المواقع العالمي )<span dir=\"LTR\">GPS</span>(، ومعلومات عن الشبكات اللاسلكية أو أبراج الجوال بالقرب من جهازك الجوال، أو عنوان الشبكة الخاص بك. يجوز لنا استخدام معلومات حول موقعك وتخزينها لتوفير ميزات خاصة في خدماتنا، مثل المراسلة مع موقعك، وتحسين الخدمات وتخصيصها، على سبيل المثال، بمحتوى أكثر ملاءمة مثل الاتجاهات والقصص والإعلانات والاقتراحات المحلية للأشخاص.</p>\r\n\r\n<p dir=\"RTL\" style=\"margin-left:5.2pt\">&nbsp;</p>\r\n\r\n<p dir=\"RTL\" style=\"margin-left:1.65pt\"><strong>الروابط:</strong> يجوز لنا تتبع كيفية تفاعلك مع الروابط عبر خدماتنا، بما في ذلك إشعارات البريد الإلكتروني وخدمات الجهات الخارجية وتطبيقات (المستخدم)، وذلك عن طريق إعادة توجيه النقرات أو من خلال وسائل أخرى. ونحن نفعل ذلك للمساعدة في تحسين خدماتنا، وتقديم إعلانات أكثر ملاءمة، ولنتمكن من مشاركة إحصاءات النقرات المجمعة مثل عدد المرات التي تم فيها النقر على رابط معين. ستتم معالجة الروابط والرسائل والاتصالات غير العامة مثل الرسائل المباشرة المشتركة على الخدمات وتقصير الروابط إلى عنوان قصير عن طريق خدمة تقصير الروابط.</p>\r\n\r\n<p dir=\"RTL\" style=\"margin-left:5.2pt\">&nbsp;</p>\r\n\r\n<p dir=\"RTL\"><strong>ملفات تعريف الارتباط </strong><strong><span dir=\"LTR\">Cookies</span></strong><strong>:</strong> تستخدم العديد من مواقع الويب والبرامج ملفات تعريف الارتباط والتقنيات المشابهة لجمع بيانات إضافية عن استخدام مواقع الويب</p>\r\n\r\n<p dir=\"RTL\">وتحسين خدماتنا. ملف تعريف الارتباط هو ملف بيانات صغير يتم نقله إلى جهازك. يجوز لنا استخدام ملفات تعريف الارتباط للجلسات وملفات تعريف الارتباط الدائمة لفهم كيفية تفاعلك مع خدماتنا بشكل أفضل، ومراقبة الاستخدام الإجمالي من قبل المستخدمين وتوجيه حركة المرور على الويب على خدماتنا، ولتخصيص خدماتنا وتحسينها. على الرغم من أن معظم متصفحات الويب تقبل ملفات تعريف الارتباط تلقائيا، يمكن تعديل بعض إعدادات المتصفحات لرفض ملفات تعريف الارتباط أو تنبيهك عندما يحاول موقع ويب وضع ملف تعريف ارتباط على جهاز الكمبيوتر الخاص بك. ومع ذلك، قد لا تعمل بعض الخدمات بشكل صحيح إذا قمت بتعطيل ملفات تعريف الارتباط.</p>\r\n\r\n<p dir=\"RTL\" style=\"margin-left:5.2pt\">&nbsp;</p>\r\n\r\n<p dir=\"RTL\" style=\"margin-left:1.65pt\"><strong>استخدام خدماتنا:</strong> نتلقى معلومات منك/عنك عند التفاعل مع خدماتنا، حتى إذا لم تكن قد أنشأت حسابا )&quot;بيانات السجل&quot;(. على سبيل المثال، عند زيارة مواقعنا الإلكترونية أو تسجيل الدخول إلى خدماتنا أو التفاعل مع إشعارات البريد الإلكتروني أو استخدام حسابك للمصادقة على موقع ويب أو تطبيق أو خدمة تابعة لجهة خارجية أو زيارة موقع ويب أو تطبيق أو خدمة تابعة لجهة خارجية يتضمن تطبيقات )طبيب أسنان مجاني( زر أو أمر، فقد تتلقى معلومات عنك. قد تتضمن بيانات السجل هذه عنوان الشبكة أو نوع المتصفح أو نظام التشغيل أو صفحة الويب المحالة أو الصفحات التي تمت زيارتها أو الموقع أو مشغل شبكة الجوال أو معلومات الجهاز )بما في ذلك أرقام تعريف الجهاز والتطبيق( أو عبارات البحث أو معلومات ملفات تعريف الارتباط. كما نتلقى بيانات السجل عند النقر على عرض شيء أو التفاعل مع الروابط على خدماتنا، بما في ذلك وصلات إلى تطبيقات الطرف الثالث، مثل عند اختيار تثبيت تطبيق آخر من خلال تطبيقات )طبيب أسنان مجاني( / الشبكات. نستخدم بيانات السجل لإجراء استدلالات، مثل الموضوعات التي قد تكون مهتما بها، وتخصيص المحتوى الذي نعرضه لك، بما في ذلك الإعلانات. نحن نحافظ على بيانات السجل حسب الحاجة للأغراض الموضحة في سياسة الخصوصية هذه.</p>\r\n\r\n<p dir=\"RTL\" style=\"margin-left:5.2pt\">&nbsp;</p>\r\n\r\n<p dir=\"RTL\"><strong>بيانات القطعة </strong><strong><span dir=\"LTR\">Widget</span></strong><strong>:</strong> يمكننا تخصيص الخدمات لك استنادا إلى زياراتك إلى مواقع ويب تابعة لجهات خارجية والتي تدمج أزرار برامج )طبيب أسنان مجاني( أو الأدوات.</p>\r\n\r\n<p dir=\"RTL\">عندما تقوم هذه المواقع أولا بتحميل أزرارنا أو أدواتنا للعرض، نتلقى بيانات السجل التي تتضمن صفحة الويب التي زرتها وملف تعريف الارتباط الذي يعرف متصفحك</p>\r\n\r\n<p dir=\"RTL\">)&quot;بيانات القطعة&quot;(.</p>\r\n\r\n<p dir=\"RTL\" style=\"margin-left:5.2pt\">&nbsp;</p>\r\n\r\n<p dir=\"RTL\" style=\"margin-left:21.8pt\"><strong>خدمات التجارة:</strong> يمكنك تقديم معلومات الدفع، بما في ذلك رقم بطاقة الائتمان أو الخصم، وتاريخ انتهاء صلاحية البطاقة، ورمز السري، وأنواع الدفع الأخرى، وعنوان إرسال الفواتير )يشار إليه معا باسم &quot;معلومات الدفع&quot;(، إلى جانب عنوان الشحن، لإكمالها من خلال خدماتنا. لتسهيل عمليات الشراء المستقبلية، نخزن معلومات الدفع</p>\r\n\r\n<p dir=\"RTL\" style=\"margin-left:11.4pt\">)باستثناء رمز السري للبطاقة( وعنوان الشحن. نحن نعتبر معلومات الدفع وعنوان الشحن خاصة ولا نجعل هذه المعلومات عامة. لتسهيل تنفيذ الطلب، نقوم بجمع وتخزين المعلومات التي تم إنشاؤها بواسطة عمليات الشراء التي تتم من خلال خدماتنا )&quot;بيانات المعاملة&quot;(. قد تتضمن بيانات المعاملة اسم التاجر وتاريخ ووقت وقيمة المعاملة.</p>\r\n\r\n<p dir=\"RTL\" style=\"margin-left:5.2pt\">&nbsp;</p>\r\n\r\n<p dir=\"RTL\" style=\"margin-left:7.4pt\"><strong>الإعلان:</strong> خدماتنا مدعومة بالإعلانات. يجوز لنا استخدام المعلومات الموضحة في سياسة الخصوصية هذه للمساعدة في جعل إعلاناتنا أكثر ملاءمة لك ولقياس فعاليتها وللمساعدة في التعرف على أجهزتك لعرض إعلاناتك على برامج )طبيب أسنان مجاني( وإيقافها. على سبيل المثال، عند التفاعل مع المحتوى في تطبيق )طبيب أسنان مجاني( لأجهزة ما، قد نعرض محتوى )بما في ذلك الإعلانات( حول تلك المواضيع نفسها عند استخدام )طبيب أسنان مجاني( على الويب. نحن لا نستخدم المحتوى الذي تشاركه بشكل خاص في الرسائل المباشرة لعرض إعلاناتك. كما تحظر سياسة إعلانات )طبيب أسنان مجاني( على المعلنين استهداف الإعلانات استنادا إلى فئات نعتبرها حساسة، مثل العرق أو الدين أو السياسة أو الحياة الجنسية أو الصحة.</p>\r\n\r\n<p dir=\"RTL\" style=\"margin-left:5.2pt\">&nbsp;</p>\r\n\r\n<p dir=\"RTL\" style=\"margin-left:1.65pt\"><strong>الأطراف الثالثة والشركات التابعة:</strong> قد نتلقى معلومات عنك من جهات خارجية، مثل مستخدمي )طبيب أسنان مجاني( الآخرين، والشركاء )بما في ذلك الشركاء في الإعلانات(، أو الشركات التابعة لنا. على سبيل المثال، قد يشارك المستخدمون الآخرون معلومات عنك أو يكشفونها، مثل عندما يشاركونك أو يشاركون صورة لك أو يضعون علامة باسمك في صورة. تتحكم إعدادات الخصوصية في تحديد الأشخاص الذين يمكنهم وضع علامة باسمك في إحدى الصور. يمكن لشركاء الإعلانات والشركات التابعة لنا مشاركة المعلومات معنا مثل معرف ملف تعريف ارتباط المتصفح أو معرف جهاز الجوال أو تجزئة التشفير لمعرف حساب مشترك )مثل عنوان البريد الإلكتروني(، فضلا عن البيانات السكانية أو الاهتمامات والمحتوى المعروض أو الإجراءات المتخذة على موقع ويب أو تطبيق. قد يسمح لنا شركاؤنا في الإعلانات، ولا سيما معلنينا، بجمع معلومات مماثلة مباشرة من موقعهم الإلكتروني أو تطبيقهم من خلال دمج تقنية الإعلانات.</p>\r\n\r\n<p dir=\"RTL\" style=\"margin-left:5.2pt\">&nbsp;</p>\r\n\r\n<p dir=\"RTL\"><strong>تبادل المعلومات والإفصاح عنها</strong></p>\r\n\r\n<p dir=\"RTL\">نحن لا تكشف عن المعلومات الشخصية الخاصة بك إلا في ظروف محدودة وصفها هنا.</p>\r\n\r\n<p dir=\"RTL\" style=\"margin-left:5.2pt\">&nbsp;</p>\r\n\r\n<p dir=\"RTL\" style=\"margin-left:6.0pt\"><strong>موافقة المستخدم أو توجيهه:</strong> يجوز لنا مشاركة معلوماتك أو الإفصاح عنها في اتجاهك، مثل عند تفويض (مستخدم) ويب أو تطبيق ويب تابع لجهة خارجية للدخول إلى حسابك أو عند توجيهنا لمشاركة تعليقاتك مع نشاط تجاري. عند استخدام تطبيقات )طبيب أسنان مجاني( للتسجيل أو تسجيل الدخول إلى تطبيق طرف ثالث ،كتبادل معلومات الاتصال الخاصة بك، مثل رقم الهاتف الخاص بك، مع هذا التطبيق. إذا كنت قد شاركت المعلومات، مثل الرسائل المباشرة أو الرسائل المحمية، مع مستخدم آخر يقوم بالوصول إلى برامج )طبيب أسنان مجاني( من خلال خدمة من جهة خارجية، ضع في اعتبارك أنه يمكن مشاركة المعلومات مع خدمة الجهات الخارجية.</p>\r\n\r\n<p dir=\"RTL\" style=\"margin-left:5.2pt\">&nbsp;</p>\r\n\r\n<p dir=\"RTL\" style=\"margin-left:1.65pt\"><strong>مقدمي الخدمات:</strong> نشرك مقدمي الخدمات لأداء وظائف وتقديم الخدمات لنا في عدة بلدان. على سبيل المثال، نستخدم مجموعة متنوعة من خدمات الجهات الخارجية للمساعدة في توفير خدماتنا، مثل استضافة مدوناتنا المختلفة وصفحات ويكي، ومساعدتنا على فهم استخدام خدماتنا وتحسينها، مثل غوغل أناليتيكش. يجوز لنا مشاركة معلوماتك</p>\r\n\r\n<p dir=\"RTL\" style=\"margin-left:1.65pt\">الشخصية الخاصة مع مقدمي الخدمات الخاضعين لالتزامات تتفق مع سياسة الخصوصية هذه وأي تدابير سرية وأمنية أخرى مناسبة. نحن نشارك معلومات الدفع الخاصة بك مع مقدمي خدمات الدفع لمعالجة المدفوعات؛ منع وكشف والتحقيق في حالات الغش أو غيرها من الأنشطة المحظورة؛ تسهيل تسوية المنازعات مثل عمليات رد المبالغ المدفوعة أو رد الأموال؛ ولأغراض أخرى مرتبطة بقبول بطاقات الائتمان أو بطاقات السحب الآلي.</p>\r\n\r\n<p dir=\"RTL\" style=\"margin-left:5.2pt\">&nbsp;</p>\r\n\r\n<p dir=\"RTL\" style=\"margin-left:1.65pt\"><strong>المعاملات التجارية:</strong> إذا قمت بإجراء الدفع كجزء من معاملة تجارية من خلال خدماتنا، فقد نوفر للبائع أو مزود التجارة أو السوق أو المؤسسة الخيرية اسمك وعنوان البريد الإلكتروني وعنوان الشحن ومعلومات الدفع وبيانات المعاملات لتسهيل معالجة الدفع ، وتعبئة بيانات الطلب، وتسوية المنازعات )بما في ذلك المنازعات المتعلقة بالدفع والشحن( والمساعدة في منع الغش أو غيره من الأنشطة المحظورة والكشف عنها والتحقيق فيها. يرجى الرجوع إلى سياسات خصوصية هذه الجهات الخارجية للحصول على معلومات حول ممارسات الخصوصية.</p>\r\n\r\n<p dir=\"RTL\" style=\"margin-left:5.2pt\">&nbsp;</p>\r\n\r\n<p dir=\"RTL\" style=\"margin-left:1.65pt\"><strong>القانون والضرر:</strong> بغض النظر عن أي شيء يتعارض مع سياسة الخصوصية هذه، يجوز لنا الحفاظ على معلوماتك أو الإفصاح عنها إذا رأينا أن من الضروري بشكل معقول الامتثال لقانون أو لائحة أو إجراءات قانونية أو طلب حكومي؛ لحماية سلامة أي شخص؛ لمعالجة قضايا الاحتيال أو الأمن أو المسائل التقنية؛ أو لحماية حقوقنا أو حقوق مستخدمينا أو ممتلكاتنا. ومع ذلك، لا يوجد شيء في سياسة الخصوصية هذه يهدف إلى الحد من أي دفاعات قانونية أو اعتراضات قد تكون لديك لطرف ثالث، بما في ذلك الحكومة، وطلب الكشف عن المعلومات الخاصة بك.</p>\r\n\r\n<p dir=\"RTL\" style=\"margin-left:5.2pt\">&nbsp;</p>\r\n\r\n<p dir=\"RTL\"><strong>تحويلات الأعمال والشركات التابعة:</strong> في حال وقوعنا في حالة إفلاس أو اندماج أو اقتناء أو إعادة تنظيم أو بيع أصول، قد يتم بيع معلوماتك أو نقلها كجزء من تلك المعاملة.</p>\r\n\r\n<p dir=\"RTL\" style=\"margin-left:19.8pt\">وستسري سياسة الخصوصية هذه على معلوماتك على أنها نقلت إلى الكيان الجديد. وقد نكشف أيضا معلومات عنك إلى الشركات التابعة لنا للمساعدة في توفير الخدمات وفهمها وخدماتنا التابعة لنا وفهمها وتحسينها، بما في ذلك تقديم الإعلانات.</p>\r\n\r\n<p dir=\"RTL\" style=\"margin-left:1.65pt\">&nbsp;</p>\r\n\r\n<p dir=\"RTL\" style=\"margin-left:1.65pt\"><strong>المعلومات العامة أو غير الشخصية:</strong> يجوز لنا مشاركة معلوماتك العامة أو المجمعة أو غير الشخصية أو الكشف عنها، مثل معلومات الملف الشخصي للمستخدم العام ،والرسائل العامة، والأشخاص الذين تتابعهم أو الذين يتبعونك، وعدد مرات تفاعل الأشخاص مع رسالة )على سبيل المثال، عدد المستخدمين الذين نقروا على رابط معين أو صوتوا على استطلاع للرأي في إحدى الرسائل، حتى لو لم يفعلوا ذلك سوى(، أو عرض تقارير على المعلنين حول المستخدمين الفريدين الذين شاهدوا إعلاناتهم أو نقروا عليها بعد إزالتها وأي معلومات شخصية خاصة )مثل اسمك أو معلومات الاتصال(. معلومات أخرى، مثل اسمك واسم المستخدم، هو دائما عام على خدمات )طبيب أسنان مجاني(.</p>\r\n\r\n<p dir=\"RTL\" style=\"margin-left:5.2pt\">&nbsp;</p>\r\n\r\n<p dir=\"RTL\"><strong>الوصول إلى معلوماتك الشخصية وتعديلها</strong></p>\r\n\r\n<p dir=\"RTL\" style=\"margin-left:7.0pt\">إذا كنت مستخدما مسجلا لخدماتنا، فإننا نوفر لك الأدوات وإعدادات الحساب للدخول إلى المعلومات الشخصية التي قدمتها إلينا والمرتبطة بحسابك أو تصحيحها أو حذفها أو تعديلها.</p>\r\n\r\n<p dir=\"RTL\" style=\"margin-left:5.2pt\">&nbsp;</p>\r\n\r\n<p dir=\"RTL\">ضع في اعتبارك أن محركات البحث والأطراف الثالثة الأخرى قد تحتفظ بنسخ من معلوماتك العامة، مثل معلومات الملف الشخصي للمستخدم والرسائل العامة.</p>\r\n\r\n<p dir=\"RTL\" style=\"margin-left:5.2pt\">&nbsp;</p>\r\n\r\n<p dir=\"RTL\"><strong>عملياتنا العالمية</strong></p>\r\n\r\n<p dir=\"RTL\" style=\"margin-left:1.65pt\">وكما هو موضح في سياسة الخصوصية هذه، يجوز لنا مشاركة المعلومات مع الشركات التابعة لنا والجهات الخارجية، وقد يطلب منك الكشف عن المعلومات استجابة لطلبات حكومية مقبولة، بما في ذلك بموجب متطلبات إنفاذ القانون أو متطلبات الأمن القومي المعمول بها.&nbsp;</p>\r\n\r\n<p dir=\"RTL\" style=\"margin-left:5.2pt\">&nbsp;</p>\r\n\r\n<p dir=\"RTL\"><strong>تغييرات على هذه السياسة</strong></p>\r\n\r\n<p dir=\"RTL\" style=\"margin-left:14.6pt\">يجوز لنا مراجعة سياسة الخصوصية هذه من وقت لآخر. أحدث إصدار من السياسة تحكم استخدامنا للمعلومات الخاصة بك ستكون دائما في موقع&nbsp; )طبيب أسنان مجاني( تحت عنوان الخصوصية/سياسة الخصوصية. من خلال الاستمرار في الوصول إلى الخدمات أو استخدامها بعد أن تصبح هذه التغييرات فعالة، فإنك توافق على الالتزام بسياسة الخصوصية المنقحة.</p>\r\n\r\n<p dir=\"RTL\" style=\"margin-left:1.65pt\">&nbsp;</p>\r\n\r\n<p dir=\"RTL\"><strong>المصطلحات </strong></p>\r\n\r\n<p dir=\"RTL\" style=\"margin-left:-.55pt\"><strong>برنامج/البرنامج/تطبيق:</strong> يستخدم مصطلح &quot;<strong>البرنامج</strong>&quot; الوارد في هذه الوثيقة للإشارة إلى البرنامج الأصلي والنسخ الكاملة أو الجزئية من البرنامج/التطبيق/الموقع الالكتروني/الخدمة الالكترونية. ويتكون البرنامج من تعليمات مقروءة للحاسب ومكونات البرنامج والبيانات والمحتوى السمعي-البصري )مثل الصور والنصوص والتسجيلات( وكل ما يتعلق بالبرنامج من المواد المرخصة.</p>\r\n\r\n<p><strong><span dir=\"RTL\">جهاز/حاسب:</span></strong><span dir=\"RTL\"> جهاز الكتروني، مثل حاسب آلي/جوال/تابلت/خادم/حاسب افتراضي/جهاز تخزين</span></p>\r\n', 5, NULL, NULL, '2019-06-03 09:38:56', '2019-10-06 09:49:51'),
(7, 'الشروط والاحكام ', 'Terms and conditions\r\n', '<p dir=\"RTL\"><strong>الشروط والأحكام</strong></p>\r\n\r\n<p dir=\"RTL\"><strong><u>مقدمة</u></strong><strong><u><span dir=\"LTR\">:</span></u></strong></p>\r\n\r\n<p dir=\"RTL\">هذه الاتفاقية هي عقد مبرم بين طبيب أسنان مجاني ومن يستخدم موقعها الإلكتروني على شبكة الإنترنت أو تطبيقات الهواتف الذكية سواء كان المستخدم مسجلاً أم لا، وبموافقة المستخدم على شروط الموقع يمكنه الدخول إليه واستخدامه حسب شروط الاتفاقية. وتعتبر هذه المقدمة جزءاً من هذه الاتفاقية والشروط هي<span dir=\"LTR\">:</span></p>\r\n\r\n<p dir=\"RTL\"><strong><u>شروط الاستخدام</u></strong><strong><u><span dir=\"LTR\">:</span></u></strong></p>\r\n\r\n<p dir=\"RTL\">طبيب أسنان مجاني يخلي المسؤولية بأي حال من الأحوال الأضرار العرضية أو المباشرة أو غير المباشرة أو الخاصة أو العقابية أو النموذجية أو الناشئة، والتي قد تبرز نتيجة لاستخدامك أو عدم قدرتك على استخدام الموقع. وبمجرد استخدامك للموقع فانت توافق على<span dir=\"LTR\">:</span> الشروط والاحكام.</p>\r\n\r\n<p dir=\"RTL\">1- إن سرية المعلومات المعطاة والمقدمة بموجب هذا النظام هي من مسؤولية المشترك (المستخدم) وحده<span dir=\"LTR\">.</span></p>\r\n\r\n<p dir=\"RTL\">2- إن المشترك (المستخدم) بمجرد استخدامه لهذا النظام يتنازل وبشكل مسبق ولا يقبل النقض عن أي شكاوى أو دعاوى أو مطالبات ناجمة عن استخدام موقع طبيب أسنان مجاني وتطبيق الجوال.</p>\r\n\r\n<p dir=\"RTL\">3- إن موقع وتطبيق طبيب أسنان مجاني غير مسؤولة عن أي تأخير أو تردي في جودة الخدمة أو سوء أداء أو انقطاع في الخدمة لأي سبب كان، ويسقط المشترك (المستخدم) أي مطالبة له ضد طبيب أسنان مجاني بهذا الخصوص<span dir=\"LTR\">.</span></p>\r\n\r\n<p dir=\"RTL\">4- أن يتعهد المشترك (المستخدم) بعدم إساءة استخدام البرنامج وعليه يتحمل وحده المسئولية لسوء استخدام البرنامج<span dir=\"LTR\">.</span></p>\r\n\r\n<p dir=\"RTL\">5- المام (المشترك) المستخدم بالإجراءات والانظمة واللوائح للخدمة بشكلها الاعتيادي والتزامه بعدم مخالفة هذه الاجراءات والعمل على استيفاء متطلبات تقديم الخدمة<span dir=\"LTR\">.</span></p>\r\n\r\n<p dir=\"RTL\"><strong><u>الاستخدام</u></strong><strong><u><span dir=\"LTR\">:</span></u></strong></p>\r\n\r\n<p dir=\"RTL\">أنت توافق على دخول واستخدام الموقع لأغراض مشروعة فقط، وعلى علم كامل بكل القوانين والأنظمة والقواعد والأحكام والشروط المتعلقة باستخدامك للموقع وتطبيق الجوال، وبمجرد دخولك إلى الموقع فإنك توافق على الامتناع عن<span dir=\"LTR\">:</span></p>\r\n\r\n<p dir=\"RTL\">1- استخدام الموقع من أجل ارتكاب جريمة أو تشجيع الآخرين على التورط في أي تصرف قد يعد جريمة أو ينطوي على مسؤولية مدنية<span dir=\"LTR\">.</span></p>\r\n\r\n<p dir=\"RTL\">2- إدخال أو نشر أي محتويات غير قانونية تتضمن تمييزاً أو تشهيراً أو إساءة أو قذف أو فاحشة ضد أي جهة كانت أو مواد إباحية<span dir=\"LTR\">.</span></p>\r\n\r\n<p dir=\"RTL\">3- استخدام الموقع من أجل انتحال شخصيات أو أطراف أخرى<span dir=\"LTR\">.</span></p>\r\n\r\n<p dir=\"RTL\">4- استخدام الموقع لتحميل أي مادة فيها برامج تحتوي على فيروسات أو ملفات تجسس أو أي شفرات حاسوبية أو ملفات أو برامج قد تعمل على تغيير أو إتلاف أو إعاقة عمل الموقع أو أي جهاز أو برنامج عائد إلى أي شخص يدخل إلى الموقع<span dir=\"LTR\">.</span></p>\r\n\r\n<p dir=\"RTL\">5- تحميل أو إدخال أو إرسال أو بث لأي مواد لا يحق لك بثها بموجب أي قانون أو علاقة تعاقدية<span dir=\"LTR\">.</span></p>\r\n\r\n<p dir=\"RTL\">6- تغيير أو إتلاف أو شطب أي محتوى على الموقع<span dir=\"LTR\">.</span></p>\r\n\r\n<p dir=\"RTL\">7- تعطيل خطوط الاتصال الاعتيادية بأي شكل كان<span dir=\"LTR\">.</span></p>\r\n\r\n<p dir=\"RTL\">8- الادعاء بالارتباط مع أو تمثيل أي شركة أو جمعية أو هيئة من دون أن تكون مخولاً بادعاء تلك العلاقة أو ذلك التمثيل<span dir=\"LTR\">.</span></p>\r\n\r\n<p dir=\"RTL\">9- نشر أو بث أي إعلان أو مادة دعائية أو أي شكل من أشكال الترويج دون اتفاقية مسبقة<span dir=\"LTR\">.</span></p>\r\n\r\n<p dir=\"RTL\">10- نشر أي مادة تتنافى أو تتعارض مع حقوق الملكية الفكرية للآخرين<span dir=\"LTR\">.</span></p>\r\n\r\n<p dir=\"RTL\">11- جمع أو تخزين المعلومات الشخصية عن الآخرين<span dir=\"LTR\">.</span></p>\r\n\r\n<p dir=\"RTL\"><strong><u>تعديل الاتفاقية</u></strong><strong><u><span dir=\"LTR\">:</span></u></strong></p>\r\n\r\n<p dir=\"RTL\">يحق لطبيب أسنان مجاني تعديل هذه الشروط والأحكام على أن يتم وضع إشعار بحدوث تعديلات على هذه الصفحة، وتدخل التعديلات حيز النفاذ بمجرد إحداثها، إن استخدامك المتكرر للموقع او تطبيقات الهواتف الذكية بعد إحداث تلك التعديلات يعني موافقتك على التعديلات، ويتعين عليك القيام بزيارات دورية لهذه الصفحة لمراجعة شروط وأحكام الاستخدام<span dir=\"LTR\">.</span></p>\r\n\r\n<p dir=\"RTL\"><strong><u>التسجيل</u></strong><strong><u><span dir=\"LTR\">:</span></u></strong></p>\r\n\r\n<p dir=\"RTL\">بعض أجزاء الموقع أو تطبيقات الهواتف الذكية لا تفتح إلا للأعضاء المسجلين و/أو تتيح للمستخدم طلب الدعم أو الخدمات إلكترونياً عبر إدخال المعلومات الشخصية. أنت توافق على أن أي معلومات تقدم لنا عبر تلك الأجزاء هي معلومات كاملة ودقيقة، ولن تحاول دخول الموقع مستخدماً اسم شخص آخر، ولن تتبنى اسم مستخدم قد يراه طبيب أسنان مجاني غير مناسب<span dir=\"LTR\">.</span></p>\r\n\r\n<p dir=\"RTL\"><strong><u>إنهاء الاستخدام</u></strong><strong><u><span dir=\"LTR\">:</span></u></strong></p>\r\n\r\n<p dir=\"RTL\">لطبيب أسنان مجاني كل الحق في إنهاء أو تعليق دخولك أو استخدامك لهذا الموقع أو تطبيقات الهواتف الذكية من دون إشعار مسبق وذلك بسبب انتهاكك لهذه الشروط أو القوانين المعمول أو بسبب أي تصرف قد يرى طبيب أسنان مجاني أنه مخالف للاتفاقيات الدولية والأعراف أو مضر بالآخرين، وفي حال الإنهاء لن يكون في إمكانك الدخول إلى الموقع أو تطبيقات الهواتف الذكية، وسوف طبيب أسنان مجاني كل وسيلة متاحة لتطبيق هذا المنع<span dir=\"LTR\">.</span></p>\r\n\r\n<p dir=\"RTL\"><strong><u>التعويض</u></strong><strong><u><span dir=\"LTR\">:</span></u></strong></p>\r\n\r\n<p dir=\"RTL\">أنت توافق على الدفاع عن مصالح طبيب أسنان مجاني&nbsp; لدى أي جهة رسمية أو غير رسمية بسبب أي مطالبة مالية أو غير مالية نتجت عن انتهاكك لأي شرط من شروط هذه الاتفاقية ونتيجة لذلك فإنك تتحمل كل التكاليف المالية وغير المالية التي نتجت عن انتهاكك لأي شرط من شروط هذه الاتفاقية سواء أكانت تأميناً أو تعويضاً أو رسوماً أو أي تكاليف مالية أو غير مالية أخرى، وكل تسوية تقوم بها لدى أي جهة رسمية أو غير رسمية بسبب انتهاكك لأي شرط من شروط هذه الاتفاقية لا تصبح صحيحة ونافذة المفعول إلا بموافقة طبيب أسنان مجاني الصريحة والخطية لها<span dir=\"LTR\">.</span></p>\r\n\r\n<p dir=\"RTL\"><strong><u>التنازل عن الضمان</u></strong><strong><u><span dir=\"LTR\">:</span></u></strong></p>\r\n\r\n<p dir=\"RTL\">أنت تفهم بوضوح وتوافق على أن استخدامك للموقع أو تطبيقات الهواتف الذكية أو أي مادة متاحة من خلاله هي خاضعة لمسؤوليتك الخاصة، ولا طبيب أسنان مجاني ولا أي من موظفيها ضمانة بأن الموقع أو تطبيقات الهواتف الذكية لن يتعرض للتوقف أو أنه سيكون خالياً من المشاكل أو الحذف أو الأخطاء، كما لا توجد ضمانة بشأن النتيجة التي ستحصل عليها جراء استخدامك للموقع او تطبيق الجوال، إن المحتويات والأدوات على الموقع مقدمة لك على حالها من دون ضمانات من أي نوع، سواء كانت صريحة أو ضمنية<span dir=\"LTR\">.</span></p>\r\n\r\n<p dir=\"RTL\">&nbsp;</p>\r\n\r\n<p dir=\"RTL\"><strong><u>إقرار</u></strong></p>\r\n\r\n<p dir=\"RTL\">إن عيادة كلية طب الأسنان في الجامعة هي عيادة تعليمية للطلبة تحت اشراف أكاديمي من (أخصائيين واستشاريين) مع العلم بأن على كافة المرضى المسجلين تلقى العلاج من قبل الطلبة.</p>\r\n\r\n<p dir=\"RTL\">حيث إن المرضى المرشحين لتلقي العلاج سوف يتم قبولهم واختيارهم من قبل الأخصائيين بعد التشخيص المبدئي (لا يشمل العلاج) للمريض.</p>\r\n\r\n<p dir=\"RTL\">إن الخدمة المقدمة قد تستوجب حضور المريض لعدة زيارات وإن مدة كل زيارة قد تتجاوز ساعتين.</p>\r\n\r\n<p dir=\"RTL\">وعلى كافة المرضى استيعاب أن فترة العلاج مرتبطة بتواجد الطلبة بالعيادة.</p>\r\n\r\n<p dir=\"RTL\">أتفهم أن تقييم الأسنان الذي سأتلقاه اليوم لا يمثل فحصًا أو فحصًا للأسنان أو رأيًا ثانيًا، وأنه ينبغي عليّ الاستمرار في رؤية طبيب أسنان للحفاظ على صحة الأسنان إلا إذا و / أو حتى أتلقى إشعارًا بأنني تم قبولي كمريض في مستشفى كلية طب الأسنان.</p>\r\n\r\n<p dir=\"RTL\">&nbsp;</p>\r\n\r\n<p dir=\"RTL\">أفهم أيضًا الغرض من زيارتي لمستشفى كلية طب الأسنان.</p>\r\n\r\n<p dir=\"RTL\">سيتم تقييم عيادة الأسنان لقبولي كمريض في عيادة التدريس الجامعي. إذا كان التقييم لطبيب الأسنان يشير إلى أنني لن أكون مريضًا مناسبًا، يجب أن أطلب علاج الأسنان في مكان آخر.</p>\r\n\r\n<p dir=\"RTL\">فقط إذا كان طبيب الأسنان يعتقد أن احتياجاتي في طب الأسنان قد تتناسب مع احتياجات طلاب طب الأسنان الذين يقدمون العلاج في العيادة التعليمية، قد يحيلني طبيب الأسنان إلى عيادة الأشعة الفموية للحصول على صور إشعاعية عن طريق الفم (يتم أخذ الأشعة السينية). بناءً على التقييم لطبيب الأسنان وتقييمه / تصويري لأشعة، سيتم اتخاذ قرار نهائي بشأن ما إذا كنت مريضًا مناسبًا أم لا. سيتم إخباري بهذا القرار.</p>\r\n\r\n<p dir=\"RTL\">&nbsp;</p>\r\n\r\n<p dir=\"RTL\"><strong><u>معلومات عامة والموافقة</u></strong></p>\r\n\r\n<p dir=\"RTL\">&nbsp;</p>\r\n\r\n<p dir=\"RTL\">1- جامعة التدريس<span dir=\"LTR\">:</span></p>\r\n\r\n<p dir=\"RTL\">المستشفى في كلية طب الأسنان، هي مؤسسة تعليمية. الطلاب والمتدربين والمقيمين وغيرهم من المتخصصين في الرعاية الصحية للأسنان المتحالفة، تحت إشراف طبيب الأسنان بالكلية. قد يشارك في الرعاية كجزء من البرنامج التعليمي.</p>\r\n\r\n<p dir=\"RTL\">&nbsp;</p>\r\n\r\n<p dir=\"RTL\">2- تصريح المعلومات<span dir=\"LTR\">:</span></p>\r\n\r\n<p dir=\"RTL\">المستشفى في كلية طب الأسنان مخوَّل لتقديم معلومات من سجل المريض لإحالة الطبيب / أطباء الأسنان وغيرهم فيما يتعلق بطلب المساعدة، أو المساعدة الطبية / طب الأسنان التي يحق للمريض الحصول عليها.</p>\r\n\r\n<p dir=\"RTL\">&nbsp;</p>\r\n\r\n<h2 dir=\"RTL\">3- موافقة طب الأسنان</h2>\r\n\r\n<p dir=\"RTL\">المريض تحت رعاية أطباء الأسنان بالكلية. يوافق المريض أو ممثليه / ها على العلاجات أو الإجراءات (باستثناء الإجراءات الغازية التي تتطلب موافقة خاصة)، والفحوص الشعاعية، والصور الشفوية والإضافية التي يلتقطها شخص مرخص له، والإجراءات المختبرية، وإدارة التخدير الموضعي ، وغيرها من الخدمات المقدمة في إطار الخدمات العامة والخاصة تعليمات من أطباء الأسنان أعضاء هيئة التدريس أو غيرها من الكلية ، موظفي كلية طب الأسنان المساعدة في رعاية المرضى.</p>\r\n\r\n<p dir=\"RTL\">&nbsp;</p>\r\n\r\n<p dir=\"RTL\">يتم قبول المرضى في العيادات التعليمية في الرعاية على أساس تقييم الصور الإشعاعية وفحص المريض. يعتمد القبول على احتياجات وقدرات الطلاب ورغباتهم واحتياجاتهم. سيتم إبلاغ المرضى الذين لم يتم قبولهم بعد موعد الفحص.</p>\r\n\r\n<p dir=\"RTL\">يتم تشجيع المرضى على مناقشة مخاوفهم وتوقعاتهم، وطرح الأسئلة لتعزيز أعلى مستوى من الرعاية. وتناقش مخاطر وفوائد الإجراءات الموصي بها وكذلك العلاج البديل بحيث يمكن اتخاذ قرارات واضحة. ومع ذلك، بسبب تباين استجابات المريض وقيود العلاج، لم يتم تقديم أي ضمان لأي إجراء.</p>\r\n\r\n<p dir=\"RTL\">يجب أن يكون المرضى متاحين لمدة 3 ساعات، في كثير من الأحيان مرتين في الأسبوع، ويجب أن يقدموا رقم هاتف حيث يمكن الوصول إليهم يوميًا. نظرًا لتخصيص المرضى للطلاب الذين يعملون تحت إشراف دقيق لأطباء الأسنان بالكلية، يستمر العلاج بوتيرة أبطأ بكثير من مكتب طبيب الأسنان الخاص، ولا يمكن ضمان إكمال الإجراءات خلال فترة زمنية محددة.</p>\r\n\r\n<p dir=\"RTL\">&nbsp;</p>\r\n\r\n<p dir=\"RTL\"><strong><u>اتفاقية خدمات طب الأسنان</u></strong></p>\r\n\r\n<ul>\r\n	<li dir=\"RTL\">يجب على المرضى تقديم إشعار لمدة 24 ساعة على الأقل لإلغاء المواعيد؛ وإلا سوف تعتبر المواعيد &quot;غياب&quot;. إذا فشل المريض في الظهور في المواعيد المحددة أو وصل متأخراً لأكثر من 20 دقيقة، فسيتم اعتبار المواعيد &quot;غياب&quot;. موعدين من المواعيد &quot;الغياب &ldquo;سوف تتم مراجعة الملف وإمكانية حرمان المريض من إنهاء العلاج.</li>\r\n</ul>\r\n\r\n<p dir=\"RTL\">&nbsp;</p>\r\n\r\n<ul>\r\n	<li dir=\"RTL\">جميع سجلات المرضى هي ملك كلية طب الأسنان</li>\r\n</ul>\r\n\r\n<p style=\"margin-left:36.0pt\">&nbsp;</p>\r\n\r\n<p dir=\"RTL\"><strong><u>اتفاقية</u></strong></p>\r\n\r\n<p dir=\"RTL\">كلية طب الأسنان والمريض أو ممثله، بموجب هذا الاتفاق. يشهد المريض أو ممثليه بأنه قد قرأ ووافق على شروط وأحكام الخدمة هذه وأنه هو المريض أو مخول له حسب الأصول بتنفيذ هذا الاتفاق والاتفاق نيابة عن المريض.</p>\r\n\r\n<p dir=\"RTL\">&nbsp;</p>\r\n\r\n<p dir=\"RTL\"><strong><u>تعليمات قبول هذه الشروط والأحكام</u></strong></p>\r\n\r\n<p dir=\"RTL\">المريض قاصر: يجب على الوالد أو الوصي قبول هذه الشروط والأحكام كممثل للمريض ما لم يُسمح للمريض قانونًا بالموافقة على الرعاية الطبية.</p>\r\n\r\n<p dir=\"RTL\"><strong><u>هام</u></strong></p>\r\n\r\n<p dir=\"RTL\">1- قد تتطلب بعض العلاجات دفع رسوم رمزية للمواد أو الادوات ولكن لايزال طبيب الاسنان مجاني.</p>\r\n\r\n<p dir=\"RTL\">2- التواصل مع الطبيب في حال عدم التمكن من الحضور او الرغبة في الغاء الموعد.</p>\r\n\r\n<p dir=\"RTL\">3- طالب طب الاسنان غير مخول لتحويل المريض للمستشفيات او مراكز الرعاية الحكومية او الخاصة.</p>\r\n\r\n<p dir=\"RTL\">4- تجديد الموعد عن طريق تطبيق طبيب اسنان مجاني يسهل طريق علاجك. كما تتعرف على ملف طبيبك المعالج.</p>\r\n\r\n<p dir=\"RTL\">5- للأهمية التواصل بين المريض والطبيب فان رقم هاتفك المسجل سيظهر في تفاصل المواعيد.</p>\r\n\r\n<p dir=\"RTL\">6- طبيب أسنان مجاني يخلي مسؤوليته من أي خلاف ينشأ بين الطرفين</p>\r\n\r\n<p dir=\"RTL\">7- اللغة العربية هي المعتمدة في الشروط الاحكام أما اللغة الإنجليزية فتمثل مجرد ترجمة.</p>\r\n\r\n<p dir=\"RTL\">8- بياناتك المسجلة سوف تظهر في سجلات المواعيد لدى الطبيب او المريض للاطلاع على الحالة وذلك لأهميتها في قبول او رفض الطلب&nbsp;</p>\r\n\r\n\r\n\r\n\r\n<p dir=\"RTL\">تاريخ التحديث 3/9/2019م</p>\r\n', '<p><strong>Terms and conditions</strong></p>\r\n\r\n<p><strong><u>introduction</u></strong><strong>:</strong></p>\r\n\r\n<p>This agreement is a contract between a free dentist and those who use their website or phone applications, whether the user is registered or not, and with the user&#39;s consent to the terms of the site can access and use in accordance with the terms of the agreement. This introduction is part of this Agreement and the conditions are:</p>\r\n\r\n<p><strong><u>Terms of use:</u></strong></p>\r\n\r\n<p>A free dentist will in no way be liable for incidental, direct, indirect, special, punitive, typical or consequential damages, which may arise as a result of your use or inability to use the Site. By using the Site, you agree to: Terms and Conditions.</p>\r\n\r\n<p>1. The confidentiality of information given and provided under this system is the sole responsibility of the subscriber.</p>\r\n\r\n<p>2. The Subscriber (User), once using this system, waives in advance and does not accept to veto any complaints, claims or claims arising from the use of the free dentist website and mobile application.</p>\r\n\r\n<p>3. The free dentist site and application is not responsible for any delay or deterioration in the quality of service, poor performance or interruption of the service for any reason whatsoever, and the subscriber (user) drops any claim against a free dentist in this regard.</p>\r\n\r\n<p>4. The subscriber (the user) undertakes not to misuse the software and shall be solely responsible for the misuse of the software.</p>\r\n\r\n<p>6. Familiar with the procedures, systems and regulations of the service in its normal form and its commitment not to violate these procedures and work to meet the requirements of providing the service.</p>\r\n\r\n<p><strong><u>the use:</u></strong></p>\r\n\r\n<p>You agree to access and use the Site solely for lawful purposes, and are fully aware of all laws, regulations, rules, terms and conditions relating to your use of the Site and the Mobile App, and once you access the Site you agree to refrain from:</p>\r\n\r\n<p>1. Use the Site to commit a crime or encourage others to engage in any conduct that may be considered a crime or involve civil liability.</p>\r\n\r\n<p>2. Introduce or publish any unlawful content that includes discrimination, defamation, abuse, defamation or obscenity against any party or pornographic material.</p>\r\n\r\n<p>3. Use the Site to impersonate other persons or parties.</p>\r\n\r\n<p>4. Use of the Site to download any material that contains software that contains viruses, spyware, computer codes, files or programs that may alter, damage or impede the operation of the Site or any device or software belonging to any person who accesses the Site.</p>\r\n\r\n<p>5. Upload, enter, transmit or broadcast any material that you are not entitled to transmit under any law or contractual relationship.</p>\r\n\r\n<p>6. Change, destroy or delete any content on the site.</p>\r\n\r\n<p>7. Disable normal lines of communication in any form.</p>\r\n\r\n<p>8. Claiming to associate with or represent any company, association or body without being authorized to claim that relationship or representation.</p>\r\n\r\n<p>9. Publish or broadcast any advertisement, advertising material or any form of promotion without prior agreement.</p>\r\n\r\n<p>10. Publish any material that is inconsistent with or contrary to the intellectual property rights of others.</p>\r\n\r\n<p>11. Collect or store personal information about others.</p>\r\n\r\n<p><strong><u>Amendment of the Convention:</u></strong></p>\r\n\r\n<p>A free dentist has the right to amend these terms and conditions and to be notified of changes to this page. The amendments will enter into force as soon as they are made. Your repeated use of the site or mobile app after making these changes means you agree to the amendments, and you should periodically visit this page to review Terms and Conditions of Use.</p>\r\n\r\n<p><strong><u>Registration:</u></strong></p>\r\n\r\n<p>Some parts of the site or mobile app are open only to registered members and / or allow the user to request support or services electronically by entering personal information. You agree that any information you provide to us through those parts is complete and accurate, you will not attempt to access the site using someone else&#39;s name and will not adopt a username that a free dentist may deem inappropriate.</p>\r\n\r\n<p><strong><u>Termination of use:&nbsp;&nbsp;&nbsp;&nbsp;&nbsp;&nbsp;&nbsp;&nbsp;&nbsp;&nbsp;&nbsp;&nbsp;&nbsp;&nbsp;&nbsp;&nbsp;&nbsp;&nbsp;&nbsp;&nbsp;&nbsp;&nbsp;&nbsp;&nbsp;&nbsp;&nbsp;&nbsp;&nbsp;&nbsp;&nbsp;&nbsp;&nbsp;&nbsp;&nbsp;&nbsp;&nbsp;&nbsp;&nbsp;&nbsp;&nbsp;&nbsp;&nbsp;&nbsp;&nbsp;&nbsp;&nbsp;&nbsp;&nbsp;&nbsp;&nbsp;&nbsp;&nbsp;&nbsp;&nbsp;&nbsp; </u></strong></p>\r\n\r\n<p>A free dentist has the right to terminate or suspend your access or use of this website or mobile application without prior notice due to your violation of these terms or applicable laws or because of any action that a free dentist may find to be contrary to international agreements and customs or harmful to others. You will not be able to access the site or the mobile app, and a free dentist will have all the means available to apply this prohibition.</p>\r\n\r\n<p><strong><u>Compensation:</u></strong></p>\r\n\r\n<p>You agree to defend the interests of a free dentist at any official or unofficial authority due to any financial or non-financial claim resulting from your breach of any of the terms of this Agreement and as a result you incur all financial and non-financial costs resulting from your breach of any of these terms. The Agreement, whether insurance, indemnity, fees or any other financial or non-financial costs, and any settlement made by any official or non-official body because of a violation of any of the terms of this Agreement shall not become valid and effective only with the express and written consent of a free dentist.</p>\r\n\r\n<p><strong><u>Waiver of Warranty:</u></strong></p>\r\n\r\n<p>You clearly understand and agree that your use of the Site, the Mobile App or any material available through it is at your own risk, and no free dentist or any of its employees warrant that the Website or the Mobile App will not be interrupted or free from problems, deletion or errors, there is no guarantee as to the outcome of your use of the Site or the Mobile App. The contents and tools on the Site are provided to you without any warranties of any kind, either express or implied.</p>\r\n\r\n<p><strong><u>Consent</u></strong></p>\r\n\r\n<p>Hospital in College of Dentistry is a teaching institution. Treatment is provided by the student under the supervision of academic faculty.</p>\r\n\r\n<p>Patients in the teaching clinics are accepted into care based upon assessment by the faculty dentist after initial screening (treatment not included).</p>\r\n\r\n<p>The treatment provided will require the patient to attend several appointments for more than 2-hours.</p>\r\n\r\n<p>The treatment procedures must be done during student clinic hours.</p>\r\n\r\n<p>I understand that the Dental Assessment I will receive today does not constitute a dental check-up, Dental examination, or second opinion, and that I should continue to see a dentist to maintain my Dental Health unless and/or until I receive notice that I have been accepted as a patient in the hospital&nbsp; of College of Dentistry.</p>\r\n\r\n<p>I also understand that the sole purpose of my visit to the hospital of College of Dentistry.</p>\r\n\r\n<p>Dental Clinic today is to be assessed for admission as a patient in the Undergraduate Teaching Clinic. If the dentist&rsquo;s visual assessment indicates I would not be an appropriate patient, I should seek dental treatment elsewhere.</p>\r\n\r\n<p>&nbsp;</p>\r\n\r\n<p>Only if the dentist who looks at my mouth believes my dental needs may match those of the dental students who provide treatment in the teaching clinic, will the dentist refer me the Oral Radiology Clinic to have oral radiographs (x-rays taken). Based upon the dentist&rsquo;s visual assessment and his/her assessment of my radiographs, a final decision will be made about whether I am an appropriate patient. I will be notified of that decision.</p>\r\n\r\n<p>&nbsp;</p>\r\n\r\n<p>&nbsp;</p>\r\n\r\n<p>&nbsp;</p>\r\n\r\n<p>&nbsp;</p>\r\n\r\n<p>&nbsp;</p>\r\n\r\n<p>&nbsp;</p>\r\n\r\n<p>&nbsp;</p>\r\n\r\n<p>&nbsp;</p>\r\n\r\n<p><strong>GENERAL INFORMATION AND CONSENT</strong></p>\r\n\r\n<p>&nbsp;</p>\r\n\r\n<p>&nbsp;</p>\r\n\r\n<p><strong>A.&nbsp;&nbsp;&nbsp;&nbsp;&nbsp;&nbsp;&nbsp;&nbsp; TEACHING INSTITUTION: </strong></p>\r\n\r\n<p>hospital in College of Dentistry, is a teaching institution. Students, interns, residents, and other allied dental healthcare professionals, under the supervision of faculty dentist. May participate in care as part of the educational program.</p>\r\n\r\n<p><strong>b.&nbsp;&nbsp;&nbsp;&nbsp;&nbsp;&nbsp;&nbsp;&nbsp; RELEASE OF INFORMATION: </strong></p>\r\n\r\n<p>&nbsp;</p>\r\n\r\n<p>hospital in College of Dentistry is authorized to furnish information from the patient&rsquo;s record to referring physician / dentists and others to the extent required in connection with the claim for aid, or medical / dental assistance to which the patient may be entitled.</p>\r\n\r\n<p><strong>c.&nbsp;&nbsp;&nbsp;&nbsp;&nbsp;&nbsp;&nbsp;&nbsp; DENTAL CONSENT</strong></p>\r\n\r\n<p>The patient is under the care of faculty dentists. The patient or his/her representative consents to treatments or procedure (except invasive procedures requiring special consent), radiographic examinations, intraoral and extra oral photographs taken by an authorized person, laboratory procedures, local anesthetic administration, and other service rendered under general and special instructions of faculty dentists or other from college, College of Dentistry personnel assisting in patient care.</p>\r\n\r\n<p>Patients in the teaching clinics are accepted into care based upon assessment of radiographs and the intake screening. Acceptance is based upon needs and abilities of students, and desires, needs, and availability of patients. Patients who are not accepted subsequent to their screening appointment will be advised.</p>\r\n\r\n<ol>\r\n	<li>Patients are encouraged to discuss their concerns and expectations, and to ask questions to promote the highest level of care. The risks and benefits of recommended as well as alternative treatment procedures are discussed so that informed decisions may be made. However, due to the variability of patient responses and limitations of treatment, no guarantee or warranty is made for any procedure.</li>\r\n</ol>\r\n\r\n<p style=\"margin-left:9.0pt\">&nbsp;</p>\r\n\r\n<ol>\r\n	<li>Patients must be available for 3-hour appointments, as often as twice a week, and must provide a phone number where they can be reached daily. Because patients are assigned to students working under the close supervision of faculty dentists, treatment proceeds at a significantly slower pace than in a private dentist&rsquo;s office, and completion of procedures cannot be assured within a given period of time.</li>\r\n</ol>\r\n\r\n<p>&nbsp;</p>\r\n\r\n<p style=\"margin-left:18.0pt\">&nbsp;</p>\r\n\r\n<p style=\"margin-left:18.0pt\">&nbsp;</p>\r\n\r\n<p style=\"margin-left:18.0pt\">&nbsp;</p>\r\n\r\n<p style=\"margin-left:21.3pt\">&nbsp;</p>\r\n\r\n<p><strong>DENTAL SERVICES AGREEMENT</strong></p>\r\n\r\n<p>&nbsp;</p>\r\n\r\n<ul>\r\n	<li>Patients must give a minimum of 24-hours&rsquo; notice to cancel appointments; otherwise appointments will be considered &ldquo;absent&rdquo;. If patient fails to show up for scheduled appointments or arrive more than 20 minutes late, appointments will be considered &ldquo;absent&rdquo;. Two &ldquo;absent&rdquo; appointments constitute grounds for revising file and possible termination of treatment</li>\r\n</ul>\r\n\r\n<p>&nbsp;</p>\r\n\r\n<ul>\r\n	<li>All patient records are property of the College of Dentistry</li>\r\n</ul>\r\n\r\n<p>&nbsp;</p>\r\n\r\n<p style=\"margin-left:18.0pt\">&nbsp;</p>\r\n\r\n<p><strong>AGREEMENT</strong></p>\r\n\r\n<p>College of Dentistry and the patient or his/ her representative, hereby enter into this agreement. The patient or his/her representative certifies that he/she has read and accepted of this TERMS AND CONDITIONS OF SERVICE and is the patient or is duly authorized to execute and agreement on behalf of the patient.</p>\r\n\r\n<p style=\"margin-left:21.3pt\"><strong>INSTRUCTIONS FOR ACCEPTING OF THIS TERMS AND CONDITIONS REQUIREMENTS</strong></p>\r\n\r\n<p style=\"margin-left:21.3pt\">&nbsp;</p>\r\n\r\n<p>PATIENT IS A MINOR:&nbsp; The parent or guardian must be accepting of this TERMS AND CONDITIONS as Patient&rsquo;s Representative unless the patient is legally allowed to consent to medical care.</p>\r\n\r\n<p><strong>Important</strong></p>\r\n\r\n<p>1.&nbsp; Some treatments may require a small fee for materials or tools, but the dentist is still free</p>\r\n\r\n<p>2.&nbsp; Communicate with your doctor if you cannot attend or wish to cancel the appointment.</p>\r\n\r\n<p>3. A dental student is not authorized to transfer the patient to hospitals or government or private care centres.</p>\r\n\r\n<p>4. Renew your appointment by applying a free dentist that will make your treatment easier.</p>\r\n\r\n<p>A free dentist disclaims any dispute between the parties.</p>\r\n\r\n<p>The Arabic language is approved in terms and conditions and English is just a translation.</p>\r\n\r\n<p>Your recorded data will appear in the appointment records of the doctor or patient to see the case due to its importance in accepting or rejecting the application</p>\r\n\r\n<p>&nbsp;</p>\r\n\r\n\r\n<p>Last updated 3/9/2019</p>\r\n', 5, NULL, NULL, '2019-06-03 09:38:56', '2019-11-03 11:00:11');

-- --------------------------------------------------------

--
-- Table structure for table `password_resets`
--

DROP TABLE IF EXISTS `password_resets`;
CREATE TABLE IF NOT EXISTS `password_resets` (
  `email` varchar(191) COLLATE utf8mb4_unicode_ci NOT NULL,
  `token` varchar(191) COLLATE utf8mb4_unicode_ci NOT NULL,
  `created_at` timestamp NULL DEFAULT NULL,
  KEY `password_resets_email_index` (`email`)
) ENGINE=InnoDB DEFAULT CHARSET=utf8mb4 COLLATE=utf8mb4_unicode_ci;

-- --------------------------------------------------------

--
-- Table structure for table `permissions`
--

DROP TABLE IF EXISTS `permissions`;
CREATE TABLE IF NOT EXISTS `permissions` (
  `id` int(11) NOT NULL,
  `per_name` varchar(255) DEFAULT NULL,
  PRIMARY KEY (`id`)
) ENGINE=InnoDB DEFAULT CHARSET=utf8;

--
-- Dumping data for table `permissions`
--

INSERT INTO `permissions` (`id`, `per_name`) VALUES
(1, 'showuser'),
(2, 'adduser'),
(3, 'edituser'),
(4, 'deleteuser'),
(5, 'showoffer'),
(6, 'addoffer'),
(7, 'editoffer'),
(8, 'deleteoffer'),
(9, 'showhospital'),
(10, 'addhospital'),
(11, 'edithospital'),
(12, 'deletehospital'),
(13, 'showservice'),
(14, 'addservice'),
(15, 'editservice'),
(16, 'deleteservice'),
(26, 'showcontact'),
(27, 'showcomment'),
(28, 'editcomment'),
(29, 'approvecomment'),
(30, 'deletecomment'),
(31, 'showclient'),
(32, 'addclient'),
(33, 'editclient'),
(34, 'deleteclient'),
(35, 'permission'),
(36, 'addcontact'),
(37, 'showorder'),
(38, 'editorder'),
(39, 'deleteorder'),
(40, 'showdentist'),
(41, 'adddentist'),
(42, 'editdentist'),
(43, 'deletedentist'),
(44, 'showsick'),
(45, 'addsick'),
(46, 'editsick'),
(47, 'deletesick'),
(48, 'showPorder'),
(49, 'showUorder'),
(50, 'deletelaundryrequest'),
(51, 'showbankaccount'),
(52, 'addbankaccount'),
(53, 'editbankaccount'),
(54, 'deletebankaccount'),
(55, 'transfer_info');

-- --------------------------------------------------------

--
-- Table structure for table `permission_user`
--

DROP TABLE IF EXISTS `permission_user`;
CREATE TABLE IF NOT EXISTS `permission_user` (
  `id` int(11) NOT NULL AUTO_INCREMENT,
  `user_id` int(11) DEFAULT NULL,
  `permission_id` int(11) DEFAULT NULL,
  `updated_at` datetime NOT NULL,
  `created_at` datetime NOT NULL,
  PRIMARY KEY (`id`)
) ENGINE=InnoDB AUTO_INCREMENT=1178 DEFAULT CHARSET=utf8 ROW_FORMAT=COMPACT;

--
-- Dumping data for table `permission_user`
--

INSERT INTO `permission_user` (`id`, `user_id`, `permission_id`, `updated_at`, `created_at`) VALUES
(958, 2, 5, '2019-03-19 08:24:51', '2019-03-19 08:24:51'),
(959, 2, 9, '2019-03-19 08:24:51', '2019-03-19 08:24:51'),
(960, 2, 10, '2019-03-19 08:24:51', '2019-03-19 08:24:51'),
(961, 2, 11, '2019-03-19 08:24:51', '2019-03-19 08:24:51'),
(962, 2, 13, '2019-03-19 08:24:51', '2019-03-19 08:24:51'),
(963, 2, 17, '2019-03-19 08:24:51', '2019-03-19 08:24:51'),
(1120, 2, 1, '2019-04-04 03:42:41', '2019-04-04 03:42:41'),
(1121, 2, 2, '2019-04-04 03:42:41', '2019-04-04 03:42:41'),
(1122, 2, 3, '2019-04-04 03:42:41', '2019-04-04 03:42:41'),
(1123, 2, 4, '2019-04-04 03:42:41', '2019-04-04 03:42:41'),
(1124, 2, 5, '2019-04-04 03:42:41', '2019-04-04 03:42:41'),
(1125, 2, 6, '2019-04-04 03:42:41', '2019-04-04 03:42:41'),
(1126, 2, 7, '2019-04-04 03:42:41', '2019-04-04 03:42:41'),
(1127, 2, 8, '2019-04-04 03:42:41', '2019-04-04 03:42:41'),
(1128, 2, 9, '2019-04-04 03:42:41', '2019-04-04 03:42:41'),
(1129, 2, 10, '2019-04-04 03:42:41', '2019-04-04 03:42:41'),
(1130, 2, 11, '2019-04-04 03:42:41', '2019-04-04 03:42:41'),
(1131, 2, 12, '2019-04-04 03:42:41', '2019-04-04 03:42:41'),
(1132, 2, 13, '2019-04-04 03:42:41', '2019-04-04 03:42:41'),
(1133, 2, 14, '2019-04-04 03:42:41', '2019-04-04 03:42:41'),
(1134, 2, 15, '2019-04-04 03:42:41', '2019-04-04 03:42:41'),
(1135, 2, 16, '2019-04-04 03:42:41', '2019-04-04 03:42:41'),
(1136, 2, 17, '2019-04-04 03:42:42', '2019-04-04 03:42:42'),
(1137, 2, 18, '2019-04-04 03:42:42', '2019-04-04 03:42:42'),
(1138, 2, 19, '2019-04-04 03:42:42', '2019-04-04 03:42:42'),
(1139, 2, 20, '2019-04-04 03:42:42', '2019-04-04 03:42:42'),
(1140, 2, 21, '2019-04-04 03:42:42', '2019-04-04 03:42:42'),
(1141, 2, 22, '2019-04-04 03:42:42', '2019-04-04 03:42:42'),
(1142, 2, 23, '2019-04-04 03:42:42', '2019-04-04 03:42:42'),
(1143, 2, 24, '2019-04-04 03:42:42', '2019-04-04 03:42:42'),
(1144, 2, 25, '2019-04-04 03:42:42', '2019-04-04 03:42:42'),
(1145, 2, 26, '2019-04-04 03:42:42', '2019-04-04 03:42:42'),
(1146, 2, 36, '2019-04-04 03:42:42', '2019-04-04 03:42:42'),
(1147, 2, 27, '2019-04-04 03:42:42', '2019-04-04 03:42:42'),
(1148, 2, 29, '2019-04-04 03:42:42', '2019-04-04 03:42:42'),
(1149, 2, 28, '2019-04-04 03:42:42', '2019-04-04 03:42:42'),
(1150, 2, 30, '2019-04-04 03:42:42', '2019-04-04 03:42:42'),
(1151, 2, 31, '2019-04-04 03:42:42', '2019-04-04 03:42:42'),
(1152, 2, 32, '2019-04-04 03:42:42', '2019-04-04 03:42:42'),
(1153, 2, 33, '2019-04-04 03:42:42', '2019-04-04 03:42:42'),
(1154, 2, 34, '2019-04-04 03:42:42', '2019-04-04 03:42:42'),
(1155, 2, 37, '2019-04-04 03:42:42', '2019-04-04 03:42:42'),
(1156, 2, 38, '2019-04-04 03:42:42', '2019-04-04 03:42:42'),
(1157, 2, 39, '2019-04-04 03:42:42', '2019-04-04 03:42:42'),
(1158, 2, 55, '2019-04-04 03:42:42', '2019-04-04 03:42:42'),
(1159, 2, 40, '2019-04-04 03:42:42', '2019-04-04 03:42:42'),
(1160, 2, 41, '2019-04-04 03:42:42', '2019-04-04 03:42:42'),
(1161, 2, 42, '2019-04-04 03:42:42', '2019-04-04 03:42:42'),
(1162, 2, 43, '2019-04-04 03:42:42', '2019-04-04 03:42:42'),
(1163, 2, 44, '2019-04-04 03:42:42', '2019-04-04 03:42:42'),
(1164, 2, 45, '2019-04-04 03:42:42', '2019-04-04 03:42:42'),
(1165, 2, 46, '2019-04-04 03:42:42', '2019-04-04 03:42:42'),
(1166, 2, 47, '2019-04-04 03:42:42', '2019-04-04 03:42:42'),
(1167, 2, 48, '2019-04-04 03:42:42', '2019-04-04 03:42:42'),
(1168, 2, 49, '2019-04-04 03:42:42', '2019-04-04 03:42:42'),
(1169, 2, 50, '2019-04-04 03:42:42', '2019-04-04 03:42:42'),
(1170, 2, 51, '2019-04-04 03:42:42', '2019-04-04 03:42:42'),
(1171, 2, 52, '2019-04-04 03:42:42', '2019-04-04 03:42:42'),
(1172, 2, 53, '2019-04-04 03:42:42', '2019-04-04 03:42:42'),
(1173, 2, 54, '2019-04-04 03:42:42', '2019-04-04 03:42:42'),
(1174, 162, 1, '2019-10-07 10:59:36', '2019-10-07 10:59:36'),
(1175, 162, 2, '2019-10-07 10:59:36', '2019-10-07 10:59:36'),
(1176, 162, 3, '2019-10-07 10:59:36', '2019-10-07 10:59:36'),
(1177, 162, 4, '2019-10-07 10:59:36', '2019-10-07 10:59:36');

-- --------------------------------------------------------

--
-- Table structure for table `services`
--

DROP TABLE IF EXISTS `services`;
CREATE TABLE IF NOT EXISTS `services` (
  `id` bigint(20) UNSIGNED NOT NULL AUTO_INCREMENT,
  `service_name_ar` varchar(255) COLLATE utf8mb4_unicode_ci NOT NULL,
  `service_name_en` varchar(255) COLLATE utf8mb4_unicode_ci NOT NULL,
  `created_at` timestamp NULL DEFAULT NULL,
  `updated_at` timestamp NULL DEFAULT NULL,
  PRIMARY KEY (`id`)
) ENGINE=InnoDB AUTO_INCREMENT=12 DEFAULT CHARSET=utf8mb4 COLLATE=utf8mb4_unicode_ci;

--
-- Dumping data for table `services`
--

INSERT INTO `services` (`id`, `service_name_ar`, `service_name_en`, `created_at`, `updated_at`) VALUES
(2, 'كشف', 'check up', NULL, '2019-07-30 17:41:49'),
(4, 'حشوات أسنان', 'Dental Fillings', '2019-07-30 17:42:44', '2019-08-26 17:10:13'),
(5, 'علاج عصب و جذور الأسنان', 'Root Canal Treatment', '2019-07-30 17:43:29', '2019-08-26 16:59:11'),
(6, 'جراحة أسنان (خلع)', 'Dental Surgery (Tooth Extraction)', '2019-07-30 17:44:14', '2019-08-19 07:02:45'),
(7, 'تنظيف  أسنان (علاج لثة)', 'Teeth Cleaning and polishing', '2019-07-30 17:45:28', '2019-08-26 16:59:53'),
(8, 'أسنان أطفال', 'Pediatric Dentistry', '2019-07-30 17:45:57', '2019-08-26 17:00:20'),
(9, 'تركيبات ثابتة', 'Fixed Prosthesis', '2019-07-30 17:46:26', '2019-08-19 07:06:17'),
(11, 'تركيبات متحركة', 'Removable Prosthesis', '2019-07-30 17:47:27', '2019-08-19 07:06:40');

-- --------------------------------------------------------

--
-- Table structure for table `settings`
--

DROP TABLE IF EXISTS `settings`;
CREATE TABLE IF NOT EXISTS `settings` (
  `setting_id` int(11) NOT NULL AUTO_INCREMENT,
  `setting_name` varchar(255) DEFAULT NULL,
  `setting_value` text,
  `created_by` int(11) DEFAULT NULL,
  `created_at` timestamp NOT NULL DEFAULT CURRENT_TIMESTAMP,
  `updated_at` timestamp NOT NULL DEFAULT '0000-00-00 00:00:00' ON UPDATE CURRENT_TIMESTAMP,
  PRIMARY KEY (`setting_id`)
) ENGINE=InnoDB AUTO_INCREMENT=20 DEFAULT CHARSET=utf8 ROW_FORMAT=COMPACT;

--
-- Dumping data for table `settings`
--

INSERT INTO `settings` (`setting_id`, `setting_name`, `setting_value`, `created_by`, `created_at`, `updated_at`) VALUES
(1, 'site_name_ar', 'تلبيسه', 11, '2019-07-04 04:37:41', '2019-07-04 04:37:41'),
(2, 'site_name_en', 'Talbesa', 11, '2019-07-04 04:37:41', '2019-07-04 04:37:41'),
(3, 'site_email', 'info@freeDentist.com', 11, '2019-07-04 04:37:41', '2019-07-17 13:01:56'),
(4, 'site_mobile', ' 966580580373+\r\n', 11, '2019-07-04 04:37:41', '2019-10-02 14:06:41'),
(5, 'site_address_ar', 'عنوان الموقع', 11, '2019-07-04 04:37:41', '2019-07-04 04:37:41'),
(6, 'site_address_en', 'Site Address', 11, '2019-07-04 04:37:41', '2019-07-04 04:37:41'),
(7, 'app_face', '#', 11, '2019-07-04 04:37:41', '2019-07-04 04:37:41'),
(8, 'app_twitter', '#', 11, '2019-07-04 04:37:41', '2019-07-04 04:37:41'),
(9, 'app_youtube', '#', 11, '2019-07-04 04:37:41', '2019-07-04 04:37:41'),
(10, 'app_linkedin', '#', 11, '2019-07-04 04:37:41', '2019-07-04 04:37:41'),
(11, 'app_instagram', '#', 11, '2019-07-04 04:37:41', '2019-07-04 04:37:41'),
(12, 'site_map_values', '26.4214,50.0812', 11, '2019-07-04 04:37:41', '2019-07-04 04:37:41'),
(13, 'site_actual_map', '26.4214,50.0812', 11, '2019-07-04 04:37:41', '2019-07-04 04:37:41'),
(14, 'app_terms_ar', '<p>نص الشروط والأحكام نص الشروط والأحكام نص الشروط والأحكام نص الشروط والأحكام نص الشروط والأحكام نص الشروط والأحكام نص الشروط والأحكام نص الشروط والأحكام <br></p>', 11, '2019-07-04 04:37:41', '2019-07-04 04:37:41'),
(15, 'app_terms_en', '<p>Terms and Conditions text Terms and Conditions text Terms and Conditions text Terms and Conditions text Terms and Conditions text Terms and Conditions text Terms and Conditions text Terms and Conditions text Terms and Conditions text Terms and Conditions text Terms and Conditions text <br></p>', 11, '2019-07-04 04:37:41', '2019-07-04 04:37:41'),
(16, 'app_privacy_ar', 'نص سياسة الخصوصية نص سياسة الخصوصية نص سياسة الخصوصية نص سياسة الخصوصية \r\nنص سياسة الخصوصية نص سياسة الخصوصية نص سياسة الخصوصية نص سياسة الخصوصية \r\nنص سياسة الخصوصية نص سياسة الخصوصية نص سياسة الخصوصية نص سياسة الخصوصية \r\nنص سياسة الخصوصية نص سياسة الخصوصية', 11, '2019-07-04 04:37:41', '2019-07-04 04:37:41'),
(17, 'app_privacy_en', '<p>Privacy Policy text Privacy Policy text Privacy Policy text Privacy Policy text Privacy Policy text Privacy Policy text Privacy Policy text Privacy Policy text</p><p> </p>', 11, '2019-07-04 04:37:41', '2019-07-04 04:37:41'),
(18, 'meta_name', 'موقع تلبيسه', 11, '2019-07-04 04:37:41', '2019-07-04 04:37:41'),
(19, 'meta_content', 'موقع تلبيسه', 11, '2019-07-04 04:37:41', '2019-07-04 04:37:41');

-- --------------------------------------------------------

--
-- Table structure for table `users`
--

DROP TABLE IF EXISTS `users`;
CREATE TABLE IF NOT EXISTS `users` (
  `id` bigint(20) UNSIGNED NOT NULL AUTO_INCREMENT,
  `name` varchar(255) COLLATE utf8mb4_unicode_ci NOT NULL,
  `mobile` varchar(255) COLLATE utf8mb4_unicode_ci NOT NULL,
  `email` varchar(255) COLLATE utf8mb4_unicode_ci NOT NULL,
  `password` varchar(255) COLLATE utf8mb4_unicode_ci NOT NULL,
  `nationality` int(11) DEFAULT NULL,
  `admin` int(11) DEFAULT '0',
  `birthdate` date DEFAULT NULL,
  `gallery` text COLLATE utf8mb4_unicode_ci,
  `gender` varchar(255) COLLATE utf8mb4_unicode_ci DEFAULT NULL,
  `remember_token` varchar(100) COLLATE utf8mb4_unicode_ci DEFAULT NULL,
  `created_at` timestamp NULL DEFAULT NULL,
  `updated_at` timestamp NULL DEFAULT NULL,
  `otp` int(11) DEFAULT NULL,
  `api_token` varchar(255) COLLATE utf8mb4_unicode_ci DEFAULT NULL,
  `active` int(11) NOT NULL DEFAULT '0',
  `city_id` int(11) NOT NULL,
  PRIMARY KEY (`id`),
  UNIQUE KEY `api_token` (`api_token`)
) ENGINE=InnoDB AUTO_INCREMENT=466 DEFAULT CHARSET=utf8mb4 COLLATE=utf8mb4_unicode_ci;

--
-- Dumping data for table `users`
--

INSERT INTO `users` (`id`, `name`, `mobile`, `email`, `password`, `nationality`, `admin`, `birthdate`, `gallery`, `gender`, `remember_token`, `created_at`, `updated_at`, `otp`, `api_token`, `active`, `city_id`) VALUES
(2, 'admin', '55', 'admin@yahoo.com', '$2y$10$473drbamYTQ0JtoVtEJuR.cPstGctH5aDJPlDZJfZwmXChXwkdIvS', 194, 0, NULL, NULL, NULL, NULL, '2019-10-07 08:55:45', '2019-10-07 08:55:45', 0, NULL, 1, 10),
(169, 'محمد حجاج', '0559151769', 'adelhagag10056@gmail.com', '$2y$10$Y6nfUigCOPuYvcBDbDqew.Awfgh5oiJLSFInbhYwY81B8UA.oOauG', 194, 2, '1986-01-11', NULL, 'male', NULL, '2019-10-11 20:28:32', '2019-10-11 20:28:52', 3357, 'ihfVRz5TI00iDrY9OOuDVVgE6qj3bRITws7NDB0CI7wM9mdZMNVyKJWiLdtA', 1, 10),
(170, 'عبدالرحمن', '0557178741', 'Alkasser2048@gmail.com', '$2y$10$t9znhrQXaH5q2f/IWrweLulP1D2zSvwbgRCtHdn3HrxrJwrS.cxAa', 194, 2, '1986-10-04', NULL, 'male', NULL, '2019-10-11 22:46:12', '2019-10-11 22:46:25', 1325, 'gHGwbSFy6T1FGTt5f6xrEK7oQgBnpD5qstAMMqjSyJFuhSm33JczZobb4ux0', 1, 7),
(171, 'مصبح ظاهر الشراري', '0503396331', 'mosabeh9002@hotmail.com', '$2y$10$bfJy/0i1FU5xpUnbYq2gxODh4Edas1ZTXeni9nzBwke5EPCVO.5NK', 194, 2, '1981-06-18', NULL, 'male', NULL, '2019-10-12 01:40:08', '2019-10-12 01:40:34', 9707, '4HwrOh1XdKnEbZVHfm8YdTfjZeFgNSwClZ0CzDYfxsBPn4A08PPeFjJNrsXm', 1, 8),
(172, 'محمد فلاته', '0582010430', 'Bronzjalloo@gmail.com', '$2y$10$8d870E89kWRPpYwtojukF.EPtX5T12ppBm/6UGHKVGxYPhKRbYt2i', 194, 2, '2019-02-14', NULL, 'male', NULL, '2019-10-12 03:12:57', '2019-10-12 03:13:15', 1607, 'P2tqh5osCA25vkh6nIWN2ZvQTxbQfpF2kaTGFGtTzuk93jT4wwYNG0Jlrhff', 1, 9),
(173, 'سعود الحلافي', '0595770738', 'Salsud16@gmail.com', '$2y$10$0/ttEPk75Lu5cSjh6H9HQOtL2q8tKlclK6eyzdMhbJSbaHXco5h7W', 194, 2, '1984-05-01', NULL, 'male', NULL, '2019-10-12 05:08:26', '2019-10-12 05:08:55', 8, '9eBrqAvBSiyWKO3CQak0rbIRe1XadDIzIoUuUZHJ0gKACyPz9xkOXc7Ixi6u', 1, 10),
(174, 'Mazin', '0559584519', 'Mazin.bakri@yahoo.com', '$2y$10$Is1Jo9x9PvnEUicvTe/MkO6EwAjmoAZFhHT6X2xWwtLgcL3viPuN6', 194, 2, '1992-07-17', NULL, 'male', NULL, '2019-10-12 06:13:28', '2019-10-12 06:14:01', 8674, 'UEg5d3aCo33SDlSs285PYP6dj2XtUxq1tcpMxuwvnqQLiDnvojDeaPhH0s7N', 1, 9),
(175, 'عبدالرحمن قرشي', '0565929394', 'Karashy939@gmail.com', '$2y$10$qjhDq.wzyWFm//HrPzD.ceT8d9mSzU1.yo4lt1UgVv8l96gGyM7bC', 194, 2, '1995-08-19', NULL, 'male', NULL, '2019-10-12 06:42:13', '2019-10-12 06:42:33', 3938, 'iD030GglFuuO7VqWLcZuVmUyF7sFHTvSGAwaOUna7nrhAx0xnUaVaWnV3U7X', 1, 0),
(176, 'سلمان', '0563377211', 'Welem_live111@hotmail.com', '$2y$10$c2OTpyexZiibsqqg9d7.g.5H..ZT0vS7M49V8wsut4zyj0epBkPZy', 194, 2, '1978-05-20', NULL, 'male', NULL, '2019-10-12 07:14:27', '2019-10-12 07:15:03', 3064, 'ZQGiUiR3bHIUCjyJphfGc8ysRis9EmS992qGAoFieb2QNo1THbS0TN38JAZ0', 1, 0),
(177, 'رحاب ال الشيخ', '0566696475', 'satta@gmail.com', '$2y$10$/tzmBvQKE.fB11QMlbu/a.P..qjlFFKQ0gFDHMK9NPqMRjgU9fDuG', 194, 2, '1982-07-25', NULL, 'female', NULL, '2019-10-12 07:38:19', '2019-10-12 07:38:38', 776, 'rHNQXdpUkLiXiV2p4ZvIESIKa5Vlx6LIDkJ8VXvALNAgHCB9blJk0mtJ6uV0', 1, 0),
(178, 'مشاري', '0544436044', 'abo.k1409@gmail.com', '$2y$10$rXGnYaGtWGn14yLVXi59QuIDTRUMTGP2Lk4wNt0CgtnN3i08A6PQG', 194, 2, '1989-04-18', NULL, 'male', NULL, '2019-10-12 07:41:41', '2019-10-12 07:41:53', 9513, '5kZRtWc8u2ERPsXteZ4SkP9axbMmQPRlVXTdqMMjEpCB33I0NAbA3jexEumq', 1, 0),
(179, 'احمد محمد باصره', '0504820800', 'Ahmedbasorrah@gmail.com', '$2y$10$C1vK6vMo5XUqQeEIQGNtDOehVdeXWyCe3zIODmNv2gbvS74Q/aV92', 194, 2, '1982-12-09', NULL, 'male', NULL, '2019-10-12 10:14:16', '2019-10-12 10:14:38', 3178, '7pdJZKaY5X2vbCxffRXXlxvDYumO5X9ykYLeSd7BrDK1BaPGSXNL3Jjhth87', 1, 0),
(180, 'سعيد', '0544339001', 'Saeed.m.f@hotnail.com', '$2y$10$azFFDi/pffjHBoBNTgoEP.1s6IYBdL8u.aMs4lOH.aacN41d2siBG', 194, 2, '2019-10-12', NULL, 'male', NULL, '2019-10-12 11:55:05', '2019-10-12 11:55:22', 1790, 'FGMTcWZytXo4h6h33OzIW54zbJI5bZkf4lUnLMn9Qs6tRJuhFmALh2pDngPP', 1, 0),
(183, 'اماني', '0540983118', 'amaniyahya105@gmail.com', '$2y$10$UVjurgMFxxnoCVUpSw91OeFUMW4NQvjGzFTYo0ehy/zTC8P1xiWwO', 194, 2, '1997-08-07', NULL, 'female', NULL, '2019-10-12 13:32:05', '2019-10-12 13:32:24', 4533, 'vXMZMI9yNFQkiPHIQjRHpXlkLtOWzveasqLOSTXrIxqMCQjzJSYBHxzOBZh7', 1, 0),
(184, 'Nasser ali', '0507190909', 'n3ss112@gmail.com', '$2y$10$nM/5XRl4V30xuNE2khP7OeqQ5pZx9P7x5a9JU6rjj5tvTYkvWlsX.', 194, 2, '2019-10-12', NULL, 'Male', NULL, '2019-10-12 17:05:55', '2019-10-12 17:06:08', 6818, 'MNO0zalGjK8Rx6JCqtHqefEsU78yps9yCAavCsI8cjR96cw6P2pK7IYJMBB1', 1, 0),
(185, 'Rashida', '0500070376', 'Attractive_1224@hotmail.com', '$2y$10$2g/JqHikUxBmZ3WKuy8Lsu1L2.LvEfPEivOnjyxdNa8pLbbioBmbu', 194, 2, '1991-01-16', NULL, 'male', NULL, '2019-10-12 20:48:49', '2019-10-12 20:48:49', 2710, 'OQBqTzoJFVVlE9io8P7Clk7UYCNd9K0kvgvo52gwvQIPuTqMR4xMuBRmwwCq', 0, 0),
(186, 'ارياف', '0563895604', 'Fhad-10246@hotmail.com', '$2y$10$XjkF62SDtc7vEgag7Lw.FeY9mXTvUKM9D1fqDlx6CI5XXmE2v/Fum', 194, 2, '1984-04-25', NULL, 'male', NULL, '2019-10-12 20:50:05', '2019-10-12 20:50:25', 9571, 'Pfub9dwovWL5EcuhiNLqvzlO1F7BBJFuwoS2D2iGC9UVcVjM87MVkMkkntOx', 1, 0),
(187, 'Rashida', '0500078376', 'Attractiverara97@gmail.com', '$2y$10$DhVdq4P/dcTF6kz2kfC5ru9WtfPI1BCugzivHNNKwC0ulNr5zK1N6', 194, 2, '1991-01-16', NULL, 'female', NULL, '2019-10-12 20:52:16', '2019-10-12 20:52:33', 3986, 'kxlxaK9GqV43PJvYBQmT1ayQGXgnbqcM8QrvYEN7E40LEFXaafXaeMyqwV7C', 1, 0),
(188, 'جاسر عبيد البجيدي', '0555158893', 'G.alenazy@hotmail.com', '$2y$10$PYSrT21lg2jrq7nGG2rKTu/9H.sU.3dAv0RExk5ZhrV7eTm57HcES', 194, 2, '1989-08-25', NULL, 'male', NULL, '2019-10-12 21:23:41', '2019-10-12 21:23:52', 5401, 'rTdfX3xhrtluPZmjc8DnwFRgAZZmHp41p673eDf37POU5TtbsrhxTSIh3gVw', 1, 0),
(189, 'محمد العساف', '0506564582', 'ahlamdaeaa3@gmail.com', '$2y$10$zKtSQqwEVwnuhqwTrdnQheu4y4.s9WmvrWG3/JcVm3H1Q8DXR6H3.', 194, 2, '1979-01-15', NULL, 'male', NULL, '2019-10-12 23:09:04', '2019-10-12 23:09:30', 2774, '3UxcIAUztauQmZi2acvUOBTutgEM6FZXixJTZS0cChGmEFvuJ3ZASRpsXvXz', 1, 0),
(190, 'زين عبدالله العمري', '0555898618', 'zain0530680380@gmail.com', '$2y$10$BGK//aBTBKS0GEsylSgdyOp9TLCkBk69Qbk7irKnqXyBS/ARyaOVi', 194, 2, '1987-10-13', NULL, 'male', NULL, '2019-10-12 23:19:32', '2019-10-12 23:19:46', 4095, 'OUCaJiQEWgJ3UXQNPT5S04JDnmVwQD4Pbm2AbuC2yiI8byqnKyBEde3jCfzY', 1, 0),
(191, 'منصور احمد المنتشري', '0595287643', 'mansoor.a.m07@gmail.com', '$2y$10$NVo1hHwV.wgomdW7qqtcceeWTg2H0vYwIDeS6.lhWh67pRKsA0oMO', 194, 2, '1985-05-16', NULL, 'male', NULL, '2019-10-13 00:50:59', '2019-10-13 00:51:17', 6924, '5A5vW9rtLIqlLvgBrDfLUfdq9H9DI73J5uDW3g4cgCtTzd9oM7hzXq6VnbUz', 1, 0),
(192, 'عبدالعزيز محمد ناصر الشهري', '0543477771', 'az543477771@gmail.com', '$2y$10$8hcnrPkzu.ney1v9mgkNNeJDzywaMNErjpCj/f3PsMcEAmtBg84Mi', 194, 2, '1985-12-23', NULL, 'male', NULL, '2019-10-13 00:53:57', '2019-10-13 00:54:17', 4218, 'riL72lIbEKsdUOvkxImBy3SSScbjx4kWIhEoXgL1ecQCsklGoiniZCacOIzP', 1, 0),
(193, 'شاكرة', '0533097267', '3boodyafg@gmail.com', '$2y$10$nePkINoh75HMAj3TcuXuheTwFCCKUyug2HPlh4aLXhIxyOaKukyEu', 194, 2, '2001-04-13', NULL, 'female', NULL, '2019-10-13 02:11:14', '2019-10-13 02:11:39', 7685, '8UBqQvDl1FYZUQ4UjA3CdGlenDkJ3c0mzKRmpBKEXYUKzw6XaboA1M9BQJiw', 1, 0),
(194, 'محمد الكيال', '0593321262', 'Alkayyal.mk@gmail.com', '$2y$10$XU5jtYCLWwG5aTqq/.pGv.GOn1ARLQTFDuk6LELOBRMjn8ooTOTsW', 194, 2, '1995-10-13', NULL, 'male', NULL, '2019-10-13 02:25:26', '2019-10-13 02:25:42', 8971, 'v1lcsrn7ymnjO7fZOD1DERr3xY3qBelypsGUhdyterqScIiGYj4NrqmsNGla', 1, 0),
(195, 'أحمد أمير', '0555098794', 'H1a2o3o4d5@gmail.com', '$2y$10$LMx3LPMQPyrLQm2.i5WoAOPe9FzPQev.LJ8n1tLDzofHM8wc6HE2.', 194, 2, '1993-04-04', NULL, 'male', NULL, '2019-10-13 03:13:33', '2019-10-13 03:13:47', 56, 'AHfaCYkzvG9Ks8pnddXFb8drrZPWjSPQy2vEO45dPkHpA7CL6GWBeQT4dTta', 1, 0),
(196, 'هادي', '0555894976', 'SOS0022@hotmail.com', '$2y$10$2eBukJre85/4F6VlgOx/6OZ23Tzmzoy5Nd1uWxzgPWQ/dg4QkXQ6y', 194, 2, '2019-10-13', NULL, 'male', NULL, '2019-10-13 03:28:32', '2019-10-13 03:28:47', 257, '0ONyGQPqPGgeU8B7b9ZFZkRlMdrHSPpDiMzBhQNiO7k1WaC8ptqWTBZ1VheN', 1, 0),
(197, 'سليم', '0559220307', 'Silm050960@gmail.com', '$2y$10$t1eaidWky1ZAach.o5rtOelvJsKqqPDQiNhROQRCylVyYm3by7gz.', 194, 2, '1983-01-01', NULL, 'male', NULL, '2019-10-13 04:12:52', '2019-10-13 04:13:10', 2337, '2TxReyEemHqq6hCZXxxk1zoMqqbB8G6Uxc745BVtNkN1w01TwcifQAzfsq7U', 1, 0),
(198, 'عامر الجهني', '0544848686', 'ameralmsaadi@gmail.com', '$2y$10$zmSwzu5tCyksb/G4VZMTHujfVJFfeOpeCIamn3cmGa6ZeZUlH92W.', 194, 2, '1984-04-12', NULL, 'male', NULL, '2019-10-13 04:52:52', '2019-10-13 04:53:09', 6809, 'oN0Yur35l17MHAmRmZ95NbP0pdCM87OUkGEY8zjDWVybUSPUPsSFzt48E8SH', 1, 0),
(199, 'امير مبروك السعيدي', '0530301953', 'alsaudeksa@gmail.com', '$2y$10$KkWcvZbmk2.zdi.rJvIVhesqf62J7dUocA57JcMegmcYHSpbk7AX6', 194, 2, '1984-03-22', NULL, 'male', NULL, '2019-10-13 04:55:28', '2019-10-13 04:55:45', 1284, '9lPeRdwTqXL3BI7Xd5MzwfM7PeyXGpoXeyzjolwamUZecskv3Eg6UEIrLwAD', 1, 0),
(202, 'عبدالهادي فرج الله', '0536153454', 'abdulhadi93far@gmail.com', '$2y$10$KkTPL12RuZdSjzOqT0AZM.sbWBPilVBs7EEexxU6YmDyGGza0ooGO', 194, 2, '1993-06-07', NULL, 'male', NULL, '2019-10-13 06:21:29', '2019-10-13 06:21:54', 1248, 'D8A6G6sAj4x4854tsVZVwgB1X5sc7UuogngNJvpDbxCdzg5VZL47Xp1t5rhZ', 1, 0),
(203, 'layla mughais', '0543109206', 'Laylamughais@gmail.com', '$2y$10$1xfmxMT22uPGNBFoGwRbrOZURyfTbhtruRoR8D1./LLwFm7v/UWNy', 194, 2, '1998-04-07', NULL, 'Female', NULL, '2019-10-13 07:36:57', '2019-10-13 07:37:19', 3458, 'efVqqv7LLhrlDeBFQIfn7mLc4xYuPqs7b31M57yPYqZcRKW9CAVKbFi5vGnn', 1, 0),
(204, 'أحمد حمد', '0567714927', '', '$2y$10$8wjK1OKe4q/U3c4XLh.9ruaeKZLflq4yvtHB60BJVsFL8GBo9I/HW', 194, 2, '1987-01-17', NULL, NULL, NULL, '2019-10-13 10:43:50', '2019-10-15 11:41:17', 6708, 'jFRo5uErLiwgHR0SW7oGL13wdr5ODTlZhoPpOwcGUf5bS6fuZvpgfnt9fZDj', 1, 0),
(205, 'موسی', '0540237587', 'A@a.com', '$2y$10$3akn9AHGFxCDS4IP4b8iu.8lJpfwATMaonlE2dHfKONNrc4vBAHqe', 194, 2, '2000-10-13', NULL, 'male', NULL, '2019-10-13 12:48:33', '2019-10-13 12:49:06', 9259, '0Qw5LvAiksNF527ZvdRwYG9Xf6hzIHjCdZaAXNSwPDs8hRlu0ec5L270OfWl', 1, 0),
(206, 'صالح مساعد الزهراني', '0556779127', 'sslla@hotmail.com', '$2y$10$lo1oeqmav4cV45Bi4ydWOeI/c2getJXwllaOkxn1YxV3ie1nFW.4W', 194, 2, '2019-10-13', NULL, 'male', NULL, '2019-10-13 12:57:28', '2019-10-13 12:58:21', 153, '1tRrNZtA0BsML0YthXQbz5j4pPN9K9Sh7ZhytlLzWK6uJuJYe1LrmUpu4iM9', 1, 0),
(207, 'مريض', '05100100101', '1@3.com', '$2y$10$DuhegtIOjfOG1YLae8Q09eHgO5GbCOF06rbbjXwnN7/rA0.ZElEdq', 194, 2, '2019-09-28', NULL, 'male', NULL, '2019-10-13 12:59:04', '2019-10-13 12:59:17', 9182, 'A8GeGd68mElRT6B017FZ2rTJ5ydzeFgTlybNaaGM9z2UFL5SMN6q1J9Bvqkb', 1, 0),
(208, 'عبود غزواني', '0543168400', 'abu.com937@gmail.com', '$2y$10$eB3mkJoOgoKC1pFKS3WJ8.ccPT/v2okJVgiZF3Zc4FCD5yBhOS2s2', 194, 2, '2019-10-13', NULL, 'male', NULL, '2019-10-13 14:18:41', '2019-10-13 14:19:02', 8363, 'BIW7JmlmYoToooOWbnLLhPqz7RTkm3PiiE1ib10m8oALTY6roBbtU7Dunk3r', 1, 0),
(209, 'مازن عمر', '0503234366', 'Ba7akem@gmail.com', '$2y$10$aPPKIoAUykyrHB1DBH/oOehyw4/hv65kuAtyRBgqgUpcv9slwte.e', 194, 2, '1985-01-12', NULL, 'male', NULL, '2019-10-13 14:33:35', '2019-10-13 14:35:10', 508, 'iqNn0jGoKkiE5tx69yLglom4sWLYvXyaz4Xkbg1K8ImR1gEDn2kGxe9NF0fA', 1, 0),
(210, 'علية علي سعيد القرني', '0537119748', 'la99549351 @gmail.com', '$2y$10$7mhye2yLkw5B/MzAplpFpOeir3JvOARvj6Vh28o.WTAxPUyJXG2DK', 194, 2, '1999-04-04', NULL, 'female', NULL, '2019-10-13 14:35:04', '2019-10-13 14:35:23', 7218, '9hHMzdHdCBSQoQggLzaLxRSfV74UwTWEZ9fZ2Mx3gb9xTBj2HKLP88jI1lai', 1, 0),
(211, 'Hani', '0569862578', 'hani1408@hotmail.com', '$2y$10$rMySRySp8LUVjHVIPe12debvel9yD.1GDHojOGQJfsYHhXqfdDgs6', 194, 2, '1988-01-13', NULL, 'male', NULL, '2019-10-13 14:44:26', '2019-10-13 14:44:50', 7505, '5wJAaLHC5mG3VRohQ3aC7Wm2jrfPsP6Sb2BuDec8cpvHDBMqYQ0KUE9D0WzP', 1, 0),
(213, 'محمد اللهيبي', '0556934980', 'M7MD880@GMAIL.COM', '$2y$10$DADI9wWTruWjnMJy1pZyUeJsmRc95mlgtCSWMhi8BEmvxDDq5bqpC', 194, 2, '1990-03-09', NULL, 'male', NULL, '2019-10-13 15:19:05', '2019-10-13 15:19:17', 6414, 'vYIN7ygUAyJbeD2zxRjltSJG5GQSc7nbDcwQqki2i8UAjWn662u7Ctwsbn4o', 1, 0),
(214, 'علي محسن', '0570007809', '3looly00@gmail.com', '$2y$10$lm9KVifzjViUzFEEsUhXBusDg4Z1.bhNEa2QAfm3DItn7tvFlrqra', 194, 2, '1992-10-30', NULL, 'male', NULL, '2019-10-13 15:28:29', '2019-10-13 15:30:23', 5074, '6LTbVgDKJTJ2e5HzU3dO9NtR2XOnmirZMRZearKy9rCq7xj2vW4PctN1jjkG', 1, 0),
(215, 'As', '0544443214', 'aaasssaaa0097@gmail.com', '$2y$10$/VqMMwprlIeaP9/46LGNq.pj62JVXc3/J6n3QRgs7T/mEh6OMzbD6', 194, 2, '1977-06-17', NULL, 'male', NULL, '2019-10-13 15:43:06', '2019-10-13 15:43:21', 6896, 'h8PVx5Ms9vD7vWx7AwdLyUf9qvx5mlFGGKTuAFIi0VSdHWpMMWUgkJ90eCcV', 1, 0),
(216, 'ريان عبدالله', '0568793492', 'I.7@live.com', '$2y$10$TaYQHdU3yJEsQye4GeTYpOQSO6QI3uLj3yfzOX47nOmuLR/V1Bc3.', 194, 2, '1989-11-01', NULL, 'male', NULL, '2019-10-13 15:58:12', '2019-10-13 15:58:28', 6828, 'oBgboGDSsA6m0J97PHZUfIXoC42VYjr0IoJm1WAWVrJO71XTtlI49DHpsa95', 1, 0),
(217, 'فواز', '0551217555', 'fawaz.gm15@gmail.com', '$2y$10$zYH06kNQaQ2B3.Iiwx0V5uGIUlxUcUq62mEJ1EwhlVS5cxozUiF8G', 194, 2, '2013-03-09', NULL, 'male', NULL, '2019-10-13 16:27:31', '2019-10-13 16:28:32', 3635, 'N8UGY4ScahJDO5KU1NQrORLMqzar1WJPtMyCDQ0Hzn0F854s0fObiCSrHd1k', 1, 0),
(218, 'مشاري عبدالرحمن بن حماد المنفلوطي', '0557759963', 'mishari283@gmail.com', '$2y$10$thhKYp5jDPBZiMAtPIdy5Ot31fSPe99O4KBRsUwNufSv6GkgSoYcu', 194, 2, '1999-07-23', NULL, 'male', NULL, '2019-10-13 17:10:32', '2019-10-13 17:10:50', 8939, 'GEsHbSMTCRLjKjiKDDN1crJDQHLurFrLiB2qbFVOKJzLNJgvOIMBgrOe71XB', 1, 0),
(219, 'مهند الأحمدي', '0547234002', 'Moanfc@gmail.com', '$2y$10$H/6YMjYkTaTSqfc0HjwzUO95i9bTiAH9hX.pBSDhBUaEMTZ/RujCy', 194, 2, '2019-10-14', NULL, 'male', NULL, '2019-10-13 19:58:39', '2019-10-13 19:59:04', 4333, 'rqm4WNMpSVi84yAqgNrL13XPHfLvg2QeLX7JvpD5eKj9OL55clKGLkjkwynT', 1, 0),
(220, 'Zeyad Alzhrani', '0598740404', 'as120@hotmail.com', '$2y$10$4XIXQJnQhFpFpzLQcFHgvuCfp1rvKjd1BSbhTK6gKwgsEl6mAaZyy', 194, 2, '1975-12-17', NULL, 'Male', NULL, '2019-10-13 20:14:19', '2019-10-13 20:14:36', 986, 'CArvixrPpGp0mD0bYagE1yYO8os0MRcTxjOifG9XXW9Xu8j0UcbQ8UrTkJOK', 1, 0),
(222, 'نواف', '0559417741', 'nsn-13@hotmail.com', '$2y$10$F.IEiq/ReMKA7ZJXZm/f1eCMQ2NjNcMImNDa52eyEqDCRFupT/LNS', 194, 2, '1988-03-16', NULL, 'male', NULL, '2019-10-13 21:19:04', '2019-10-13 21:19:23', 9522, '5ZZygwSOfhzFpFdOFLVQ4XdHqO2alhSXtNpLzd4ezGItWVZGjRXjkTqfZbWs', 1, 0),
(223, 'محمد كرامه عبدالله الراشدي', '0550844498', 'MM6155060 @gmail.com', '$2y$10$q/oiw6jHO4sqHIcaiRW2Wu3tp7GDG4EVunc1xuQCVpA4g132jxkgi', 194, 2, '1990-01-27', NULL, 'male', NULL, '2019-10-13 22:14:29', '2019-10-13 22:14:54', 5119, 'YEPf93vNczUA54Su9xtlC3cHE6HSm0GkJdBUhhthVXRvaFrnZDxAwudd59DF', 1, 0),
(224, 'منير', '0567686740', '0moneer0@gmail.com', '$2y$10$UDd2KG2632DnHV8TDRw3XeX53cW7AxsldHWkRFL6JYQZcyhU/X8PG', 194, 2, '1978-10-10', NULL, 'male', NULL, '2019-10-14 00:17:15', '2019-10-14 00:17:42', 9724, 'JAEORCQheUWmvVD87IrHPLJ4nhCK4gmXbeKeFmoX6oNoKQEXHwlKPd0GQH7i', 1, 0),
(225, 'عدي', '0598000603', 'Soso116666@hotmail.com', '$2y$10$yHPJppFwll70k2VwEhlVSeTs4A94b7Zl1h7iG0suHlYHofNcA72dy', 194, 2, '2019-08-03', NULL, 'male', NULL, '2019-10-14 01:28:09', '2019-10-14 01:28:46', 6002, 'pUHNn2cvyUseM08FtyZhpN4Wf3Drr50n9tBBE8HgxfNtbxMUnq9AFtfdPD4W', 1, 0),
(226, 'حسن', '0506455030', 'Hassan848@gmail.com', '$2y$10$uoU8aF8cObjCF6fyWtPKj.Qt91kSHK8yZfw1Vqnw4Xy.ky7yleHZG', 194, 2, '1995-04-08', NULL, 'male', NULL, '2019-10-14 02:48:11', '2019-10-14 02:48:22', 5060, 'BW2kA2h1olX1rsbjIF4b1ehWb9wacnIDv9eKdFHzbxqhjoOyVL3CExAJoRYk', 1, 0),
(227, 'Emad 078', '0556438341', 'A055643a@gmail.com', '$2y$10$23OtU1EAY92Ev2ZWRoHcJeHw.yEPelQIO5YO2UyqjFLPMyKdcdjW6', 194, 2, '1987-11-20', NULL, 'male', NULL, '2019-10-14 03:06:18', '2019-10-14 03:06:37', 1719, 'pz1AeNAwRNCCvwdx91VV9JrayjdqB07K6FQB5VLWVv8LrnNSmLJoSCsanhrj', 1, 0),
(228, 'سلطان الشهري', '0598888585', 'alashol8888@gmail.com', '$2y$10$DDrhdyZXwNqRdZ9uCIf3yuWQVPqxxz0RKQkujhePU4Kpz.q/0kt8i', 194, 2, '1984-08-28', NULL, 'male', NULL, '2019-10-14 03:14:19', '2019-10-14 03:14:45', 1420, 'TFhfqnESHLVxDJpRR9KqrlD8k7gLd2vrZn1pVmPnAFmDaVbwPefajltVGjyj', 1, 0),
(229, 'أحمد العمري', '0508533900', 'ahmad_almadina999@hotmail.com', '$2y$10$LE56bm27Z9e5NbE1LwnJE.YT3hem2Ml9FxofQ58WOWQnOmjt/1JUm', 194, 2, '1985-08-20', NULL, 'male', NULL, '2019-10-14 04:21:10', '2019-10-14 04:21:54', 7708, 'jc9WEJZgcVd2z5pOylhb1jJHqPkfYXaGUVoujD4Tl9AKFPrGant1GfVUCUUe', 1, 0),
(230, 'عبدالوهاب فران', '0590939999', 'Wahboo7@hotmail.com', '$2y$10$RjlL.PTreqjUE3gwlcfma.k8MOv1tMZoYyv847duCKkq7LuFfHsEW', 194, 2, '1985-12-18', NULL, 'male', NULL, '2019-10-14 04:26:06', '2019-10-14 04:26:41', 5601, 'Y8YTBCy2j9T4klb7wq8bs8wKFGQqK5O2CqzRecgLai7hP6TSOKGn6z1GTWjc', 1, 0),
(231, 'حامد مختار حسين', '0580118446', 'homood.fm@gmail.com', '$2y$10$qQ8xV8l/gy01pfxsroQapesqfVD9hMjymwsTUIL/MjX2kfayw18ka', 194, 2, '1996-12-26', NULL, 'male', NULL, '2019-10-14 04:28:07', '2019-10-14 04:28:21', 5574, 'ttfso0RF5vL6AT5Rjj8VUSzRa16ft5q7Mv6L3hx1nilJE4FJ5tFOxxjnbIYk', 1, 0),
(232, 'رمضان ضيف الله الزهراني', '0556773190', 'Razahrani@hotmail.com', '$2y$10$4Hw21bYeSgBde7ocsyZ4HuTfjr209JujZUoh21/UA7.YbKeA/qRD6', 194, 2, '1983-04-14', NULL, 'male', NULL, '2019-10-14 05:25:26', '2019-10-22 07:01:37', 9414, 'd9lVn6QlyxAZA2H5qGaaMEQCOlU2iKDe2UCa65oKebxSd5aTvohqQ1biLZAH', 1, 0),
(233, 'ISMAIL MOHMMADHASHEM', '0507088014', 'ismhna@gmail.com', '$2y$10$lTL/sAYYWwfVdpCGYxN.z.3a/0/C0vaGy/86Rsn.vr.qfH02.w7lC', 194, 2, '1986-10-14', NULL, 'male', NULL, '2019-10-14 05:51:05', '2019-10-14 05:51:20', 8435, 'FGXFdeAdPsxLzYK6XsB5BWME1hyyu9fUMKFF2cef0pQqiM00kng8Yjx8jkLe', 1, 0),
(234, 'خالد حيدر', '0596612728', 'khaled193646@gmail.com', '$2y$10$celfPkO1Us76A.S1Tm0dR.hLKsyE1C3n35CQ1obPiCs3eyUqT2UuK', 194, 2, '1998-07-11', NULL, 'male', NULL, '2019-10-14 06:26:40', '2019-10-14 06:27:09', 3389, 'yobfmPyXkrc5loXyN9kZazv0nqTJH5IXzzDf9R2NhjRTJZUiBvabQRPq4GJ4', 1, 0),
(235, 'عبدالعزيز الاحمدي', '0564787434', 'esrb1980@gmail.com', '$2y$10$v/aIJN1Id.UUdQa8nGlGBOykqgEPOX.7alkgnK1tOvcKxkShWaGyy', 194, 2, '1986-10-01', NULL, 'male', NULL, '2019-10-14 06:36:29', '2019-10-14 06:36:50', 8816, '1zs0LjbdLpho8xKtwgvPxRS85yzQZoYFmBDE4EI0V16tom4YCH6oIXmd3KO3', 1, 0),
(236, 'Abdul Khabeer', '0548300774', 'akhabz@hotmail.com', '$2y$10$.sVQwElQDoesREHzy0VeLuDkCZZt2toE8G7GpwZNyeXfUVrcQXLRW', 194, 2, '1985-09-10', NULL, 'male', NULL, '2019-10-14 06:51:20', '2019-10-14 06:51:32', 4925, 'ZerdCBcy3uimzQpVGwikNEhTjEvZJE9ZdCWo091Ciyvc2xJOikUW3QrPAT4n', 1, 0),
(237, 'محمد الفقيه', '0503011704', 'm.meatad@gmail.com', '$2y$10$EUquRNJTkbStnXTtNHgmWOP4OXiGL4v8kyP8Klow3kR92z/V5bwJi', 194, 2, '1984-04-11', NULL, 'male', NULL, '2019-10-14 07:37:30', '2019-10-14 07:37:50', 3808, '9MqDE7WwXtwPMrKZiNryeKoq2GIG5xlv7omJ8sQ2am1MS2lH6vhPuqC1FpLc', 1, 0),
(238, 'عبد الحميد حميد القريقري', '0549278622', 'Abdulhameed1997@gmail.com', '$2y$10$JbTXBhLg4BI5mSpA7aklDuzKokzyLDRSTPKPaIs86lGiyuu2nru1i', 194, 2, '1997-02-11', NULL, 'male', NULL, '2019-10-14 08:07:19', '2019-10-14 08:07:41', 2960, 'tjMltaoCGJN6J9RNR8bk1Lx7dY3IyPxm9TR8QgybHbeUqreDRFjk8FHhv7nV', 1, 0),
(239, 'ماهر عبدالرزاق الصاعدي', '0566564163', 'Mrmr199614@gmail.com', '$2y$10$edxeKg34LnGixqDB.7MGH.fz0k6T.wa.2WeduAywiE0yOvMxMkELC', 194, 2, '1996-11-11', NULL, 'male', NULL, '2019-10-14 10:38:01', '2019-10-14 10:38:26', 2137, 'SyDPv4u9WTuVqAXHYIpIHnFWJXJmwNGorKQVaBAuMGDWzDThROJ9IWiAKtJU', 1, 0),
(240, 'سراج علي القرني', '0530416372', 'serag2022959@gmail.com', '$2y$10$zb8tL4qtDAWL77VK037FAOb5/Mg8wM5jCf8XaraaEC5X7QXw8QZw2', 194, 2, '2019-10-14', NULL, 'male', NULL, '2019-10-14 10:48:10', '2019-10-14 10:48:29', 9699, '3UHCJfIlKl3KSnEYuYQStGby1xiqcHAAIf61AHa2MtmCb8J9BEXnNM1j6wid', 1, 0),
(241, 'لطيفه', '0502505600', 'busy-vip@hotmail.com', '$2y$10$76p9lodndtmizflT9fflO.Ofc1yzcJktyyxyR8wWvZ0fGfrhSynSm', 194, 2, '1992-10-14', NULL, 'male', NULL, '2019-10-14 15:23:07', '2019-10-14 15:23:22', 4226, 'woIRxqtD1su9sqYXPc5hlrA74gOuMYDB6c7uFGk2atws0v9Ig4VG4qVoxaCo', 1, 0),
(243, 'عبدالله محمد', '0508877433', 'a14004z@gmail.com', '$2y$10$eXSzXYKqEwQlqlEqB5vI0O/vWAw1WNOPC0EEzWv1Xi5ST2cwwmyGq', 0, 2, '1985-06-07', NULL, 'male', NULL, '2019-10-14 21:24:07', '2019-10-14 21:24:25', 5067, 'CmqGT3dT3XbAYhzc37B9PlP2nOMXGB1bSYKZREDzX7Q2c2GuVdFX0Jht2IYy', 1, 0),
(244, 'هاني الهذلي', '0580000308', 'alkiri10@hotmail.com', '$2y$10$DCkdvGVO4VyyQiEZDs5s/.fanV4cIooJYqU0wUyS9SYd7K7F9Y6B.', 0, 2, '2019-10-02', NULL, 'male', NULL, '2019-10-14 23:40:58', '2019-10-14 23:41:18', 903, 'ZzihVAHehiVSfNrkyIwa5vFIE4YDV7mY4zuSMrU7VKvNeHXeq2I5hzDouQtf', 1, 0),
(246, 'رامي القريقري', '0547087688', 'algraigri.ra@gmail.com', '$2y$10$R4kmlkxQhP7WGx1z9MQb2uvGyQgs5Zd47K4TWtYAyxVcrlkyBH.cm', 0, 2, '1986-06-18', NULL, 'male', NULL, '2019-10-15 01:46:42', '2019-10-15 01:47:05', 5893, 'YVC7XOxEVlmm1BUpI4YmlbJxYm2ZuTDUDBT8Q3906Diwg8bXfj6JSvL5fvYh', 1, 0),
(247, 'أحمد الخالدي', '0581604067', 'a7mads1418@gmail.com', '$2y$10$ZHfzG9zWxDLw0gxpcmUsUOZgbg.VKCbGMQad4GdPrpLqwYo2iEmVW', 0, 2, '1998-01-08', NULL, 'male', NULL, '2019-10-15 02:04:23', '2019-10-15 02:04:39', 465, '6776n4a43Nb0B6HIhzeJaT7WkqjV3x1nBKflbpQILgwBSimTPXPCoAZ2Yt4m', 1, 0),
(248, 'خلوفه محمد حكمي', '0540002727', 'kalofah_1413@hotmail.com', '$2y$10$lBD7fJYj0tO.2l6SWIVAJe.k3IfKTQqMOxobYf6ShPSWvAx/4tuBa', 0, 2, '1993-05-03', NULL, 'male', NULL, '2019-10-15 04:37:50', '2019-10-15 04:38:02', 1365, 'msKnLwt7EWnmMXABlEwbAGIwg1IB2onznNZJQ7z4QnqLTFGVetsaDBvNHQ1k', 1, 0),
(249, 'reham patient', '0512312313', '', '$2y$10$XHHtN8a4IiFuFMeA0XPhY.v8lRfn/wtsfmOQvSF6P1iV1DWQP.AVO', 168, 2, '2019-07-09', NULL, 'Female', NULL, '2019-10-15 06:30:11', '2019-10-17 06:54:17', 5763, '5V6wrLMWxRJNk0lDhUWK3s5ch1HCozs671vR4byjcZpCuD4GwIJ6sds67kNX', 1, 0),
(250, 'عبدالله', '0594630033', 'altwix.a@gmail.com', '$2y$10$Jmy5GWsi5XuCvGfsaUbfO.lI8PMVhCl0KiOhG4P8zFqZr93lXP6ne', 0, 2, '1994-06-30', NULL, 'male', NULL, '2019-10-15 08:22:45', '2019-10-15 08:23:02', 6793, 'zpCzy2XVXajunmsxqA6uqHcu2un6568NSYO4uyw5nA9VVzawORbQpqzFV44I', 1, 0),
(251, 'مريض 1', '05100100100', 'eng.nohaoun@yahoo.com', '$2y$10$5.h0fU89zjW6GhO6U3HwhOOqtWCUm8L3lOmuWYElx/ST2VeGVUA.y', 141, 2, '2019-10-15', NULL, 'Male', NULL, '2019-10-15 10:24:41', '2019-10-15 10:24:41', 1679, '92dbWVNMGHkaOB9rp2LwPm9ToAkFJCVWWorvClxtA4yn9cQU3fBg5MSM2RkP', 1, 0),
(252, 'موسى', '0582255234', 'A@s.com', '$2y$10$aLiU2v226kXfxUycuEDpROZag356goSOE1VTrPpWCmrzJr8PCFj5e', 0, 2, '2000-10-15', NULL, 'male', NULL, '2019-10-15 10:49:58', '2019-10-15 11:02:42', 8799, 'IcCLmrtsIMIMZARkNmG0SdhqfjIJiNoJAPPV6cuTU5WHrukFGeW7moVjOJl7', 1, 0),
(253, 'محمد الوادعي', '0509183060', 'abuhadeed_3@hotmail.com', '$2y$10$Dq4hi9sCC9lLLTiE4P9DxubJ/xc8KJ6JXHGExQT633x3ppiNFII/e', 0, 2, '1992-06-17', NULL, 'male', NULL, '2019-10-15 10:53:56', '2019-10-15 10:54:12', 1370, 'oeZFqxFCsABp8J7mFNEQpwYiM16YaP96ZLvcLFXUXxDNFYroLOsRk9oPPI2m', 1, 0),
(254, 'admin', '4275786578', 'admin789@admin.com', '$2y$10$mqXLbBZh9XYHG1GP./liQOM/2SUYTim5BY9biQ6uw1GAe3.myve7u', 232, 2, '2000-02-09', NULL, 'Male', NULL, '2019-10-15 11:39:15', '2019-10-15 11:39:15', 908778268, 'ZhGMy5y5dq5Po4Zykcj8dluqBLPUmdwDMTue5zB9rh9ILvVRALMv91JlUDku', 1, 0),
(255, 'jeedo2you', '0551069287', 'jeedo2you@gmail.com', '$2y$10$fsI/idjLpwPnZDGb0B/Y3e7oJP.HHveg4/XyMoSfeVGJBZ5uLORdu', 0, 2, '1988-03-24', NULL, 'male', NULL, '2019-10-15 19:01:22', '2019-10-15 19:01:40', 1626, 'Mgki02bgbyaG4lrxZMkz1xW9AkADgiZ2ZZrL9RQupX99s9nOGpa9xkUZArpN', 1, 0),
(256, 'خدمة عملاء Free Dentist', '0580580373', 'Info@freedentist.net', '$2y$10$w8rg0NVUFBJ9mrmlpkmjRey2HnZTBQ6WWMn/XrM0IYP79MTN3gjGa', 0, 2, '1985-03-23', NULL, 'male', NULL, '2019-10-16 06:15:36', '2019-10-16 06:15:54', 4865, 'bDtLVKUvDTvAvnDhGxXYKZLJXo5yuZcO9mNKGD4IirpjoR6ty12FUKkJkAMb', 1, 0),
(257, 'احمد', '0508502142', 'Prvip1@hotmail.com', '$2y$10$UMTCgfry70suRqd8.PiW9OzIyH9gLhURhWlDuTY0HTXmN26dMyDwy', 0, 2, '1979-10-01', NULL, 'male', NULL, '2019-10-16 20:46:34', '2019-10-16 20:47:02', 1977, 'uImk4L6nP4GsCoymabZ0HRjQmd15y8UvGZc5J6umSw2Q34zAdJp7RD4vPqSh', 1, 0),
(259, 'عبدالعزيز', '0505507703', 'bosaleh.aa@gmail.com', '$2y$10$qdDBLUPnP/yynlrlXPP6w.VtBsxGS3elFtoUwmo1i741JGY4Hmose', 0, 2, '1996-07-11', NULL, 'male', NULL, '2019-10-17 04:57:11', '2019-10-17 04:57:11', 7601, 'PSxAxjEayPZZtxgHinBYLbFVkju0mp6qnkdiz9U7lEcIlQSd8RyymeAp8kDU', 0, 0),
(260, 'عمر الحلوي', '0530649395', 'amma_701@hotmail.com', '$2y$10$j9jz9CZZx5Zm2.PECbxGy.yFgpjSKiMZNW3Vb0Ih43TK1jfEIGxKm', 0, 2, '1989-10-17', NULL, 'male', NULL, '2019-10-17 06:18:32', '2019-10-17 06:18:32', 4817, 'XqbkeGwtCQVU372icKUJlu8gwY7Z9pjx3J0GXDxuXXdGtag0yo8HvJ5EIXWe', 0, 0),
(261, 'Mohmdalnemer', '05619164592', 'M@fudex.com.sa', '$2y$10$fZN6O1dfhV47dAG98MKbGeUhkj3tBJKuWgsSV.4dLEDW2tbLzbnni', 0, 2, '1983-10-17', NULL, 'male', NULL, '2019-10-17 07:29:06', '2019-10-17 07:29:06', 2571, 'PZ6vMBiNlOwmqcS9aNc2x2PmTTlUQwEGSZCPDd65S2w05FYdwZs5HRVzDrsc', 0, 0),
(262, 'قاسم علوي الشاخوري', '0503863911', 'alsajy-2010@hotmail.com', '$2y$10$D4MUkQZrG5cPgrHsx0aoU.TLqANTVtCQqa7X7FY1tkjutgZCjGVsi', 0, 2, '1979-06-23', NULL, 'male', NULL, '2019-10-17 15:32:12', '2019-10-17 15:32:27', 8449, 'B85rvgfvFoOTpvxMs5MRk6MrdumU5Q5gbEDRrtxYTkdtaOarsHq5vFwhAMR8', 1, 0),
(263, 'Hussain', '0569877282', '8501110@gmail.com', '$2y$10$pG3ksUjaT63bRR7tuKSTnO540kjCIe1kjEkkD5feYkE4/Px1lozJK', 0, 2, '1985-10-15', NULL, 'male', NULL, '2019-10-19 16:50:38', '2019-10-19 16:51:13', 3864, 'ca35iKHV1rRWr0uJ1879ejRHE7dc3FguvQo2S3coKOm9ps9gcpHh4nsmDRWa', 1, 0),
(264, 'مدين', '0530987110', 'Ranawzaz9907@gmail.com', '$2y$10$mjHAg0Iz0TJZLX22GwtD..HVmyK4kIHzwxDCRoAcs6nffu/NF6ffa', 0, 2, '1987-10-10', NULL, 'male', NULL, '2019-10-19 19:33:09', '2019-10-19 19:33:26', 1647, 'fNKS3tqwzVstGqb4sv9YzpS58fduV1NLXQKDbsgqhZRQM6ZUQOcnPFl33M1F', 1, 0),
(265, 'خالد محمد', '0555595964', 'khaled95964@hotmail.com', '$2y$10$kcMB2HiEToDFMOxrM7MKpOxli5Pb8xV32mWb/WKmA0YpyCqHo4uMW', 0, 2, '1978-07-01', NULL, 'male', NULL, '2019-10-20 00:58:43', '2019-10-20 00:59:03', 2463, 'G9jnm9myWa1C2s3zpTh3ExvB5NnFKJDC7bT6GvKXq94tBL6nICnsacOeTYLa', 1, 0),
(266, 'فوزية هندي مشعل العبدلي الشريف', '0558493263', 'fofovip2008@hotmail.com', '$2y$10$mifq/wz5qZVBBBt38Fwm2ulO03qdd4ozvwUhztJxSTh6YoEzmqR/C', 0, 2, '2019-10-20', NULL, 'female', NULL, '2019-10-20 02:16:02', '2019-10-20 02:16:26', 7466, 'Mjs3IfArI31NnlSZcQVXksx8ykjeZTPyT8M5P4ZNIXXdit5r8DYe2ExXEWGs', 1, 0),
(267, 'رائد', '0508452742', 'ra-sh92@hotmail.com', '$2y$10$TIPrSkkjFH.ISRuBK4v5FOOzFaJWpzxG5HIlU14tQdCkcKzO6O/22', 0, 2, '1992-01-20', NULL, 'male', NULL, '2019-10-20 04:45:33', '2019-10-20 04:46:19', 1038, 'E37ILBILbuDiCKUvg2xxsqudikYADIIc7IQ8cXliKjX95HIK3fTmv6w6yr6s', 1, 0),
(268, 'سعود', '0504116216', 'aaa.cc7776@gmail.com', '$2y$10$HlNiXga63Ed5PDBZdGZvZ.xysdaGnblwmKzhCkNrQL1FPTCcB737u', 0, 2, '1983-10-28', NULL, 'male', NULL, '2019-10-20 06:26:14', '2019-10-20 06:26:53', 9445, 'YBdYeZMcRw3BNE6nYDpSVmP2emakn2FfruaMoWXtJYFfArObysoW1MQXOlFI', 1, 0),
(269, 'علي أحمد علي صيرم', '0503293295', 'ali.seram27@gmail.com', '$2y$10$OmYv5O5Sk.JaA46uzKB15u9G2yqibFNf23etzTr8768jC54n2epBe', 0, 2, '1987-08-31', NULL, 'male', NULL, '2019-10-20 07:38:32', '2019-10-20 07:38:55', 5434, '7oZM4I1mmPerYxJXQKK3INV958yLWkI2TmfiYtPbW2yi4TtSkHcSWjk1rW5X', 1, 0),
(270, 'Hassan faqih', '0501988721', 'Hmf721@gmail.com', '$2y$10$emOr.vRrmM7yxKbyKwIzqOOcYZdKVwPgxiKPDIAWnpCu535xSGzEe', 0, 2, '1986-12-14', NULL, 'male', NULL, '2019-10-20 07:47:36', '2019-10-20 07:47:49', 2033, 'c96YQGM8URWFZYTdGmdj8101u0RG7pFTfN21m8uKh5WxASQa0ACJNPn7g8rG', 1, 0),
(271, 'علي الزهراني', '0566699850', 'o.3lawi.o@gmail.com', '$2y$10$vV2d3cdCr1Ssxwx8Xob.sOXdSocTpzh2sCkhczOxopC6Dx0w3FMYm', 0, 2, '1987-01-01', NULL, 'male', NULL, '2019-10-20 08:13:59', '2019-10-20 08:14:27', 7156, 'WFpLb12doPFPRUoAJtnLFs975kHjwMGeivuUPFSw3VtmMy0oSyTtM4orHUWR', 1, 0),
(272, 'يحي قنديل', '0508121660', 'Yzfq11225@gmail.com', '$2y$10$NRDi7Z4mBRzWJzYhQtTudOACXqdzyrHjRxAYN/2YzuGmh6n.EU95O', 0, 2, '1989-10-20', NULL, 'male', NULL, '2019-10-20 08:14:50', '2019-10-20 08:15:02', 1091, 'b4iO8MNgg7yVJ4F9OiG5zHxiMGzlSMli3XyaTe7RlHbzIS3LtJZfHA3jAw8C', 1, 0),
(273, 'ساري البوقري', '0583010604', 'Sbogari@yahoo.com', '$2y$10$JdgcyFB51fGpo7hcac1IZuxS.ME1BCxJ1fI1iHqXUAi.oXrp2HnzC', 0, 2, '1991-09-28', NULL, 'male', NULL, '2019-10-20 08:35:27', '2019-10-20 08:35:43', 4173, 'AWdihPjPJhlI2LGyBycm8WzqAkHM2ZkwgDPjxykhJRRX992QMSmTCW3iekcx', 1, 0),
(275, 'حسين يوسف الغانم', '0531376622', 'abu.yosef3546@gmail.com', '$2y$10$eiM/HGJfHhHuzM9HDESvN.BA9zo6estyxrEy3WEayLFzLIGwboygm', 0, 2, '1976-04-05', NULL, 'male', NULL, '2019-10-20 09:44:55', '2019-10-20 09:45:33', 492, 'T9EAx4ZKFf0QZJAibveVIFGZqaf2ZufizTxOZsLu2h8kvMKawlNFah66RnJg', 1, 0),
(277, 'Muthaffar Almousa', '0544851109', 'modfar753@gmail.com', '$2y$10$QRI2tzK1a5k0EQNsVdjLuel/tSyPLVOtjXl5CyjWRig98//DpIeyy', 194, 2, '2000-10-31', NULL, 'Male', NULL, '2019-10-21 00:21:48', '2019-10-21 00:22:55', 840, 'E1Zc7aNrWPT0ULnUISKGrFDK2yPO8xBaLZ2Jy5aunA6jBOLCTREl2l2TP9wV', 1, 0),
(278, 'خالد عبدالله الجلهمي', '0590017847', 'skaj941@gmail.com', '$2y$10$MhWykkUfJwJPRYajU8iI0O7QPc6hB1visva56KnfBU0eX9u9HoJwi', 0, 2, '1970-07-01', NULL, 'male', NULL, '2019-10-21 05:55:20', '2019-10-21 05:55:43', 3796, 'N5fyawqq4h5ueDWdNZwFJ9WPOAsHBvEHdcHJWKSUVO7FETOnKbO99UxZUGEF', 1, 0),
(279, 'زكريا محمد البراك', '0555148700', 'z.barrak2@gmail.com', '$2y$10$giKOZEO.Mv1tg6z4JHyk4OpkhPPffGOhHqjcAZl9RsXQN6Uf.Ywka', 0, 2, '2019-10-21', NULL, 'male', NULL, '2019-10-21 05:57:15', '2019-10-21 05:57:46', 6807, 'g8f4Sn96snnhNSJlqxS9eimn8DetfZyFI59Ynv74v5IUEn7i4xvsYLFYfnQz', 1, 0),
(280, 'سليمان ابراهيم', '0533320293', 'Ses.333@hotmil.com', '$2y$10$uKnzDfBhOrWJzn.VgubEHOBjX507v05QD5ZqHD.Lp8hRldiyV1vWK', 0, 2, '2019-10-09', NULL, 'male', NULL, '2019-10-21 14:39:49', '2019-10-21 14:40:31', 4209, 'rlctIKBxwEzPSjA6Ed7abYm2E3EvcXEwPj3VNj3zcC9SsRtBmuFCi4u79IEO', 1, 0),
(281, 'عمار', '0555949717', 'ammar-bash89@hotmail.com', '$2y$10$OIj6m7pTFljwmeBPCRg7JeQXnmMPauU/r.e2NKxEi6XMN8GNr1Xpe', 0, 2, '2019-07-30', NULL, 'male', NULL, '2019-10-22 09:36:01', '2019-10-22 09:36:01', 1291, '8vYLhHeGUC0xNgfmUs62gkNU1citqYiuu4asNihLgrUbp8eQqhdvKtFhDpt7', 0, 0),
(282, 'عبد الرحمن', '0559022223', 'abusarah1407@gmail.com', '$2y$10$Ttg313OxoVKSa0.H9iOOZO58QkoqtFK/VZulsHMgN5PKSyl93vuNm', 0, 2, '1987-05-20', NULL, 'male', NULL, '2019-10-23 07:14:00', '2019-10-23 07:14:00', 9205, 'X4x7NnRCy1bfNW4vSfOgu45cqga4J6QDGj8CvmYlRXoBiZ7Og17AXu2DJW7i', 0, 0),
(283, 'عبد الرحمن', '0559023233', 'abusarah1407@hormail.com', '$2y$10$MTa7HQxzqEI3NUuNQuSaZOqo9IwHmNEFLRXr0wj3OB69Vtprw8Sj2', 0, 2, '1987-05-20', NULL, 'male', NULL, '2019-10-23 07:16:35', '2019-10-23 07:16:35', 9693, 'Y9RjokRIskJMa6tutupW8Am9YIZR8mgAwvJg2RveO99sPLsPeF0yfjqLgKEW', 0, 0),
(285, 'Mohamed', '0546580380', 'alashqer2013@gmail.com', '$2y$10$873CuUjhZN6GbrlmA305o.49G9LAkn9aK9G82TdPg.mrqD4GmtiSS', 0, 2, '1989-11-03', NULL, 'male', NULL, '2019-10-23 18:20:11', '2019-10-23 18:20:11', 7691, 'ihW552nsv1XOiZESUT2FCPCPoEgvzprW3D9a0Ax7dvZkObRlb2d5U6jIfhI9', 0, 0),
(287, 'محمد', '0500384404', 'mnhammed551213@gmail.com', '$2y$10$YRvijFrhajuoHqxrsxMB..s.NtlsULbYWBOL6TY8kK4OzekWuCUOC', 0, 2, '2002-05-15', NULL, 'male', NULL, '2019-10-24 16:24:02', '2019-10-24 16:24:02', 6966, '7AONa7d6pMDLcBBJHD8OQyewvYy7on34WX7Gh3a76xGNiHEar4oUtYklbPbg', 0, 0),
(290, 'Yasser Ali', '0566088897', 'yssooor@hotmail.com', '$2y$10$iT/BRs7taju6x/1J7vkE5eIcyZ45yF6n0nNRqdKH9Rh/suAqxWsAq', 0, 2, '1994-01-01', NULL, 'male', NULL, '2019-10-26 17:58:32', '2019-10-26 17:58:32', 3428, 'uNcq16kpPdOEhDEwU4QQfGjrFdSri0ABY2nsBJieS1vD9NTw6f6AAQjCM1jZ', 0, 0),
(293, 'Omar', '0536633639', 'Omar.bntheeb@hotmail.com', '$2y$10$62Y.bXMXuSjq9u.YbdVHGO8NuJMIPhfOPzLMuz24yi4phHFZSRwQK', 0, 2, '1988-02-19', NULL, 'male', NULL, '2019-10-28 18:02:38', '2019-10-28 18:02:38', 573, 'pjlpCkubksRy0OWoj8stGXoWi34YU9qb6txPZMZJDsBOV7aIILsc02jVvduh', 0, 0),
(294, 'علي جعفر البوري', '0541340778', 'albbori@gmail.com', '$2y$10$hnar3jxR7fjR6JgF1tTT6OM652mEJhL1ewz7bfl8VApaozECD.qnO', 0, 2, '1998-09-29', NULL, 'male', NULL, '2019-10-30 17:46:43', '2019-10-30 17:46:43', 9506, 'pHv0tXePmcUVu5v9HEHRs3D3GxHqrQGtXcIAyMopIxOdG54wcvtVL45bmf5A', 0, 0),
(302, 'جعفر. عبدالله علي العلي', '0509403259', 'Allota1212@hotmail.com', '$2y$10$5mOwItlrZw8d6VPI67BYqejMVG8uWb.Ahmw7Dbttuy3gptDvPpHS6', 0, 2, '1997-03-08', NULL, 'male', NULL, '2019-11-02 17:51:21', '2019-11-02 17:51:21', 339, 'sGiOIhifYANSSZ7OlpnHPTt2fO23lnjUhrLCVMYkNojyBU9e0pgKS0OgKcqR', 0, 0),
(315, 'Ghadeer', '0546681787', 'galeid137@hotmail.com', '$2y$10$lYWoeiuU75FhxLK0ayOyU.o8HMrDqzVIxJdVnjc1VeukFUNjE7C0C', 194, 2, '2019-11-04', NULL, 'Female', NULL, '2019-11-04 12:46:54', '2019-11-04 14:31:49', 1234, 'DE6h99HXGQGg0h15FEApXG4DKUydoFTaauKfOXry3iSxPdBTm5ygjynhciMO', 1, 0),
(318, 'مصطفى', '0504844225', 'most.a7.m@hotmail.com', '$2y$10$nUX.aZQjOJE/Qkc/S4P0Ueo/DYSawQGvvgixc9esy2kWRrJdwHlJq', 194, 2, '1990-08-15', NULL, 'Male', NULL, '2019-11-04 14:42:04', '2019-11-04 14:42:04', 1234, 'Gs53dHEwEAgVpRNShx3uCKpZ32iiZWiQ99ESLvU4LDLOOC26TELTAXDMcwU3', 0, 0),
(322, 'محمد', '0537750989', 'mopmi377 @gmail.com', '$2y$10$/xrTKtbO0y7C4Bi66J2TJu52GEJvpmsn65kDRBovQHrO8QZ8Ncxz2', 0, 2, '1982-11-05', NULL, 'male', NULL, '2019-11-04 20:35:31', '2019-11-04 20:35:31', 1234, 'hbwRM92p7kvFYucm7nMOzdVWhXDfZhT2XkQ8JxsMyrt369BguFVRJzMtmhYW', 0, 0),
(330, 'محمد احمد النمر', '0592825800', 'subjuct@gmail.com', '$2y$10$nWcmoXz7ZXUeuwC6QgtdKORtOIrQ53YXbjA/hZilkFToJq/7HeVeS', 0, 2, '1970-11-23', NULL, 'male', NULL, '2019-11-05 10:02:44', '2019-11-05 10:03:11', 554, 'MAYx6M3uDVML0TrU2gSInsUNQzHVR1m64V5ljRYXuK30zHNPL24eq8bwk6JS', 1, 0),
(331, 'علي', '0590772778', 'Lonly316@gmail.com', '$2y$10$MnJfCRq6J4yb29xzPA5C9uza75icQ/P1RojjhtMzvzp/kyC/weuAC', 0, 2, '1985-11-05', NULL, 'male', NULL, '2019-11-05 15:01:24', '2019-11-05 15:01:49', 5898, 'ybgbM0XMEyPR1XHd5KtJS96jtep1buWLw3uukWzahgqJX27qeJNUW7SWGNBF', 1, 0),
(332, 'فيصل فريح الشمري', '0545994847', 'Fa3873408@gmail.com', '$2y$10$XYeZcP2.esJXk5xseA/skurASBUaGo5fJZlnUafcitZWm0IEI1IBi', 0, 2, '1996-01-09', NULL, 'male', NULL, '2019-11-05 16:48:12', '2019-11-05 16:48:43', 8929, 'HPrI2fk1zi7iRoLWQOiLLmVH4OdOYcogARNa9iyzWGUia9NTSQbQgz2LakCZ', 1, 0),
(333, 'مبارك القحطاني', '0547641200', 'mubark1206@gmail.com', '$2y$10$o4DbRxf4R3IZGSUZJmnbaedn9tNg4RaZc9UobPdwXjXSnc/WFfNEO', 194, 2, '2000-04-01', NULL, 'Male', NULL, '2019-11-05 18:47:15', '2019-11-05 18:47:26', 3289, 'LI3n554D7siHaJKO8bbMuhU2AlWqL6yICe7qFAkb1nP6hDZtaUOBat2I1PLt', 1, 0),
(334, 'نورة المشجري', '0569626040', 'a12366z99@gmail.com', '$2y$10$5DAQl/PyhZUb4I1od8wV5eqni1aUsO22fsot4A/UybVDsY5aY6tbq', 0, 2, '1986-09-01', NULL, 'female', NULL, '2019-11-06 10:23:11', '2019-11-06 10:23:57', 4764, 'QvAm4KHrFlRCyzwtAud5kZGv1Le3dhoupImgzEfbHDTtP0ywqASMebzYDHg2', 1, 0),
(335, 'Ahmad', '0503004588', 'kiyifer601@mailnet.top', '$2y$10$hJ97PhhTFFNVbf32G4iZye31S7oazYgRMZVG67dbaBzBOHRSfBak2', 0, 2, '1987-11-06', NULL, 'male', NULL, '2019-11-06 17:05:49', '2019-11-06 17:06:11', 8014, 'iBuWSKMVERQNBitRXLTh8jaxgwgYGGmg0Wsa7bqef18Eauf9TB7c4gfF8Pkq', 1, 0),
(336, 'هند ناجي حمد', '0570260574', 'Hind.n.hamad@gmail.com', '$2y$10$sqb2qxKw.ZZqY4/ezOcZ8u86PB7bnzjMxYp.roNd.4mOQ1gxvvGZC', 209, 2, '2001-05-25', NULL, 'Female', NULL, '2019-11-07 05:11:26', '2019-11-07 05:21:54', 3089, 'cx2e6YQuQQDdjKHLDr7HvUImqL8znV2kAXYUCYlVH5VzxtuvvKi6VIkGsCSh', 1, 0),
(340, 'Weaam', '0569847903', 'weaammatbouli29@hotmail.com', '$2y$10$nY0rF8RpbJx47kMFIM/GIuWltQJpGYdQoo/ghiJz.42wHtrf0/qHi', 0, 2, '2019-04-12', NULL, 'female', NULL, '2019-11-09 00:56:23', '2019-11-09 00:56:54', 4621, 'VU2u2ESyGn6bwVhdwuklHVbGjXuAs1pZemAgVuyJ3K87btWTvQCTqzATVAQ7', 1, 0),
(342, 'احلام المرهون', '0503820019', 'ahlam.a.h.m54@gmail.com', '$2y$10$fhtkh6cIg5fdPezBxdHht.vK6E/KfTMhJ2CyVfN/0jydrbtxN6WDS', 194, 2, '1974-02-06', NULL, 'Female', NULL, '2019-11-09 11:32:44', '2019-11-09 12:29:01', 6932, 'x1OFyhl8d33cqRSbZE6pX3tfT6437ORmi9KSrEgEE2wFGsRghvFE2X8cpx7P', 1, 0),
(343, 'Fatemaj', '0599099648', 'benalshaikh-fatemah@hotmail.com', '$2y$10$u0Cjtv3/mvEdsfoKO697k.K75ul/BAe3jkGOsk1R7e9Vh63PXl3zO', 0, 2, '1985-02-11', NULL, 'female', NULL, '2019-11-09 13:00:15', '2019-11-09 13:00:43', 2135, 'PMyR72EHzProDqVCEmVWyT43mrJ9fsbyMg4vfU9rBp60DoBUgHPxEB8Sfip2', 1, 0),
(344, 'Adnan Hasheem Alhariri', '0560097090', 'adoodo@gmail.com', '$2y$10$mdIx9qTaFFoHBDMisPXRMusj6z7IvyEvzNO4Oq6.F4VXiHz9lradq', 194, 2, '1982-04-23', NULL, 'Male', NULL, '2019-11-09 15:34:18', '2019-11-09 15:34:29', 146, 'AOKEQxOzyQ3GJXguNM2U8Z3YJolgkMwHW5dE7PhQsrFKPG96CXmDjndTPeXK', 1, 0),
(345, 'محمد', '0564314315', 'Mohammedalbusaysi@gmail.com', '$2y$10$0iUjJSHpBrasNczFXfssNukXkqIpadeoaH7TDkzOulBLXUQ/TH/9a', 0, 2, '1989-05-04', NULL, 'male', NULL, '2019-11-10 04:30:04', '2019-11-10 04:30:57', 8040, 'ssuaTQMHRJtDZ061VsquZdf28C6BhC0E3NqIhQMCGwDnr2E6NiRBOI3vKLNZ', 1, 0),
(346, 'Sakina Taresh', '0508669129', 'sakna-3@live.com', '$2y$10$AW/Pfo3Hqt9r6RFwY7DD2uB4Fp/I6qimeeHFTCZ8BDPHeK1rjbbte', 18, 2, '2019-11-10', NULL, 'Female', NULL, '2019-11-10 04:46:16', '2019-11-10 04:46:40', 1238, 'lWlt3IqAr5HrvMRlt2WVqntm2DvrZQNxVwBrIw8AGOXZ9YQ3hoVVGiiJuoSn', 1, 0),
(347, 'Zuhair', '0532244844', 'Zuheer99@hotmail.com', '$2y$10$OhmKlE4ectWcNizqx0ady.v/C0LePZDzUDFLq.CCT.3H0M2JZzgNG', 0, 2, '1989-11-22', NULL, 'male', NULL, '2019-11-10 04:52:45', '2019-11-10 04:53:02', 4909, 'dERXXJhoKh7BoZVR41SuQxQmgHBYPn0vyJanlNUwepnfrY5U3QeHrluVWZGQ', 1, 0),
(353, 'جواد ياسين العلي', '0553933341', 'Jawad09ali@hotmail.com', '$2y$10$j9ZaLhBgxswFTalfCU2Ia.BGKC1B8n7nH3fheD5eT9w/cwzmPtrbu', 0, 2, '1970-10-11', NULL, 'male', NULL, '2019-11-13 14:17:56', '2019-11-13 14:18:10', 7781, 'Tx63kGuut4CV11IbAtTbWzsR8YrooDoSPUUkd4NbMk9TcnLYyJrgU0yqGC2H', 1, 0),
(355, 'عبدالله محمد هزازي', '0544434133', 'hih-111@hotmail.com', '$2y$10$qvwJCByPPNBf0ordAz9QSu7yOksC.S3S8VtYUo45G8QDMLPs0JyxC', 0, 2, '1987-08-08', NULL, 'male', NULL, '2019-11-14 19:49:04', '2019-11-14 19:49:43', 4671, '1MM1VLJRQZrZn7lDOGslzrzohgwTsaopRinsPF1HEKk532Xs6lqEccMdtfco', 1, 0),
(357, 'Rajaa Alghamdi', '0558290088', 'r2rajaa@gmail.com', '$2y$10$w9otNoQT96Xs.cXyoGISUupyiAVyA/GmseA/8SjryTxrRjVgiNNN.', 194, 2, '1980-01-05', NULL, 'Female', NULL, '2019-11-15 10:21:10', '2019-11-15 10:21:34', 3350, '4nfLQQ5w0Uy3liMPRx5YZbbkWl1SYxgeougNJtdP4mkcGzm8lx8gAJ1BBUSX', 1, 0),
(358, 'حنان جمعان الغامدي', '0503273257', 'Mamahanan1400@gmail.com', '$2y$10$PnKg70hgAaA.v70h6hu/8.R3DvMDiYP80iSzOdgWWJlAiLKIyjZiy', 0, 2, '1965-11-15', NULL, 'female', NULL, '2019-11-15 10:28:05', '2019-11-15 10:28:29', 9576, 'jSDdE8oLd1MlIU0mpVtHkJd9U3wU432JJuESH6LpBKh6kraHRAu7Qx5pEVGX', 1, 0),
(359, 'محمد البراك', '0569996238', 'mr-2003@hotmail.com', '$2y$10$wWAiuVq7slqnl3pN77EzoOeNPhHAHWcZ2LyYnPww8dqVyBhxJyVSS', 215, 2, '1975-01-01', NULL, 'Male', NULL, '2019-11-15 11:03:25', '2019-11-15 11:04:08', 6850, 'iJT1Yo3nW5dpE0Vyu7nQrJhcWcaaRLJmDA57yiFlE9rNOsabi5e0sBbcsHSL', 1, 0),
(360, 'Ali alhareth', '0535291214', 'alihagil@hotmail.com', '$2y$10$UtMGffsZIhuvDwfWgWpOh.mMCau2Iq1lL9T6ttElzq.eV3J4Bi5xK', 0, 2, '1986-02-07', NULL, 'male', NULL, '2019-11-15 15:07:27', '2019-11-15 15:07:57', 3049, 'MzYPnwIjgBxEUU2ZZmlHZOY1nVIDo44UO6Aw43xVmXml8xifaV2y9ikQALsk', 1, 0),
(361, 'محمد فايز', '0595522309', 'Mhmadfayez@yahoo.com', '$2y$10$Qx8MLTbvFnWbd3fFcuhDEOMx2NFP7C/oH9DE7pGMjHNLp1tHlIhE6', 0, 2, '1990-09-21', NULL, 'male', NULL, '2019-11-15 22:10:24', '2019-11-15 22:10:47', 2801, 'ir0befHAF9cWPz2qsqJEL4D6r4PIbkuAxhXWFBrEDrqQm0JpWi5PBq5pnZbC', 1, 0),
(362, 'Osamah Alharbi', '0569029527', 'osamahharbi56@gmail.com', '$2y$10$FFng0NcbJohQ8JiKA/vMfOOBrufgGeUWArRzNZMUBnpJLv.NJfwMm', 0, 2, '1996-09-12', NULL, 'male', NULL, '2019-11-15 22:42:54', '2019-11-15 22:43:08', 2300, 'n80dwsZfJnwki6FAZYelNFEbp3yzTfpcOVQiJ1imtA0IfDJ0Tu3vKX80kQIR', 1, 0),
(363, 'محمد عبدالله', '0546603634', 'm2004m111@hotmail.com', '$2y$10$jWRpKbKL58l3H28n07CYReJHj1D3ZW8P8v.xcC3U2GmN.BGIksep2', 0, 2, '1983-10-01', NULL, 'male', NULL, '2019-11-16 09:07:46', '2019-11-16 09:08:26', 340, 'kVKeCNUNaqlXwjw1GeNHsuhSKnhxL8kab7uumb9HQMp6Xw10pKzaXIXtNcnY', 1, 0),
(364, 'Abdulhadi ALMUREEH', '0555034390', 'abdulhadi.almureeh@national-solar.net', '$2y$10$noPcPbgm0oAEm3svNjYv2upmPogCs6LQwlNgSTejJNt2bFnVWhcQe', 194, 2, '1963-11-17', NULL, 'Male', NULL, '2019-11-16 09:40:41', '2019-11-16 09:41:00', 7134, 'zRojvndmsXXDyR0WNwZG4MkYz5GHONRP6HUZNxGo0vFqxMK0UBQTIPRO8IKP', 1, 0),
(365, 'عبداللطيف محمد', '0504998460', 'coolboudy@gmail.com', '$2y$10$t/.Gn2V.20VfnnPG4uTr4uC/oI15TdndlOEqsiXny71/LqEVRS2gC', 194, 2, '1985-09-09', NULL, 'Male', NULL, '2019-11-16 17:40:13', '2019-11-16 17:40:37', 1725, 'CJXMbBXrDa2zCeIkPj0WzWvcBhMp8KOzkVwdUr4vhdvIDVkGnb2A9mz8Aqzy', 1, 0),
(366, 'محمد الحمادي', '0580942783', 'mr.mohammad1416@outlook.com', '$2y$10$Fq6Rag2B5XNc87GGWEjED.69KHgrMVHcPQl/T6eqeqORo2SoKkArO', 0, 2, '1995-06-23', NULL, 'male', NULL, '2019-11-16 20:11:04', '2019-11-16 20:11:22', 3865, 'wT6xMxufscL33QvejBjn7AKQ5ehTG10Lj79O6TzHd5cooZe9WcGYQbn1N5HD', 1, 0),
(367, 'إبراهيم دخيل الطلحي', '0560880700', 'ibm.919@gmail.com', '$2y$10$WWPyZ3lmxZP4EAa5oTLBrOb9sixqkkYDItzqAPjcacxz8AikMTgZ2', 194, 2, '1974-03-11', NULL, 'Male', NULL, '2019-11-17 05:16:06', '2019-11-17 05:16:23', 7509, 'P35CQmjf5txPOlZs8uRP75nswgusvd0aYxhTIW717dOgp2itEvrvplAe4rRu', 1, 0),
(370, 'وجدان الغامدي', '0509366966', 'wjdan@gmail.com', '$2y$10$iDQRvxK8mJoox9NY0VECDecYnOm9GyCp1WuGQ7UzG9TT7nXmUD6Wq', 247, 2, '2019-11-17', NULL, 'Female', NULL, '2019-11-17 15:23:18', '2019-11-17 15:24:33', 1054, '3gjYfPM6QfaTtdoKmpMkzPrG2782dExgqZOniI9dBWb4sJn55e3Z58Rk7xe9', 1, 0),
(371, 'علي المهناء', '0541187800', 'Mhnamath@gmail.com', '$2y$10$SCRNmDB5P5dD6Q.3AeqIb.8YVU2y7kO2NCK1XBTWOtGPoEVzyp3Gq', 194, 2, '2019-11-18', NULL, 'Male', NULL, '2019-11-17 20:02:28', '2019-11-17 20:02:52', 3820, 'dyYx5FF6NZ9zijormXEQ7H5WpHtrrp3hMcbwlDauVTZG3gpRXLZ8eckJoTYt', 1, 0),
(372, 'حمزه مغارب', '0595225591', 'silverlight50@gmail.com', '$2y$10$9kSREH6TYHMSdfoMC7Vrn.BDlqzL4Y7k9H1tNVfJh7rYCAkqRNXMC', 0, 2, '1991-12-24', NULL, 'male', NULL, '2019-11-18 04:35:04', '2019-11-18 04:35:23', 7487, '5zB6C3hR015zD8I9ndGmcH7LLTbZDIJcg9MsTSuFsZTGJ3Xjk9AUfpRQPBJV', 1, 0),
(373, 'ياسر البستاني', '0505877066', 'ysoor-93@hotmail.com', '$2y$10$yJzTjGob/2SePrVcomfz1.ucFr9/Vkt7wxmAqMz0DCnxYzlb1lJa6', 247, 2, '1967-09-28', NULL, 'Male', NULL, '2019-11-18 16:12:32', '2019-11-18 16:12:55', 6230, 'HT2cudMzz58D6Ju5UPpjZkx8yQQ80fENSEt3I2Bmbk8MW7E3cirhyDc9y3dF', 1, 0),
(374, 'فيصل', '0555483923', 'F.alharthy@hotmail.com', '$2y$10$S9IiMb4E95rLg.8VQ.8FXeibqVkCfcFPd3qprdpDfpcu43sWv1DP.', 0, 2, '1997-02-22', NULL, 'male', NULL, '2019-11-19 08:31:16', '2019-11-19 08:31:41', 4922, '6OpasPy2J56DmldyjJFa4HPIu4Mmp76SOMZukUieUIf3MKdN526a1Mpljbgj', 1, 0),
(375, 'Haidar Aziz Alwehaimed', '0548500010', 'fnanhaidar@gmail.com', '$2y$10$FrhRdFoPeXkywvBuITTW/eLz6OllCwazGg0nlI.ehx1D9TquCboCW', 194, 2, '1990-09-27', NULL, 'Male', NULL, '2019-11-19 11:41:06', '2019-11-19 11:41:26', 8685, 'eusNDHf1BaXy11u0Lg5DxKzcPrJfWWB1EHhCsMkxHfoxu8Wf2Olq8q4KXM8U', 1, 0),
(376, 'امنه', '05123456789', 'amonty1512@gmail.com', '$2y$10$1fxQhjyHrKkZYuK49Ivq5uKInkN3oe1IAurnGkEiraS94w2QzgjiW', 194, 2, '1991-12-02', NULL, 'Female', NULL, '2019-11-19 12:56:37', '2019-11-25 11:11:48', 8088, 'JAUbpgn78vakhHnck47xv6aBsSmDYxk9UPYQKt6JTaj4vdM3lYv2K3Kc8HEg', 0, 0),
(377, 'مريم علي الموسى', '0592288207', 'Maryam.almosa@gmail.com', '$2y$10$IG7Mewqs5XLjFX7SW/RXCudpw4aDXJkzG1fWLdSPVvHZRvw9RGsMK', 2, 2, '2019-11-20', NULL, 'FeMale', NULL, '2019-11-19 14:57:36', '2019-11-20 14:06:08', 5983, 'M7nm4U9EIWu6hIP3uzbs3WvJga7pE1AhXXjxsUvlhIvKGcuGA3qSPBK5dWVo', 1, 0),
(378, 'علي بالحارث', '0566677868', 'ali_hu44@hotmail.com', '$2y$10$1XBw.rrPxsj0yuQK3Rc77.s50Kejk0gxqmjhxul5PlJDxDGd/AQ7y', 194, 2, '1990-06-13', NULL, 'Male', NULL, '2019-11-21 15:46:16', '2019-11-21 15:46:27', 9993, 'lu3ZD02t1queA5rh7cTUocTqM47Sw8iybKki7K5CP2fCXxksxzkkz24wH5J2', 1, 0),
(379, 'صالح حسين الحارثي', '0543410692', 'fkhama123@gmail.com', '$2y$10$3ZbYtEQ8c0IoPMZGqW6O2.TwwWMTEgLKzZ/j/yP.nGLfBDcBwuPAS', 0, 2, '1982-11-24', NULL, 'male', NULL, '2019-11-21 22:23:42', '2019-11-21 22:23:55', 5640, 'DYZIvVIVc1qfB5SEoxLl29m33myKSjXU2cMR6pB4XGzvwgSMJRl7b6rmP4TF', 1, 0),
(380, 'علي طاهر التريكي', '0569363421', 'Mahdi314@hotmail.com', '$2y$10$Vf4vcKL4P0Fl3oBBAQIVfOJGs9rMYmjjxOQIPAR/8rw1cewXgzAdq', 0, 2, '1986-01-04', NULL, 'Male', NULL, '2019-11-24 04:13:07', '2019-11-25 08:31:34', 7410, 'M7pl424kznSFZGqmCee25oiaGN3SvV6MgscokcChtBArI0oBTzlO903LKrsO', 1, 0),
(381, 'غاده', '0552226670', 'ghada@leannode.com', '$2y$10$VsIGFIyeu7uT8yz1GRrZs.jkzBwdtja5ydKluVJVAA2yXbcMlY5w.', 0, 2, '1996-11-25', NULL, 'male', NULL, '2019-11-25 09:00:54', '2019-11-25 09:01:13', 5515, 'FphKppcj9E4JMBRtmuaSQXA5qOUb7ThOxMEWauODSqv1Ve9Jh7qqwqlzVWtV', 1, 0),
(382, 'Mohamedfaued', '0501124188178', 'Mohamedfayef6@gmail.com', '$2y$10$f.e9/yn0DtH1D.7AeOiVdOmpyyJWu0O8KBh3yxeRkZirIOIh5LZ8a', 0, 2, '2019-11-20', NULL, 'male', NULL, '2019-11-25 11:12:59', '2019-11-25 11:13:55', 2185, 'xCWVUQANfQRHkTTs28gu3bgz0BZPOJikqNRfwLkT00g8QBLXamgqPj002SfU', 1, 0),
(383, 'علا', '0568509729', 'Ola2011.20@hotmail.com', '$2y$10$a9awNdH7/sqLMyCha4KZgOIPtix8MfqYlYrDubvlcD1uU4A5XI4Ii', 0, 2, '1990-12-10', NULL, 'female', NULL, '2019-11-25 22:53:05', '2019-11-25 22:53:35', 9763, 'BqYGb6MZ35yKwBIXWIEtuqJRpwK7NzAiZpsJD6jTj81rotkccR8LV4O3fpJF', 1, 0),
(384, 'Emad Altayh', '0596390859', 'emaad9000@gmail.com', '$2y$10$6IdB97xFzVcO3KqtyWHb6OLs11P2rR6qr6i9e8vAk5Jk5Q/Xq2JpS', 194, 2, '1983-07-02', NULL, 'Male', NULL, '2019-11-27 11:51:12', '2019-11-27 11:51:32', 5076, 'FJajfyvB2hYRhhKPL0cZmn288jqcJ9WS58lI7uKCwPQL6sJ69OGogU0gVk9X', 1, 0),
(385, 'حنان طالب الديني', '0569683041', 'hanonah-86@hotmail.com', '$2y$10$H44hWaatPHoEIZvcJr2rV.lPpMMZFRnTSx0cJwEYCAQRpd6IFw7hO', 0, 2, '1986-08-10', NULL, 'female', NULL, '2019-11-28 09:00:58', '2019-11-28 09:02:10', 7944, 'ZPIWhGltcRPEl3mgFPfauNJSiYFauwk2LXyDxZlNzccDXbu5g3HF4GOuxhJI', 1, 0),
(386, 'محمد', '0557775812', 'ssmohamed@hotmail.com', '$2y$10$2DTjPeVRocoqZ3RJFahcreCMORmf3xj8jDNKajZb3.D7Usl5fSg52', 0, 2, '1990-11-30', NULL, 'male', NULL, '2019-11-30 18:45:47', '2019-11-30 18:46:08', 8993, 'DiLM5BJcHIdnydbHCRB4dR7xxmh0wyshQFzzzQKRshCyu2MpTy0N2N7kHN7X', 1, 0),
(387, 'Yousef Alsmael', '0569090375', 'yousefasmael@gmail.com', '$2y$10$EClQam9mb1osZHZ7F656hO7mrT5LXipdrmwjHilmMNdyv65/Tn7lC', 194, 2, '1977-05-03', NULL, 'Male', NULL, '2019-12-01 06:17:21', '2019-12-01 06:18:10', 2957, '9pqkV1YtqAK3sNudvEH4jSiFajbI9F0SCVgNShoKQqMGXIJggcMuPpZaTDcT', 1, 0),
(393, 'ابتهال ملكاوي', '0546388587', 'a.abuali@smeh.com.sa', '$2y$10$SIOZe8MWqXjFSwoVt.v7iOR8ylvhN/h4Urt6KadAP3HXds90Yp1l2', 0, 2, '1991-12-02', NULL, 'female', NULL, '2019-12-02 19:10:56', '2019-12-02 19:11:22', 6823, 'yTEV85JsWthJI7Pt16DBJ2g3G1o68qUcZvD4lSsriTyeQRCZhyUHphKSquYr', 1, 0),
(394, 'محمد ابراهيم القنبر', '0567750899', 'dr.misq@msn.com', '$2y$10$ZRiCBK2yoDV8RdWB.Ze8nuh4njX95sG6zSyg4TEd7NCGCazmysEki', 194, 2, '2019-12-04', NULL, 'Male', NULL, '2019-12-04 17:24:47', '2019-12-04 17:25:41', 6030, 'RwImDNWetrnxL2CDTrxO0V59px7NszeeiijSFl4FYQNIqkpD94PYJdZl9RzJ', 1, 0),
(395, 'مصطفى العلي', '0568393962', 'Sa.aus85@gmail.com', '$2y$10$fBsWD5QPx4djE3yGozfYO.RDhAhginp0yHU.M1r3x2OUFjqAr35nS', 0, 2, '1985-11-08', NULL, 'male', NULL, '2019-12-05 17:43:31', '2019-12-05 17:43:31', 300, 'IEbQY9fR3mDsfVHRoYdzN1fbSnvz3PLK80UMbADwpp6quLckoc22wYr0F4OO', 0, 0),
(398, 'فاطمة حاج قدور', '0530250415', 'fatmaad581@gmajl.com', '$2y$10$GE.jWh5z4Wc90m4iTaBcEe0jdxr0S9eQ9A2cruF2ZUgwea1krdaPO', 0, 2, '1979-03-02', NULL, 'female', NULL, '2019-12-05 23:39:44', '2019-12-05 23:39:44', 8760, 'kQ97neH0in5uffpj2nLUk29H1tDjbkSSBLuGyTodoUQQbvO070hB78jTUJ30', 0, 0),
(400, 'بندر العنزي', '0553424402', 'bandar0901@gmail.com', '$2y$10$ODAchH0NNYRcT37XGoOueOMTnQJLEQsVwHT41PSksVeWhj4wZlAvq', 0, 2, '1984-11-12', NULL, 'male', NULL, '2019-12-07 12:50:54', '2019-12-07 12:50:54', 4809, 'Y3PzFuVjC8nDM8XAzGyC9OkKB72LXS8zQH91Arf2XcjTyZRWwqxOvB9JRrjU', 0, 0),
(402, 'Reham', '0512312311', 'Engreham.khairy@gmail.com', '$2y$10$CrLGDFxODVbmiuQagRY0u.bWrNOZiry/QrH7E4S5UaK.tcxtto166', 0, 2, '2019-12-03', NULL, 'male', NULL, '2019-12-08 08:50:11', '2019-12-08 08:50:11', 5274, '0CaFOAGIiZlINBPM304Ts646bRBqbEqGpNc17kWGywImZB3yjryN290fMHQr', 0, 0),
(404, 'Eman yousif', '0537126408', 'Eman.22-y@hotmail.com', '$2y$10$nmNmGuV/vC4dYxj9p5eiTu3/gEbaTSQQ9dBsDaIA.DnIpy7iV403K', 0, 2, '1992-07-15', NULL, 'female', NULL, '2019-12-08 11:08:54', '2019-12-08 11:08:54', 6601, 'bbIKhx93Pb6umNyFybYRmG9AasDRWLRMwYFdOJhA5NC3NEWVI71USCtY8cYF', 0, 0),
(410, 'حكيم صلاح', '0530861407', 'hakim2me@gmail.com', '$2y$10$xEJ3lOqipH.0yqQGRS6Zce3vnVA/0k/qt74paGsFeD50hszv4FKeW', 0, 2, '1984-06-06', NULL, 'male', NULL, '2019-12-10 13:50:14', '2019-12-10 13:50:32', 4255, 'hSJdT0GRzaOxvVS92bDhClj0xvhAHi4VOVBcsWR4JcMjsenPunt7eWOJCNcf', 1, 0),
(411, 'سلوى', '0550115334', 'soso3134553@gamil.com', '$2y$10$G1gvWbRsLISC2x7sJ40SP.bLvixvgEwuA1ieU.VyjnNlzE5qVNNxq', 194, 2, '1982-12-02', NULL, 'Female', NULL, '2019-12-12 20:30:25', '2019-12-12 20:30:25', 4552, 'FsCTLPNHbvVz1uWFywkOqhCtMEGSiFbT54lW6ruf2oWYYZXsUqjb5dBBr0yZ', 0, 0),
(413, 'تركي السبيعي', '0561320277', 'Txxt0022@gmail.com', '$2y$10$MKQaUlEYSiVc9g2IPImeOuQs9EdMmhSL6ntIKHGdsyox/QQtOYMTC', 0, 2, '1984-10-15', NULL, 'male', NULL, '2019-12-12 21:55:41', '2019-12-12 21:55:41', 9748, 'vCyoXsMc1yCXmrMn1V54T2w9TD3HX7Y3eEJ7CqYslBkJVYjdvxONsb7Q1HcL', 0, 0),
(414, 'مياده فرج', '0530919094', 'mywwshfrh10@gmail.com', '$2y$10$su3exFMDBb8cHlVSyBb5HO4W2kJb4ApIf.H9EIReeujjVVhHHVq3u', 0, 2, '2019-11-03', NULL, 'female', NULL, '2019-12-12 22:12:45', '2019-12-12 22:12:45', 8033, 'b1ElFh6xZHJ7ka8Hm5sHTuCE6hghrhrsD5mCkQfbjCpHhXVzakNsG8YxdIjO', 0, 0),
(417, 'محمد عايد محمد شدفان', '0569707867', 'ayedshadfan@hotmail.com', '$2y$10$SsrKqWlkdoVzMBSv/NfygOXUczOpPMrRFicAXmV1nEC7d.rGcSftK', 0, 2, '2003-10-27', NULL, 'male', NULL, '2019-12-13 09:59:26', '2019-12-13 09:59:26', 4527, 'xKczKZ5n7uVhGSirXcpmn2jtxAXffhTVKqZbRgSEuSNOlDFUmwSQM8Au6FD4', 0, 0),
(430, 'معزي العنزي', '0547135505', 'Mfa-123@hotmail.com', '$2y$10$TdI1.EDTGe7S/F5Nw5r7TO1l.pE/A.ZBpXjJspueG09nrfpJXtrmC', 0, 2, '1985-12-24', NULL, 'male', NULL, '2019-12-19 14:37:16', '2019-12-19 14:37:16', 1989, 'ODvmGWxl99KqUtfnddhYQBsTLZYakMruoByLbhSwgLcl7yi3MVgwVM8Pka8M', 0, 0),
(443, 'Test2', '0596933449', 'testD@test.com', '$2y$10$4JRMoHaqlJu1XIIneVGeY.z41wF1fPgOsNIDvyQ5AqDG07sfX.76G', 247, 2, '2019-12-22', NULL, 'Male', NULL, '2019-12-22 10:52:18', '2019-12-22 10:54:29', 7871, 'g1IboYRpOProfCDnxMkmKPlot6DR9EAen6cR21S8WItHz6d9TY5r0SF5N40G', 1, 0),
(444, 'test', '0596944449', 'test@test.com', '$2y$10$dOH5T/hJBnBhL89Y7CaYX.OeQxR9FRaQarydcxb0L.i5RSNxZy.qm', 247, 2, '2019-12-22', NULL, 'Male', NULL, '2019-12-22 10:53:44', '2019-12-22 10:54:22', 5257, 'bQsstGKG731HVc1qneLNR3myB2y9RiBQTvoDUEAlweNB50XDA8mq8ePU0lTe', 1, 0);
INSERT INTO `users` (`id`, `name`, `mobile`, `email`, `password`, `nationality`, `admin`, `birthdate`, `gallery`, `gender`, `remember_token`, `created_at`, `updated_at`, `otp`, `api_token`, `active`, `city_id`) VALUES
(445, 'المريض عصام 0599', '0599777262', 'Assoom8bbb5@hotmail.com', '$2y$10$petwcu68xsFsIIQItU99dunuWesDCSB.XkRVp6LPYrzFVdW7VINHm', 2, 2, '2019-12-14', NULL, 'Male', NULL, '2019-12-22 16:25:19', '2019-12-31 16:32:20', 8690, 'Ct95uxM0SynKnIlLAOkVgCa0nQ897M6rPYLI6OfuTRmbezamdc3WaUDbA7UM', 0, 9),
(446, 'حسن علي البشر', '0541488882', 'max.511@hotmail.com', '$2y$10$9aMWfdpEt031GTAyAqWj1OVqpa8sLHxpQqRUQQARBwLsOMBtfEMmS', 194, 2, '1989-12-26', NULL, 'Male', NULL, '2019-12-22 21:32:03', '2019-12-22 21:32:03', 4462, 'rmugRvO5LH7rUif5YjpWJbT3rn4k73THO33S4ZOJzXMZX2BDciblMzkbDTXk', 0, 0),
(447, 'test_patient', '05122256789', 'patient@gmail.com', '$2y$10$rS0UJY7Qawn82jl28Jyz0eOuyjxSQEtu/aQU7sg7JZvNMbA3LPB4K', 247, 2, '2019-12-23', NULL, 'Male', NULL, '2019-12-23 06:23:42', '2019-12-23 06:23:42', 1372, 'A9bfdqMoG5qZNhxAttFhYbNlWhybKJVijhqvyMoxMtEBXGHyD41nv4aG6pgS', 1, 0),
(448, 'المريض احمد 0599', '0599099764', 'A@g', '$2y$10$frNKHgw0AE1nLiptVB.w2uVt.fRfss3g4pjuuHguM9yKRUzPqcKcG', 247, 2, '1982-09-11', NULL, 'Male', NULL, '2019-12-23 16:06:43', '2019-12-23 16:06:43', 741439799, 'EYJ0V6AKyty1CB74wLWMHraHTkhdAnAhUCX244pMytVsKxpGpQfzFPVFioe8', 1, 1),
(462, 'faaayza', '05442345555', 'esrraaa@gmail.com', '$2y$10$4vz/ekpUN0Vs9BgAFS8BpucarL0nKEV1DxMhGShCSL769Wqc560q6', 11, 2, '1991-10-20', NULL, 'male', NULL, '2020-01-06 10:50:14', '2020-01-06 11:18:57', 8536, NULL, 1, 1),
(463, 'faaayza', '0579087652', 'mooz@gmail.com', '$2y$10$0E8W0sWUJMTNZujubQGYJ.GRmvQZbkDE61CwWBM3OMC00qSGWX92O', 11, 2, '1991-10-20', NULL, 'male', NULL, '2020-01-06 11:29:21', '2020-01-06 11:29:21', 3540, NULL, 0, 1),
(464, 'faaayza', '0573333334', 'ahmad@yahoo.com', '$2y$10$2/7rsWPyccVTK3iy1jy3DOEX1bZWrTtA6oNoxLgPEbzBbuW4TUVDa', 7, 2, '1991-10-20', NULL, 'male', NULL, '2020-01-06 11:42:20', '2020-01-07 13:05:43', 4433, NULL, 1, 1),
(465, 'faaayza', '05733311114', 'ahmafffd@yahoo.com', '$2y$10$UKSeNos8sucOTqWUkTr2zuSs1M0udiMyNb/Y16iGq.Esgm.uGgoo.', 11, 2, '1991-10-20', NULL, 'male', NULL, '2020-01-07 12:43:51', '2020-01-07 12:49:33', 8693, NULL, 1, 1);

-- --------------------------------------------------------

--
-- Table structure for table `user_notifications`
--

DROP TABLE IF EXISTS `user_notifications`;
CREATE TABLE IF NOT EXISTS `user_notifications` (
  `id` bigint(20) UNSIGNED NOT NULL AUTO_INCREMENT,
  `title` varchar(255) COLLATE utf8mb4_unicode_ci NOT NULL,
  `mesg` varchar(255) COLLATE utf8mb4_unicode_ci NOT NULL,
  `created_at` timestamp NULL DEFAULT NULL,
  `updated_at` timestamp NULL DEFAULT NULL,
  `user_id` int(11) NOT NULL,
  `dentist_id` int(11) NOT NULL,
  `event_id` int(11) NOT NULL,
  `service_id` int(11) NOT NULL,
  PRIMARY KEY (`id`)
) ENGINE=InnoDB AUTO_INCREMENT=594 DEFAULT CHARSET=utf8mb4 COLLATE=utf8mb4_unicode_ci;

--
-- Dumping data for table `user_notifications`
--

INSERT INTO `user_notifications` (`id`, `title`, `mesg`, `created_at`, `updated_at`, `user_id`, `dentist_id`, `event_id`, `service_id`) VALUES
(1, 'طبيب اسنان مجاني', 'لديك حجز موعد بانتظار اعتمادك', '2019-10-06 09:25:57', '2019-10-06 09:25:57', 0, 146, 4, 2),
(2, 'طبيب اسنان مجاني', 'لديك حجز موعد بانتظار اعتمادك', '2019-10-06 09:25:57', '2019-10-06 09:25:57', 0, 146, 4, 2),
(3, 'طبيب اسنان مجاني', 'لديك حجز موعد بانتظار اعتمادك', '2019-10-09 11:47:33', '2019-10-09 11:47:33', 0, 146, 5, 4),
(4, 'طبيب اسنان مجاني', 'لديك حجز موعد بانتظار اعتمادك', '2019-10-09 11:47:33', '2019-10-09 11:47:33', 0, 146, 5, 4),
(5, 'طبيب اسنان مجاني', 'لديك حجز موعد بانتظار اعتمادك', '2019-10-10 14:48:18', '2019-10-10 14:48:18', 0, 1, 6, 2),
(6, 'طبيب اسنان مجاني', 'لديك حجز موعد بانتظار اعتمادك', '2019-10-10 14:48:19', '2019-10-10 14:48:19', 0, 1, 6, 2),
(7, 'طبيب اسنان مجاني', 'لديك حجز موعد بانتظار اعتمادك', '2019-10-10 14:48:19', '2019-10-10 14:48:19', 0, 151, 6, 2),
(8, 'طبيب اسنان مجاني', 'لديك حجز موعد بانتظار اعتمادك', '2019-10-10 15:03:42', '2019-10-10 15:03:42', 0, 153, 7, 11),
(9, 'طبيب اسنان مجاني', 'لقد تم اعتماد موعدك', '2019-10-10 15:06:28', '2019-10-10 15:06:28', 155, 0, 7, 11),
(10, 'طبيب اسنان مجاني', 'لقد تم تأكيد الحضور على موعد', '2019-10-10 15:08:02', '2019-10-10 15:08:02', 0, 153, 7, 11),
(11, 'طبيب اسنان مجاني', 'لديك حجز موعد بانتظار اعتمادك', '2019-10-10 15:08:06', '2019-10-10 15:08:06', 0, 153, 8, 11),
(12, 'طبيب اسنان مجاني', 'لديك حجز موعد بانتظار اعتمادك', '2019-10-10 15:21:13', '2019-10-10 15:21:13', 0, 153, 9, 11),
(14, 'طبيب اسنان مجاني', 'لديك حجز موعد بانتظار اعتمادك', '2019-10-10 18:11:12', '2019-10-10 18:11:12', 0, 155, 10, 9),
(15, 'طبيب اسنان مجاني', 'لقد تم اعتماد موعدك', '2019-10-10 18:15:22', '2019-10-10 18:15:22', 166, 0, 10, 9),
(16, 'طبيب اسنان مجاني', 'لقد تم تأكيد الحضور على موعد', '2019-10-10 18:29:10', '2019-10-10 18:29:10', 0, 155, 10, 9),
(17, 'طبيب اسنان مجاني', 'لقد تم رفض موعد', '2019-10-10 18:32:53', '2019-10-10 18:32:53', 0, 155, 10, 9),
(18, 'طبيب اسنان مجاني', 'لديك حجز موعد بانتظار اعتمادك', '2019-10-10 18:55:14', '2019-10-10 18:55:14', 0, 151, 11, 8),
(19, 'طبيب اسنان مجاني', 'لديك حجز موعد بانتظار اعتمادك', '2019-10-10 18:56:32', '2019-10-10 18:56:32', 0, 151, 12, 8),
(20, 'طبيب اسنان مجاني', 'لديك حجز موعد بانتظار اعتمادك', '2019-10-10 19:02:37', '2019-10-10 19:02:37', 0, 155, 13, 8),
(21, 'طبيب اسنان مجاني', 'لديك حجز موعد بانتظار اعتمادك', '2019-10-10 19:02:37', '2019-10-10 19:02:37', 0, 154, 13, 8),
(22, 'طبيب اسنان مجاني', 'لديك حجز موعد بانتظار اعتمادك', '2019-10-10 19:07:24', '2019-10-10 19:07:24', 0, 151, 14, 7),
(23, 'طبيب اسنان مجاني', 'لديك حجز موعد بانتظار اعتمادك', '2019-10-10 19:18:53', '2019-10-10 19:18:53', 0, 154, 15, 7),
(24, 'طبيب اسنان مجاني', 'لقد تم اعتماد موعدك', '2019-10-10 19:21:47', '2019-10-10 19:21:47', 166, 0, 15, 7),
(25, 'طبيب اسنان مجاني', 'لقد تم تأكيد الحضور على موعد', '2019-10-10 19:24:05', '2019-10-10 19:24:05', 0, 154, 15, 7),
(26, 'طبيب اسنان مجاني', 'لديك حجز موعد بانتظار اعتمادك', '2019-10-10 19:30:29', '2019-10-10 19:30:29', 0, 155, 16, 7),
(27, 'طبيب اسنان مجاني', 'لديك حجز موعد بانتظار اعتمادك', '2019-10-10 19:30:29', '2019-10-10 19:30:29', 0, 154, 16, 7),
(28, 'طبيب اسنان مجاني', 'لديك حجز موعد بانتظار اعتمادك', '2019-10-10 19:36:05', '2019-10-10 19:36:05', 0, 154, 17, 8),
(29, 'طبيب اسنان مجاني', 'لقد تم رفض موعد', '2019-10-10 19:36:23', '2019-10-10 19:36:23', 0, 154, 17, 8),
(30, 'طبيب اسنان مجاني', 'لديك حجز موعد بانتظار اعتمادك', '2019-10-10 19:40:18', '2019-10-10 19:40:18', 0, 154, 18, 7),
(31, 'طبيب اسنان مجاني', 'لديك حجز موعد بانتظار اعتمادك', '2019-10-10 19:40:18', '2019-10-10 19:40:18', 0, 154, 18, 7),
(32, 'طبيب اسنان مجاني', 'لقد تم رفض موعد', '2019-10-10 19:41:04', '2019-10-10 19:41:04', 0, 154, 18, 7),
(33, 'طبيب اسنان مجاني', 'لديك حجز موعد بانتظار اعتمادك', '2019-10-11 22:48:47', '2019-10-11 22:48:47', 0, 146, 19, 2),
(34, 'طبيب اسنان مجاني', 'لديك حجز موعد بانتظار اعتمادك', '2019-10-12 01:43:04', '2019-10-12 01:43:04', 0, 146, 20, 9),
(35, 'طبيب اسنان مجاني', 'لديك حجز موعد بانتظار اعتمادك', '2019-10-12 03:16:45', '2019-10-12 03:16:45', 0, 149, 21, 2),
(36, 'طبيب اسنان مجاني', 'لديك حجز موعد بانتظار اعتمادك', '2019-10-12 10:25:04', '2019-10-12 10:25:04', 0, 140, 22, 2),
(37, 'طبيب اسنان مجاني', 'لديك حجز موعد بانتظار اعتمادك', '2019-10-12 17:41:08', '2019-10-12 17:41:08', 0, 146, 24, 9),
(38, 'طبيب اسنان مجاني', 'لديك حجز موعد بانتظار اعتمادك', '2019-10-12 20:52:24', '2019-10-12 20:52:24', 0, 146, 25, 5),
(39, 'طبيب اسنان مجاني', 'لديك حجز موعد بانتظار اعتمادك', '2019-10-12 21:25:41', '2019-10-12 21:25:41', 0, 149, 26, 2),
(40, 'طبيب اسنان مجاني', 'لقد تم رفض موعد', '2019-10-12 21:37:39', '2019-10-12 21:37:39', 0, 154, 15, 7),
(41, 'طبيب اسنان مجاني', 'لديك حجز موعد بانتظار اعتمادك', '2019-10-12 21:43:37', '2019-10-12 21:43:37', 0, 155, 27, 8),
(42, 'طبيب اسنان مجاني', 'لديك حجز موعد بانتظار اعتمادك', '2019-10-12 21:43:37', '2019-10-12 21:43:37', 0, 154, 27, 8),
(43, 'طبيب اسنان مجاني', 'لقد تم اعتماد موعدك', '2019-10-12 21:44:00', '2019-10-12 21:44:00', 166, 0, 27, 8),
(44, 'طبيب اسنان مجاني', 'لديك حجز موعد بانتظار اعتمادك', '2019-10-12 21:44:47', '2019-10-12 21:44:47', 0, 155, 28, 8),
(45, 'طبيب اسنان مجاني', 'لديك حجز موعد بانتظار اعتمادك', '2019-10-12 21:44:47', '2019-10-12 21:44:47', 0, 154, 28, 8),
(46, 'طبيب اسنان مجاني', 'لقد تم اعتماد موعدك', '2019-10-12 21:45:59', '2019-10-12 21:45:59', 166, 0, 28, 8),
(47, 'طبيب اسنان مجاني', 'لقد تم تأكيد الحضور على موعد', '2019-10-12 21:49:58', '2019-10-12 21:49:58', 0, 154, 28, 8),
(48, 'طبيب اسنان مجاني', 'لقد تم رفض موعد', '2019-10-12 21:57:21', '2019-10-12 21:57:21', 0, 154, 28, 8),
(49, 'طبيب اسنان مجاني', 'لديك حجز موعد بانتظار اعتمادك', '2019-10-12 22:00:47', '2019-10-12 22:00:47', 0, 155, 29, 8),
(50, 'طبيب اسنان مجاني', 'لديك حجز موعد بانتظار اعتمادك', '2019-10-12 22:00:47', '2019-10-12 22:00:47', 0, 154, 29, 8),
(51, 'طبيب اسنان مجاني', 'لديك حجز موعد بانتظار اعتمادك', '2019-10-12 22:04:22', '2019-10-12 22:04:22', 0, 155, 30, 8),
(52, 'طبيب اسنان مجاني', 'لديك حجز موعد بانتظار اعتمادك', '2019-10-12 22:04:22', '2019-10-12 22:04:22', 0, 154, 30, 8),
(53, 'طبيب اسنان مجاني', 'لديك حجز موعد بانتظار اعتمادك', '2019-10-12 22:12:10', '2019-10-12 22:12:10', 0, 155, 31, 8),
(54, 'طبيب اسنان مجاني', 'لديك حجز موعد بانتظار اعتمادك', '2019-10-12 22:12:10', '2019-10-12 22:12:10', 0, 154, 31, 8),
(55, 'طبيب اسنان مجاني', 'لقد تم رفض موعد', '2019-10-12 22:12:23', '2019-10-12 22:12:23', 0, 155, 31, 8),
(56, 'طبيب اسنان مجاني', 'لديك حجز موعد بانتظار اعتمادك', '2019-10-12 22:23:20', '2019-10-12 22:23:20', 0, 155, 32, 8),
(57, 'طبيب اسنان مجاني', 'لديك حجز موعد بانتظار اعتمادك', '2019-10-12 22:23:20', '2019-10-12 22:23:20', 0, 154, 32, 8),
(58, 'طبيب اسنان مجاني', 'لقد تم رفض موعد', '2019-10-12 22:23:32', '2019-10-12 22:23:32', 0, 155, 32, 8),
(59, 'طبيب اسنان مجاني', 'لديك حجز موعد بانتظار اعتمادك', '2019-10-12 22:35:34', '2019-10-12 22:35:34', 0, 154, 33, 8),
(60, 'طبيب اسنان مجاني', 'لديك حجز موعد بانتظار اعتمادك', '2019-10-12 22:35:34', '2019-10-12 22:35:34', 0, 155, 33, 8),
(61, 'طبيب اسنان مجاني', 'لديك حجز موعد بانتظار اعتمادك', '2019-10-12 23:14:17', '2019-10-12 23:14:17', 0, 146, 34, 5),
(62, 'طبيب اسنان مجاني', 'لديك حجز موعد بانتظار اعتمادك', '2019-10-12 23:15:12', '2019-10-12 23:15:12', 0, 146, 35, 8),
(63, 'طبيب اسنان مجاني', 'لديك حجز موعد بانتظار اعتمادك', '2019-10-12 23:32:07', '2019-10-12 23:32:07', 0, 151, 36, 9),
(64, 'طبيب اسنان مجاني', 'لديك حجز موعد بانتظار اعتمادك', '2019-10-13 02:28:20', '2019-10-13 02:28:20', 0, 149, 37, 2),
(65, 'طبيب اسنان مجاني', 'لديك حجز موعد بانتظار اعتمادك', '2019-10-13 03:15:13', '2019-10-13 03:15:13', 0, 146, 38, 5),
(66, 'طبيب اسنان مجاني', 'لديك حجز موعد بانتظار اعتمادك', '2019-10-13 11:59:03', '2019-10-13 11:59:03', 0, 142, 39, 2),
(67, 'طبيب اسنان مجاني', 'لديك حجز موعد بانتظار اعتمادك', '2019-10-13 12:59:42', '2019-10-13 12:59:42', 0, 157, 40, 4),
(68, 'طبيب اسنان مجاني', 'لقد تم رفض موعد', '2019-10-13 13:00:00', '2019-10-13 13:00:00', 0, 157, 40, 4),
(69, 'طبيب اسنان مجاني', 'لديك حجز موعد بانتظار اعتمادك', '2019-10-13 13:03:33', '2019-10-13 13:03:33', 0, 157, 41, 4),
(70, 'طبيب اسنان مجاني', 'لقد تم اعتماد موعدك', '2019-10-13 13:04:46', '2019-10-13 13:04:46', 207, 0, 41, 4),
(71, 'طبيب اسنان مجاني', 'لديك حجز موعد بانتظار اعتمادك', '2019-10-13 14:24:55', '2019-10-13 14:24:55', 0, 147, 42, 2),
(72, 'طبيب اسنان مجاني', 'لديك حجز موعد بانتظار اعتمادك', '2019-10-13 14:50:16', '2019-10-13 14:50:16', 0, 151, 43, 2),
(73, 'طبيب اسنان مجاني', 'لديك حجز موعد بانتظار اعتمادك', '2019-10-13 20:01:06', '2019-10-13 20:01:06', 0, 146, 44, 2),
(74, 'طبيب اسنان مجاني', 'لديك حجز موعد بانتظار اعتمادك', '2019-10-13 22:33:14', '2019-10-13 22:33:14', 0, 1, 45, 2),
(75, 'طبيب اسنان مجاني', 'لديك حجز موعد بانتظار اعتمادك', '2019-10-14 03:16:49', '2019-10-14 03:16:49', 0, 146, 46, 9),
(76, 'طبيب اسنان مجاني', 'لديك حجز موعد بانتظار اعتمادك', '2019-10-14 05:52:35', '2019-10-14 05:52:35', 0, 146, 47, 2),
(77, 'طبيب اسنان مجاني', 'لديك حجز موعد بانتظار اعتمادك', '2019-10-14 06:53:42', '2019-10-14 06:53:42', 0, 140, 48, 2),
(78, 'طبيب اسنان مجاني', 'لديك حجز موعد بانتظار اعتمادك', '2019-10-14 15:29:01', '2019-10-14 15:29:01', 0, 146, 49, 4),
(79, 'طبيب اسنان مجاني', 'لديك حجز موعد بانتظار اعتمادك', '2019-10-14 15:30:49', '2019-10-14 15:30:49', 0, 146, 50, 6),
(80, 'طبيب اسنان مجاني', 'لديك حجز موعد بانتظار اعتمادك', '2019-10-15 10:41:51', '2019-10-15 10:41:51', 0, 154, 3, 4),
(81, 'طبيب اسنان مجاني', 'لديك حجز موعد بانتظار اعتمادك', '2019-10-16 12:02:35', '2019-10-16 12:02:35', 0, 157, 12, 7),
(82, 'طبيب اسنان مجاني', 'لقد تم اعتماد موعدك', '2019-10-16 12:14:41', '2019-10-16 12:14:41', 207, 0, 12, 7),
(83, 'طبيب اسنان مجاني', 'لديك حجز موعد بانتظار اعتمادك', '2019-10-16 12:18:30', '2019-10-16 12:18:30', 0, 157, 13, 8),
(84, 'طبيب اسنان مجاني', 'لقد تم اعتماد موعدك', '2019-10-16 12:20:27', '2019-10-16 12:20:27', 207, 0, 13, 8),
(85, 'طبيب اسنان مجاني', 'لقد تم تأكيد الحضور على موعد', '2019-10-16 12:22:03', '2019-10-16 12:22:03', 0, 157, 13, 8),
(86, 'طبيب اسنان مجاني', 'لديك حجز موعد بانتظار اعتمادك', '2019-10-16 15:44:36', '2019-10-16 15:44:36', 0, 162, 14, 2),
(87, 'طبيب اسنان مجاني', 'لديك حجز موعد بانتظار اعتمادك', '2019-10-17 12:50:11', '2019-10-17 12:50:11', 0, 154, 19, 2),
(88, 'طبيب اسنان مجاني', 'لقد تم اعتماد موعدك', '2019-10-17 14:18:09', '2019-10-17 14:18:09', 249, 0, 17, 4),
(89, 'طبيب اسنان مجاني', 'لديك حجز موعد بانتظار اعتمادك', '2019-10-17 20:19:32', '2019-10-17 20:19:32', 0, 154, 20, 2),
(90, 'طبيب اسنان مجاني', 'لديك حجز موعد بانتظار اعتمادك', '2019-10-19 16:55:03', '2019-10-19 16:55:03', 0, 157, 21, 7),
(91, 'طبيب اسنان مجاني', 'لديك حجز موعد بانتظار اعتمادك', '2019-10-19 19:35:04', '2019-10-19 19:35:04', 0, 172, 22, 4),
(92, 'طبيب اسنان مجاني', 'لديك حجز موعد بانتظار اعتمادك', '2019-10-19 22:02:08', '2019-10-19 22:02:08', 0, 169, 23, 4),
(93, 'طبيب اسنان مجاني', 'لديك حجز موعد بانتظار اعتمادك', '2019-10-20 03:08:52', '2019-10-20 03:08:52', 0, 169, 24, 4),
(94, 'طبيب اسنان مجاني', 'لديك حجز موعد بانتظار اعتمادك', '2019-10-20 06:30:31', '2019-10-20 06:30:31', 0, 172, 25, 4),
(95, 'طبيب اسنان مجاني', 'لديك حجز موعد بانتظار اعتمادك', '2019-10-20 06:51:09', '2019-10-20 06:51:09', 0, 162, 26, 2),
(96, 'طبيب اسنان مجاني', 'لديك حجز موعد بانتظار اعتمادك', '2019-10-20 06:53:01', '2019-10-20 06:53:01', 0, 172, 27, 4),
(97, 'طبيب اسنان مجاني', 'لديك حجز موعد بانتظار اعتمادك', '2019-10-20 06:54:45', '2019-10-20 06:54:45', 0, 157, 28, 9),
(98, 'طبيب اسنان مجاني', 'لديك حجز موعد بانتظار اعتمادك', '2019-10-20 07:00:48', '2019-10-20 07:00:48', 0, 157, 29, 11),
(99, 'طبيب اسنان مجاني', 'لديك حجز موعد بانتظار اعتمادك', '2019-10-20 07:03:34', '2019-10-20 07:03:34', 0, 157, 30, 11),
(100, 'طبيب اسنان مجاني', 'لديك حجز موعد بانتظار اعتمادك', '2019-10-20 07:06:33', '2019-10-20 07:06:33', 0, 157, 31, 11),
(101, 'طبيب اسنان مجاني', 'لقد تم اعتماد موعدك', '2019-10-20 07:06:53', '2019-10-20 07:06:53', 207, 0, 31, 11),
(102, 'طبيب اسنان مجاني', 'لديك حجز موعد بانتظار اعتمادك', '2019-11-02 12:55:28', '2019-11-02 12:55:28', 0, 172, 26, 4),
(103, 'طبيب اسنان مجاني', 'لديك حجز موعد بانتظار اعتمادك', '2019-11-03 16:51:23', '2019-11-03 16:51:23', 0, 178, 27, 2),
(104, 'طبيب اسنان مجاني', 'لديك حجز موعد بانتظار اعتمادك', '2019-11-04 07:03:52', '2019-11-04 07:03:52', 0, 178, 28, 2),
(105, 'طبيب اسنان مجاني', 'لديك حجز موعد بانتظار اعتمادك', '2019-11-05 15:02:23', '2019-11-05 15:02:23', 0, 178, 29, 2),
(106, 'طبيب اسنان مجاني', 'لديك حجز موعد بانتظار اعتمادك', '2019-11-05 17:00:36', '2019-11-05 17:00:36', 0, 172, 30, 4),
(107, 'طبيب اسنان مجاني', 'لديك حجز موعد بانتظار اعتمادك', '2019-11-08 22:38:11', '2019-11-08 22:38:11', 0, 178, 32, 2),
(108, 'طبيب اسنان مجاني', 'لديك حجز موعد بانتظار اعتمادك', '2019-11-09 17:37:46', '2019-11-09 17:37:46', 0, 193, 38, 4),
(109, 'طبيب اسنان مجاني', 'لقد تم اعتماد موعدك', '2019-11-09 17:39:17', '2019-11-09 17:39:17', 339, 0, 38, 4),
(110, 'طبيب اسنان مجاني', 'لقد تم الغاء  لموعد', '2019-11-09 17:53:02', '2019-11-09 17:53:02', 339, 0, 38, 4),
(111, 'طبيب اسنان مجاني', 'لديك حجز موعد بانتظار اعتمادك', '2019-11-09 18:07:26', '2019-11-09 18:07:26', 0, 193, 39, 4),
(112, 'طبيب اسنان مجاني', 'لديك حجز موعد بانتظار اعتمادك', '2019-11-09 18:12:06', '2019-11-09 18:12:06', 0, 193, 40, 4),
(113, 'طبيب اسنان مجاني', 'لقد تم اعتماد موعدك', '2019-11-09 18:12:28', '2019-11-09 18:12:28', 339, 0, 40, 4),
(114, 'طبيب اسنان مجاني', 'لقد تم رفض موعد', '2019-11-09 18:13:33', '2019-11-09 18:13:33', 0, 193, 40, 4),
(115, 'طبيب اسنان مجاني', 'لديك حجز موعد بانتظار اعتمادك', '2019-11-09 18:17:46', '2019-11-09 18:17:46', 0, 193, 41, 4),
(116, 'طبيب اسنان مجاني', 'لديك حجز موعد بانتظار اعتمادك', '2019-11-09 18:38:00', '2019-11-09 18:38:00', 0, 193, 42, 4),
(117, 'طبيب اسنان مجاني', 'لقد تم اعتماد موعدك', '2019-11-09 18:39:31', '2019-11-09 18:39:31', 339, 0, 42, 4),
(118, 'طبيب اسنان مجاني', 'لقد تم تأكيد الحضور على موعد', '2019-11-09 18:40:04', '2019-11-09 18:40:04', 0, 193, 42, 4),
(119, 'طبيب اسنان مجاني', 'لقد تم رفض موعد', '2019-11-09 18:41:28', '2019-11-09 18:41:28', 0, 193, 42, 4),
(120, 'طبيب اسنان مجاني', 'لديك حجز موعد بانتظار اعتمادك', '2019-11-09 19:57:29', '2019-11-09 19:57:29', 0, 178, 43, 2),
(121, 'طبيب اسنان مجاني', 'لديك حجز موعد بانتظار اعتمادك', '2019-11-10 06:11:29', '2019-11-10 06:11:29', 0, 193, 44, 4),
(122, 'طبيب اسنان مجاني', 'لديك حجز موعد بانتظار اعتمادك', '2019-11-10 07:25:29', '2019-11-10 07:25:29', 0, 193, 45, 4),
(123, 'طبيب اسنان مجاني', 'لديك حجز موعد بانتظار اعتمادك', '2019-11-10 07:32:25', '2019-11-10 07:32:25', 0, 193, 46, 4),
(124, 'طبيب اسنان مجاني', 'لديك حجز موعد بانتظار اعتمادك', '2019-11-10 07:39:41', '2019-11-10 07:39:41', 0, 193, 47, 4),
(125, 'طبيب اسنان مجاني', 'لديك حجز موعد بانتظار اعتمادك', '2019-11-11 15:06:03', '2019-11-11 15:06:03', 0, 193, 48, 4),
(126, 'طبيب اسنان مجاني', 'لديك حجز موعد بانتظار اعتمادك', '2019-11-11 15:15:19', '2019-11-11 15:15:19', 0, 193, 49, 4),
(127, 'طبيب اسنان مجاني', 'لديك حجز موعد بانتظار اعتمادك', '2019-11-11 15:22:00', '2019-11-11 15:22:00', 0, 193, 50, 4),
(128, 'طبيب اسنان مجاني', 'لديك حجز موعد بانتظار اعتمادك', '2019-11-11 16:36:40', '2019-11-11 16:36:40', 0, 193, 51, 4),
(129, 'طبيب اسنان مجاني', 'لديك حجز موعد بانتظار اعتمادك', '2019-11-11 16:38:03', '2019-11-11 16:38:03', 0, 193, 52, 4),
(130, 'طبيب اسنان مجاني', 'لديك حجز موعد بانتظار اعتمادك', '2019-11-11 16:39:18', '2019-11-11 16:39:18', 0, 193, 53, 4),
(131, 'طبيب اسنان مجاني', 'لديك حجز موعد بانتظار اعتمادك', '2019-11-11 17:12:05', '2019-11-11 17:12:05', 0, 193, 54, 4),
(132, 'طبيب اسنان مجاني', 'لديك حجز موعد بانتظار اعتمادك', '2019-11-11 17:12:05', '2019-11-11 17:12:05', 0, 192, 54, 4),
(133, 'طبيب اسنان مجاني', 'لديك حجز موعد بانتظار اعتمادك', '2019-11-11 17:14:18', '2019-11-11 17:14:18', 0, 193, 55, 4),
(134, 'طبيب اسنان مجاني', 'لديك حجز موعد بانتظار اعتمادك', '2019-11-11 17:14:18', '2019-11-11 17:14:18', 0, 192, 55, 4),
(135, 'طبيب اسنان مجاني', 'لديك حجز موعد بانتظار اعتمادك', '2019-11-11 17:17:22', '2019-11-11 17:17:22', 0, 193, 56, 4),
(136, 'طبيب اسنان مجاني', 'لديك حجز موعد بانتظار اعتمادك', '2019-11-11 17:17:22', '2019-11-11 17:17:22', 0, 192, 56, 4),
(137, 'طبيب اسنان مجاني', 'لديك حجز موعد بانتظار اعتمادك', '2019-11-11 17:18:37', '2019-11-11 17:18:37', 0, 193, 57, 4),
(138, 'طبيب اسنان مجاني', 'لديك حجز موعد بانتظار اعتمادك', '2019-11-11 17:18:37', '2019-11-11 17:18:37', 0, 192, 57, 4),
(139, 'طبيب اسنان مجاني', 'لقد تم اعتماد موعدك', '2019-11-11 17:18:46', '2019-11-11 17:18:46', 339, 0, 57, 4),
(140, 'طبيب اسنان مجاني', 'لقد تم الغاء  لموعد', '2019-11-11 17:18:56', '2019-11-11 17:18:56', 339, 0, 57, 4),
(141, 'طبيب اسنان مجاني', 'لديك حجز موعد بانتظار اعتمادك', '2019-11-11 17:22:43', '2019-11-11 17:22:43', 0, 192, 58, 4),
(142, 'طبيب اسنان مجاني', 'لديك حجز موعد بانتظار اعتمادك', '2019-11-11 17:22:43', '2019-11-11 17:22:43', 0, 193, 58, 4),
(143, 'طبيب اسنان مجاني', 'لقد تم اعتماد موعدك', '2019-11-11 17:22:54', '2019-11-11 17:22:54', 339, 0, 58, 4),
(144, 'طبيب اسنان مجاني', 'لقد تم الغاء  لموعد', '2019-11-11 17:23:04', '2019-11-11 17:23:04', 339, 0, 58, 4),
(145, 'طبيب اسنان مجاني', 'لديك حجز موعد بانتظار اعتمادك', '2019-11-11 17:28:31', '2019-11-11 17:28:31', 0, 192, 59, 4),
(146, 'طبيب اسنان مجاني', 'لديك حجز موعد بانتظار اعتمادك', '2019-11-11 17:28:31', '2019-11-11 17:28:31', 0, 192, 59, 4),
(147, 'طبيب اسنان مجاني', 'لديك حجز موعد بانتظار اعتمادك', '2019-11-11 18:03:54', '2019-11-11 18:03:54', 0, 192, 60, 4),
(148, 'طبيب اسنان مجاني', 'لديك حجز موعد بانتظار اعتمادك', '2019-11-11 18:03:54', '2019-11-11 18:03:54', 0, 192, 60, 4),
(149, 'طبيب اسنان مجاني', 'لديك حجز موعد بانتظار اعتمادك', '2019-11-11 18:03:54', '2019-11-11 18:03:54', 0, 193, 60, 4),
(150, 'طبيب اسنان مجاني', 'لديك حجز موعد بانتظار اعتمادك', '2019-11-11 18:09:03', '2019-11-11 18:09:03', 0, 193, 61, 4),
(151, 'طبيب اسنان مجاني', 'لديك حجز موعد بانتظار اعتمادك', '2019-11-11 18:12:40', '2019-11-11 18:12:40', 0, 193, 62, 4),
(152, 'طبيب اسنان مجاني', 'لديك حجز موعد بانتظار اعتمادك', '2019-11-12 13:20:24', '2019-11-12 13:20:24', 0, 192, 63, 4),
(153, 'طبيب اسنان مجاني', 'لديك حجز موعد بانتظار اعتمادك', '2019-11-12 13:20:24', '2019-11-12 13:20:24', 0, 192, 63, 4),
(154, 'طبيب اسنان مجاني', 'لديك حجز موعد بانتظار اعتمادك', '2019-11-12 13:20:24', '2019-11-12 13:20:24', 0, 193, 63, 4),
(155, 'طبيب اسنان مجاني', 'لديك حجز موعد بانتظار اعتمادك', '2019-11-12 16:53:34', '2019-11-12 16:53:34', 0, 192, 64, 4),
(156, 'طبيب اسنان مجاني', 'لديك حجز موعد بانتظار اعتمادك', '2019-11-12 16:53:34', '2019-11-12 16:53:34', 0, 192, 64, 4),
(157, 'طبيب اسنان مجاني', 'لديك حجز موعد بانتظار اعتمادك', '2019-11-12 16:53:35', '2019-11-12 16:53:35', 0, 193, 64, 4),
(158, 'طبيب اسنان مجاني', 'لديك حجز موعد بانتظار اعتمادك', '2019-11-12 16:56:19', '2019-11-12 16:56:19', 0, 192, 65, 4),
(159, 'طبيب اسنان مجاني', 'لديك حجز موعد بانتظار اعتمادك', '2019-11-12 16:56:19', '2019-11-12 16:56:19', 0, 192, 65, 4),
(160, 'طبيب اسنان مجاني', 'لديك حجز موعد بانتظار اعتمادك', '2019-11-12 16:56:19', '2019-11-12 16:56:19', 0, 193, 65, 4),
(161, 'طبيب اسنان مجاني', 'لديك حجز موعد بانتظار اعتمادك', '2019-11-12 17:12:03', '2019-11-12 17:12:03', 0, 192, 66, 4),
(162, 'طبيب اسنان مجاني', 'لديك حجز موعد بانتظار اعتمادك', '2019-11-12 17:12:03', '2019-11-12 17:12:03', 0, 192, 66, 4),
(163, 'طبيب اسنان مجاني', 'لديك حجز موعد بانتظار اعتمادك', '2019-11-12 17:12:03', '2019-11-12 17:12:03', 0, 193, 66, 4),
(164, 'طبيب اسنان مجاني', 'لديك حجز موعد بانتظار اعتمادك', '2019-11-13 09:13:07', '2019-11-13 09:13:07', 0, 172, 67, 4),
(165, 'طبيب اسنان مجاني', 'لديك حجز موعد بانتظار اعتمادك', '2019-11-13 11:19:39', '2019-11-13 11:19:39', 0, 178, 68, 2),
(166, 'طبيب اسنان مجاني', 'لديك حجز موعد بانتظار اعتمادك', '2019-11-13 14:18:56', '2019-11-13 14:18:56', 0, 178, 69, 2),
(167, 'طبيب اسنان مجاني', 'لديك حجز موعد بانتظار اعتمادك', '2019-11-13 14:50:42', '2019-11-13 14:50:42', 0, 172, 70, 4),
(168, 'طبيب اسنان مجاني', 'لديك حجز موعد بانتظار اعتمادك', '2019-11-14 05:42:38', '2019-11-14 05:42:38', 0, 178, 71, 2),
(169, 'طبيب اسنان مجاني', 'لديك حجز موعد بانتظار اعتمادك', '2019-11-15 10:36:29', '2019-11-15 10:36:29', 0, 178, 72, 2),
(170, 'طبيب اسنان مجاني', 'لديك حجز موعد بانتظار اعتمادك', '2019-11-15 13:15:18', '2019-11-15 13:15:18', 0, 172, 76, 4),
(171, 'طبيب اسنان مجاني', 'لديك حجز موعد بانتظار اعتمادك', '2019-11-15 22:15:59', '2019-11-15 22:15:59', 0, 178, 77, 2),
(172, 'طبيب اسنان مجاني', 'لديك حجز موعد بانتظار اعتمادك', '2019-11-16 09:16:55', '2019-11-16 09:16:55', 0, 172, 78, 4),
(173, 'طبيب اسنان مجاني', 'لديك حجز موعد بانتظار اعتمادك', '2019-11-16 09:20:30', '2019-11-16 09:20:30', 0, 178, 79, 2),
(174, 'طبيب اسنان مجاني', 'لديك حجز موعد بانتظار اعتمادك', '2019-11-17 11:48:14', '2019-11-17 11:48:14', 0, 172, 82, 4),
(175, 'طبيب اسنان مجاني', 'لديك حجز موعد بانتظار اعتمادك', '2019-11-17 12:53:35', '2019-11-17 12:53:35', 0, 192, 83, 6),
(176, 'طبيب اسنان مجاني', 'لديك حجز موعد بانتظار اعتمادك', '2019-11-17 12:55:06', '2019-11-17 12:55:06', 0, 192, 84, 6),
(177, 'طبيب اسنان مجاني', 'لديك حجز موعد بانتظار اعتمادك', '2019-11-17 12:56:04', '2019-11-17 12:56:04', 0, 192, 85, 6),
(178, 'طبيب اسنان مجاني', 'لديك حجز موعد بانتظار اعتمادك', '2019-11-17 13:23:44', '2019-11-17 13:23:44', 0, 192, 86, 6),
(179, 'طبيب اسنان مجاني', 'لديك حجز موعد بانتظار اعتمادك', '2019-11-17 13:28:55', '2019-11-17 13:28:55', 0, 192, 87, 6),
(180, 'طبيب اسنان مجاني', 'لديك حجز موعد بانتظار اعتمادك', '2019-11-17 16:16:16', '2019-11-17 16:16:16', 0, 192, 89, 6),
(181, 'طبيب اسنان مجاني', 'لديك حجز موعد بانتظار اعتمادك', '2019-11-17 16:16:16', '2019-11-17 16:16:16', 0, 192, 89, 6),
(186, 'طبيب اسنان مجاني', 'لقد تم رفض موعد', '2019-11-17 16:28:46', '2019-11-17 16:28:46', 0, 192, 89, 6),
(187, 'طبيب اسنان مجاني', 'لديك حجز موعد بانتظار اعتمادك', '2019-11-17 16:30:08', '2019-11-17 16:30:08', 0, 192, 92, 6),
(188, 'طبيب اسنان مجاني', 'لديك حجز موعد بانتظار اعتمادك', '2019-11-17 16:30:08', '2019-11-17 16:30:08', 0, 192, 92, 6),
(198, 'طبيب اسنان مجاني', 'لقد تم اعتماد موعدك', '2019-11-17 17:59:29', '2019-11-17 17:59:29', 339, 0, 96, 6),
(199, 'طبيب اسنان مجاني', 'لقد تم الغاء  لموعد', '2019-11-17 18:02:27', '2019-11-17 18:02:27', 339, 0, 96, 6),
(200, 'طبيب اسنان مجاني', 'لقد تم اعتماد موعدك', '2019-11-17 18:06:15', '2019-11-17 18:06:15', 339, 0, 97, 6),
(201, 'طبيب اسنان مجاني', 'لقد تم الغاء  لموعد', '2019-11-17 18:14:55', '2019-11-17 18:14:55', 339, 0, 97, 6),
(202, 'طبيب اسنان مجاني', 'لديك حجز موعد بانتظار اعتمادك', '2019-11-18 19:51:18', '2019-11-18 19:51:18', 0, 178, 100, 2),
(203, 'طبيب اسنان مجاني', 'لديك حجز موعد بانتظار اعتمادك', '2019-11-22 11:51:06', '2019-11-22 11:51:06', 0, 172, 105, 4),
(204, 'طبيب اسنان مجاني', 'لديك حجز موعد بانتظار اعتمادك', '2019-11-25 11:16:54', '2019-11-25 11:16:54', 0, 178, 106, 2),
(205, 'طبيب اسنان مجاني', 'لديك حجز موعد بانتظار اعتمادك', '2019-11-25 11:19:16', '2019-11-25 11:19:16', 0, 178, 107, 2),
(206, 'طبيب اسنان مجاني', 'لديك حجز موعد بانتظار اعتمادك', '2019-11-25 11:21:54', '2019-11-25 11:21:54', 0, 178, 108, 2),
(207, 'طبيب اسنان مجاني', 'لديك حجز موعد بانتظار اعتمادك', '2019-11-25 11:25:24', '2019-11-25 11:25:24', 0, 207, 109, 2),
(208, 'طبيب اسنان مجاني', 'لديك حجز موعد بانتظار اعتمادك', '2019-11-25 11:25:41', '2019-11-25 11:25:41', 0, 178, 110, 2),
(209, 'طبيب اسنان مجاني', 'لديك حجز موعد بانتظار اعتمادك', '2019-11-25 11:25:56', '2019-11-25 11:25:56', 0, 178, 111, 2),
(210, 'طبيب اسنان مجاني', 'لديك حجز موعد بانتظار اعتمادك', '2019-11-25 11:30:04', '2019-11-25 11:30:04', 0, 178, 112, 2),
(211, 'طبيب اسنان مجاني', 'لديك حجز موعد بانتظار اعتمادك', '2019-11-25 11:30:04', '2019-11-25 11:30:04', 0, 202, 112, 2),
(212, 'طبيب اسنان مجاني', 'لديك حجز موعد بانتظار اعتمادك', '2019-11-25 11:35:24', '2019-11-25 11:35:24', 0, 207, 113, 2),
(213, 'طبيب اسنان مجاني', 'لديك حجز موعد بانتظار اعتمادك', '2019-11-25 11:36:05', '2019-11-25 11:36:05', 0, 178, 114, 2),
(214, 'طبيب اسنان مجاني', 'لديك حجز موعد بانتظار اعتمادك', '2019-11-25 11:36:05', '2019-11-25 11:36:05', 0, 202, 114, 2),
(215, 'طبيب اسنان مجاني', 'لديك حجز موعد بانتظار اعتمادك', '2019-11-25 11:44:02', '2019-11-25 11:44:02', 0, 178, 115, 2),
(216, 'طبيب اسنان مجاني', 'لديك حجز موعد بانتظار اعتمادك', '2019-11-25 11:44:47', '2019-11-25 11:44:47', 0, 178, 116, 2),
(217, 'طبيب اسنان مجاني', 'لديك حجز موعد بانتظار اعتمادك', '2019-11-25 11:44:47', '2019-11-25 11:44:47', 0, 202, 116, 2),
(218, 'طبيب اسنان مجاني', 'لقد تم رفض موعد', '2019-11-25 11:46:59', '2019-11-25 11:46:59', 0, 202, 116, 2),
(219, 'طبيب اسنان مجاني', 'لديك حجز موعد بانتظار اعتمادك', '2019-11-25 11:49:45', '2019-11-25 11:49:45', 0, 178, 117, 2),
(220, 'طبيب اسنان مجاني', 'لديك حجز موعد بانتظار اعتمادك', '2019-11-25 11:49:45', '2019-11-25 11:49:45', 0, 202, 117, 2),
(221, 'طبيب اسنان مجاني', 'لديك حجز موعد بانتظار اعتمادك', '2019-11-25 12:44:01', '2019-11-25 12:44:01', 0, 178, 118, 2),
(222, 'طبيب اسنان مجاني', 'لديك حجز موعد بانتظار اعتمادك', '2019-11-25 12:44:02', '2019-11-25 12:44:02', 0, 202, 118, 2),
(223, 'طبيب اسنان مجاني', 'لديك حجز موعد بانتظار اعتمادك', '2019-11-25 12:45:31', '2019-11-25 12:45:31', 0, 178, 119, 2),
(224, 'طبيب اسنان مجاني', 'لديك حجز موعد بانتظار اعتمادك', '2019-11-25 12:45:31', '2019-11-25 12:45:31', 0, 202, 119, 2),
(225, 'طبيب اسنان مجاني', 'لديك حجز موعد بانتظار اعتمادك', '2019-11-25 12:58:46', '2019-11-25 12:58:46', 0, 178, 120, 2),
(226, 'طبيب اسنان مجاني', 'لديك حجز موعد بانتظار اعتمادك', '2019-11-25 12:58:46', '2019-11-25 12:58:46', 0, 202, 120, 2),
(227, 'طبيب اسنان مجاني', 'لديك حجز موعد بانتظار اعتمادك', '2019-11-25 13:01:22', '2019-11-25 13:01:22', 0, 178, 121, 2),
(228, 'طبيب اسنان مجاني', 'لديك حجز موعد بانتظار اعتمادك', '2019-11-25 13:01:22', '2019-11-25 13:01:22', 0, 202, 121, 2),
(229, 'طبيب اسنان مجاني', 'لديك حجز موعد بانتظار اعتمادك', '2019-11-25 13:06:30', '2019-11-25 13:06:30', 0, 178, 122, 2),
(230, 'طبيب اسنان مجاني', 'لديك حجز موعد بانتظار اعتمادك', '2019-11-25 13:06:30', '2019-11-25 13:06:30', 0, 202, 122, 2),
(231, 'طبيب اسنان مجاني', 'لديك حجز موعد بانتظار اعتمادك', '2019-11-25 13:06:30', '2019-11-25 13:06:30', 0, 202, 122, 2),
(232, 'طبيب اسنان مجاني', 'لقد تم الغاء  لموعد', '2019-11-25 14:04:22', '2019-11-25 14:04:22', 382, 0, 118, 2),
(233, 'طبيب اسنان مجاني', 'لقد تم الغاء  لموعد', '2019-11-25 14:04:37', '2019-11-25 14:04:37', 382, 0, 119, 2),
(234, 'طبيب اسنان مجاني', 'لقد تم الغاء  لموعد', '2019-11-25 14:05:16', '2019-11-25 14:05:16', 382, 0, 120, 2),
(235, 'طبيب اسنان مجاني', 'لقد تم الغاء  لموعد', '2019-11-25 14:05:25', '2019-11-25 14:05:25', 382, 0, 121, 2),
(236, 'طبيب اسنان مجاني', 'لقد تم الغاء  لموعد', '2019-11-25 14:05:41', '2019-11-25 14:05:41', 382, 0, 122, 2),
(237, 'طبيب اسنان مجاني', 'لديك حجز موعد بانتظار اعتمادك', '2019-11-28 00:40:57', '2019-11-28 00:40:57', 0, 208, 124, 2),
(238, 'طبيب اسنان مجاني', 'لديك حجز موعد بانتظار اعتمادك', '2019-11-28 00:48:53', '2019-11-28 00:48:53', 0, 208, 125, 2),
(239, 'طبيب اسنان مجاني', 'لقد تم تأكيد الحضور على موعد', '2019-11-28 00:52:07', '2019-11-28 00:52:07', 0, 208, 125, 2),
(240, 'طبيب اسنان مجاني', 'لديك حجز موعد بانتظار اعتمادك', '2019-11-28 00:56:08', '2019-11-28 00:56:08', 0, 208, 126, 2),
(241, 'طبيب اسنان مجاني', 'لقد تم تأكيد الحضور على موعد', '2019-11-28 01:00:40', '2019-11-28 01:00:40', 0, 208, 126, 2),
(242, 'طبيب اسنان مجاني', 'لقد تم الغاء  لموعد', '2019-11-28 01:04:21', '2019-11-28 01:04:21', 382, 0, 126, 2),
(243, 'طبيب اسنان مجاني', 'لقد تم اعتماد موعدك', '2019-11-28 01:13:33', '2019-11-28 01:13:33', 382, 0, 128, 4),
(244, 'طبيب اسنان مجاني', 'لقد تم الغاء  لموعد', '2019-11-28 01:14:46', '2019-11-28 01:14:46', 382, 208, 128, 4),
(245, 'طبيب اسنان مجاني', 'لقد تم اعتماد موعدك', '2019-11-28 01:26:37', '2019-11-28 01:26:37', 382, 0, 129, 4),
(246, 'طبيب اسنان مجاني', 'لقد تم الغاء  لموعد', '2019-11-28 01:26:43', '2019-11-28 01:26:43', 382, 0, 129, 4),
(247, 'طبيب اسنان مجاني', 'لقد تم اعتماد موعدك', '2019-11-28 01:31:25', '2019-11-28 01:31:25', 382, 0, 130, 4),
(248, 'طبيب اسنان مجاني', 'لقد تم الغاء  لموعد', '2019-11-28 01:42:03', '2019-11-28 01:42:03', 382, 0, 130, 4),
(249, 'طبيب اسنان مجاني', 'لقد تم الغاء  لموعد', '2019-11-28 01:43:51', '2019-11-28 01:43:51', 382, 0, 131, 4),
(250, 'طبيب اسنان مجاني', 'لقد تم الغاء  لموعد', '2019-11-28 01:49:10', '2019-11-28 01:49:10', 382, 0, 131, 4),
(251, 'طبيب اسنان مجاني', 'لقد تم رفض موعد', '2019-11-28 01:50:44', '2019-11-28 01:50:44', 0, 208, 131, 4),
(252, 'طبيب اسنان مجاني', 'لديك حجز موعد بانتظار اعتمادك', '2019-11-28 01:51:15', '2019-11-28 01:51:15', 0, 208, 132, 4),
(253, 'طبيب اسنان مجاني', 'لديك حجز موعد بانتظار اعتمادك', '2019-11-30 17:08:19', '2019-11-30 17:08:19', 0, 172, 133, 4),
(254, 'طبيب اسنان مجاني', 'لديك حجز موعد بانتظار اعتمادك', '2019-11-30 20:17:17', '2019-11-30 20:17:17', 0, 178, 134, 2),
(255, 'طبيب اسنان مجاني', 'لديك حجز موعد بانتظار اعتمادك', '2019-12-01 14:52:49', '2019-12-01 14:52:49', 0, 178, 137, 2),
(256, 'طبيب اسنان مجاني', 'لديك حجز موعد بانتظار اعتمادك', '2019-12-01 14:52:50', '2019-12-01 14:52:50', 0, 212, 137, 2),
(257, 'طبيب اسنان مجاني', 'لقد تم اعتماد موعدك', '2019-12-01 14:53:38', '2019-12-01 14:53:38', 389, 0, 137, 2),
(258, 'طبيب اسنان مجاني', 'لقد تم تأكيد الحضور على موعد', '2019-12-01 14:54:46', '2019-12-01 14:54:46', 0, 212, 137, 2),
(259, 'طبيب اسنان مجاني', 'لقد تم اعتماد موعدك', '2019-12-01 18:23:32', '2019-12-01 18:23:32', 339, 0, 138, 4),
(260, 'طبيب اسنان مجاني', 'لقد تم تأكيد الحضور على موعد', '2019-12-01 18:47:38', '2019-12-01 18:47:38', 0, 213, 138, 4),
(261, 'طبيب اسنان مجاني', 'لقد تم اعتماد موعدك', '2019-12-01 19:05:18', '2019-12-01 19:05:18', 339, 0, 139, 4),
(262, 'طبيب اسنان مجاني', 'لقد تم تأكيد الحضور على موعد', '2019-12-01 19:17:14', '2019-12-01 19:17:14', 0, 213, 139, 4),
(263, 'طبيب اسنان مجاني', 'لقد تم الغاء  لموعد', '2019-12-01 19:20:46', '2019-12-01 19:20:46', 339, 0, 139, 4),
(264, 'طبيب اسنان مجاني', 'لقد تم الغاء  لموعد', '2019-12-01 19:20:50', '2019-12-01 19:20:50', 339, 0, 138, 4),
(265, 'طبيب اسنان مجاني', 'لقد تم الغاء  لموعد', '2019-12-01 19:20:53', '2019-12-01 19:20:53', 339, 0, 138, 4),
(266, 'طبيب اسنان مجاني', 'لقد تم الغاء  لموعد', '2019-12-01 19:20:56', '2019-12-01 19:20:56', 339, 0, 138, 4),
(267, 'طبيب اسنان مجاني', 'لقد تم الغاء  لموعد', '2019-12-01 19:21:07', '2019-12-01 19:21:07', 339, 0, 138, 4),
(268, 'طبيب اسنان مجاني', 'لقد تم الغاء  لموعد', '2019-12-01 19:21:16', '2019-12-01 19:21:16', 339, 0, 139, 4),
(269, 'طبيب اسنان مجاني', 'لقد تم اعتماد موعدك', '2019-12-01 19:26:29', '2019-12-01 19:26:29', 339, 0, 140, 8),
(270, 'طبيب اسنان مجاني', 'لقد تم تأكيد الحضور على موعد', '2019-12-01 19:26:42', '2019-12-01 19:26:42', 0, 213, 140, 8),
(271, 'طبيب اسنان مجاني', 'لقد تم الغاء  لموعد', '2019-12-01 19:27:04', '2019-12-01 19:27:04', 339, 0, 140, 8),
(272, 'طبيب اسنان مجاني', 'لقد تم اعتماد موعدك', '2019-12-01 19:28:19', '2019-12-01 19:28:19', 339, 0, 141, 8),
(273, 'طبيب اسنان مجاني', 'لديك حجز موعد بانتظار اعتمادك', '2019-12-01 21:35:17', '2019-12-01 21:35:17', 0, 213, 142, 2),
(274, 'طبيب اسنان مجاني', 'لقد تم تأكيد الحضور على موعد', '2019-12-01 21:41:42', '2019-12-01 21:41:42', 0, 213, 142, 2),
(275, 'طبيب اسنان مجاني', 'لديك حجز موعد بانتظار اعتمادك', '2019-12-02 01:44:43', '2019-12-02 01:44:43', 0, 172, 143, 4),
(276, 'طبيب اسنان مجاني', 'لديك حجز موعد بانتظار اعتمادك', '2019-12-02 16:14:15', '2019-12-02 16:14:15', 0, 172, 144, 4),
(277, 'طبيب اسنان مجاني', 'لديك حجز موعد بانتظار اعتمادك', '2019-12-06 05:34:38', '2019-12-06 05:34:38', 0, 192, 146, 2),
(278, 'طبيب اسنان مجاني', 'لديك حجز موعد بانتظار اعتمادك', '2019-12-07 17:26:23', '2019-12-07 17:26:23', 0, 172, 147, 4),
(279, 'طبيب اسنان مجاني', 'لديك حجز موعد بانتظار اعتمادك', '2019-12-07 19:50:28', '2019-12-07 19:50:28', 0, 219, 148, 11),
(280, 'طبيب اسنان مجاني', 'لقد تم اعتماد موعدك', '2019-12-07 19:59:49', '2019-12-07 19:59:49', 339, 0, 148, 11),
(281, 'طبيب اسنان مجاني', 'لقد تم الغاء  لموعد', '2019-12-07 20:22:41', '2019-12-07 20:22:41', 339, 0, 148, 11),
(282, 'طبيب اسنان مجاني', 'لقد تم الغاء  لموعد', '2019-12-07 20:22:48', '2019-12-07 20:22:48', 339, 0, 148, 11),
(283, 'طبيب اسنان مجاني', 'لقد تم الغاء  لموعد', '2019-12-07 20:23:01', '2019-12-07 20:23:01', 339, 0, 148, 11),
(284, 'طبيب اسنان مجاني', 'لقد تم الغاء  لموعد', '2019-12-07 20:23:25', '2019-12-07 20:23:25', 339, 0, 148, 11),
(285, 'طبيب اسنان مجاني', 'لقد تم الغاء  لموعد', '2019-12-07 20:23:29', '2019-12-07 20:23:29', 339, 0, 148, 11),
(286, 'طبيب اسنان مجاني', 'لقد تم الغاء  لموعد', '2019-12-07 20:24:04', '2019-12-07 20:24:04', 339, 0, 148, 11),
(287, 'طبيب اسنان مجاني', 'لقد تم الغاء  لموعد', '2019-12-07 20:24:07', '2019-12-07 20:24:07', 339, 0, 148, 11),
(288, 'طبيب اسنان مجاني', 'لقد تم رفض موعد', '2019-12-07 20:25:48', '2019-12-07 20:25:48', 0, 219, 148, 11),
(289, 'طبيب اسنان مجاني', 'لديك حجز موعد بانتظار اعتمادك', '2019-12-07 20:30:32', '2019-12-07 20:30:32', 0, 219, 149, 11),
(290, 'طبيب اسنان مجاني', 'لديك حجز موعد بانتظار اعتمادك', '2019-12-07 20:32:46', '2019-12-07 20:32:46', 0, 219, 150, 11),
(291, 'طبيب اسنان مجاني', 'لديك حجز موعد بانتظار اعتمادك', '2019-12-07 20:38:03', '2019-12-07 20:38:03', 0, 219, 151, 11),
(292, 'طبيب اسنان مجاني', 'لقد تم اعتماد موعدك', '2019-12-07 20:38:20', '2019-12-07 20:38:20', 339, 0, 151, 11),
(293, 'طبيب اسنان مجاني', 'لقد تم الغاء  لموعد', '2019-12-07 20:38:30', '2019-12-07 20:38:30', 339, 0, 151, 11),
(294, 'طبيب اسنان مجاني', 'لقد تم الغاء  لموعد', '2019-12-07 20:38:53', '2019-12-07 20:38:53', 339, 0, 151, 11),
(295, 'طبيب اسنان مجاني', 'لقد تم الغاء  لموعد', '2019-12-07 20:39:16', '2019-12-07 20:39:16', 339, 0, 151, 11),
(296, 'طبيب اسنان مجاني', 'لقد تم الغاء  لموعد', '2019-12-07 20:39:51', '2019-12-07 20:39:51', 339, 0, 151, 11),
(297, 'طبيب اسنان مجاني', 'لديك حجز موعد بانتظار اعتمادك', '2019-12-07 20:48:14', '2019-12-07 20:48:14', 0, 172, 152, 4),
(298, 'طبيب اسنان مجاني', 'لديك حجز موعد بانتظار اعتمادك', '2019-12-08 08:37:29', '2019-12-08 08:37:29', 0, 178, 153, 2),
(299, 'طبيب اسنان مجاني', 'لديك حجز موعد بانتظار اعتمادك', '2019-12-08 12:11:12', '2019-12-08 12:11:12', 0, 221, 154, 4),
(300, 'طبيب اسنان مجاني', 'لديك حجز موعد بانتظار اعتمادك', '2019-12-08 12:15:33', '2019-12-08 12:15:33', 0, 221, 155, 4),
(301, 'طبيب اسنان مجاني', 'لقد تم اعتماد موعدك', '2019-12-08 12:16:47', '2019-12-08 12:16:47', 405, 0, 155, 4),
(302, 'طبيب اسنان مجاني', 'لقد تم رفض موعد', '2019-12-08 14:30:10', '2019-12-08 14:30:10', 0, 221, 155, 4),
(303, 'طبيب اسنان مجاني', 'لديك حجز موعد بانتظار اعتمادك', '2019-12-08 15:06:24', '2019-12-08 15:06:24', 0, 221, 156, 2),
(304, 'طبيب اسنان مجاني', 'لديك حجز موعد بانتظار اعتمادك', '2019-12-08 15:20:11', '2019-12-08 15:20:11', 0, 221, 157, 2),
(305, 'طبيب اسنان مجاني', 'لقد تم اعتماد موعدك', '2019-12-08 15:20:43', '2019-12-08 15:20:43', 339, 0, 157, 2),
(306, 'طبيب اسنان مجاني', 'لقد تم الغاء  لموعد', '2019-12-08 15:21:12', '2019-12-08 15:21:12', 339, 0, 157, 2),
(307, 'طبيب اسنان مجاني', 'لديك حجز موعد بانتظار اعتمادك', '2019-12-08 17:30:51', '2019-12-08 17:30:51', 0, 221, 158, 2),
(308, 'طبيب اسنان مجاني', 'لديك حجز موعد بانتظار اعتمادك', '2019-12-08 17:30:51', '2019-12-08 17:30:51', 0, 221, 158, 2),
(309, 'طبيب اسنان مجاني', 'لقد تم تأكيد الحضور على موعد', '2019-12-08 19:33:41', '2019-12-08 19:33:41', 0, 221, 157, 2),
(310, 'طبيب اسنان مجاني', 'لديك حجز موعد بانتظار اعتمادك', '2019-12-09 12:52:16', '2019-12-09 12:52:16', 0, 221, 159, 2),
(311, 'طبيب اسنان مجاني', 'لديك حجز موعد بانتظار اعتمادك', '2019-12-09 12:52:16', '2019-12-09 12:52:16', 0, 221, 159, 2),
(312, 'طبيب اسنان مجاني', 'لقد تم رفض موعد', '2019-12-09 12:56:04', '2019-12-09 12:56:04', 0, 221, 157, 2),
(313, 'طبيب اسنان مجاني', 'لديك حجز موعد بانتظار اعتمادك', '2019-12-09 13:12:29', '2019-12-09 13:12:29', 0, 221, 160, 2),
(314, 'طبيب اسنان مجاني', 'لديك حجز موعد بانتظار اعتمادك', '2019-12-09 13:12:29', '2019-12-09 13:12:29', 0, 221, 160, 2),
(315, 'طبيب اسنان مجاني', 'لديك حجز موعد بانتظار اعتمادك', '2019-12-09 13:12:29', '2019-12-09 13:12:29', 0, 221, 160, 2),
(316, 'طبيب اسنان مجاني', 'لديك حجز موعد بانتظار اعتمادك', '2019-12-09 13:14:47', '2019-12-09 13:14:47', 0, 221, 161, 2),
(317, 'طبيب اسنان مجاني', 'لديك حجز موعد بانتظار اعتمادك', '2019-12-09 13:14:47', '2019-12-09 13:14:47', 0, 221, 161, 2),
(318, 'طبيب اسنان مجاني', 'لديك حجز موعد بانتظار اعتمادك', '2019-12-09 13:14:47', '2019-12-09 13:14:47', 0, 221, 161, 2),
(319, 'طبيب اسنان مجاني', 'لديك حجز موعد بانتظار اعتمادك', '2019-12-09 13:23:27', '2019-12-09 13:23:27', 0, 221, 162, 2),
(320, 'طبيب اسنان مجاني', 'لديك حجز موعد بانتظار اعتمادك', '2019-12-09 13:23:27', '2019-12-09 13:23:27', 0, 221, 162, 2),
(321, 'طبيب اسنان مجاني', 'لديك حجز موعد بانتظار اعتمادك', '2019-12-09 13:23:27', '2019-12-09 13:23:27', 0, 221, 162, 2),
(322, 'طبيب اسنان مجاني', 'لديك حجز موعد بانتظار اعتمادك', '2019-12-09 13:52:53', '2019-12-09 13:52:53', 0, 221, 163, 2),
(323, 'طبيب اسنان مجاني', 'لديك حجز موعد بانتظار اعتمادك', '2019-12-09 13:52:53', '2019-12-09 13:52:53', 0, 221, 163, 2),
(324, 'طبيب اسنان مجاني', 'لديك حجز موعد بانتظار اعتمادك', '2019-12-09 13:52:53', '2019-12-09 13:52:53', 0, 221, 163, 2),
(325, 'طبيب اسنان مجاني', 'لقد تم اعتماد موعدك', '2019-12-09 13:54:16', '2019-12-09 13:54:16', 339, 0, 163, 2),
(326, 'طبيب اسنان مجاني', 'لقد تم الغاء  لموعد', '2019-12-09 13:54:32', '2019-12-09 13:54:32', 339, 0, 163, 2),
(327, 'طبيب اسنان مجاني', 'لقد تم رفض موعد', '2019-12-09 13:55:46', '2019-12-09 13:55:46', 0, 221, 163, 2),
(328, 'طبيب اسنان مجاني', 'لديك حجز موعد بانتظار اعتمادك', '2019-12-09 13:56:28', '2019-12-09 13:56:28', 0, 221, 164, 2),
(329, 'طبيب اسنان مجاني', 'لديك حجز موعد بانتظار اعتمادك', '2019-12-09 13:56:29', '2019-12-09 13:56:29', 0, 221, 164, 2),
(330, 'طبيب اسنان مجاني', 'لديك حجز موعد بانتظار اعتمادك', '2019-12-09 13:56:29', '2019-12-09 13:56:29', 0, 221, 164, 2),
(331, 'طبيب اسنان مجاني', 'لقد تم اعتماد موعدك', '2019-12-09 13:56:55', '2019-12-09 13:56:55', 339, 0, 164, 2),
(332, 'طبيب اسنان مجاني', 'لقد تم تأكيد الحضور على موعد', '2019-12-09 13:57:13', '2019-12-09 13:57:13', 0, 221, 164, 2),
(333, 'طبيب اسنان مجاني', 'لقد تم رفض موعد', '2019-12-09 13:57:32', '2019-12-09 13:57:32', 0, 221, 164, 2),
(334, 'طبيب اسنان مجاني', 'لديك حجز موعد بانتظار اعتمادك', '2019-12-09 13:57:58', '2019-12-09 13:57:58', 0, 221, 165, 2),
(335, 'طبيب اسنان مجاني', 'لديك حجز موعد بانتظار اعتمادك', '2019-12-09 13:57:58', '2019-12-09 13:57:58', 0, 221, 165, 2),
(336, 'طبيب اسنان مجاني', 'لديك حجز موعد بانتظار اعتمادك', '2019-12-09 13:57:58', '2019-12-09 13:57:58', 0, 221, 165, 2),
(337, 'طبيب اسنان مجاني', 'لقد تم اعتماد موعدك', '2019-12-09 13:58:22', '2019-12-09 13:58:22', 339, 0, 165, 2),
(338, 'طبيب اسنان مجاني', 'لقد تم تأكيد الحضور على موعد', '2019-12-09 13:58:32', '2019-12-09 13:58:32', 0, 221, 165, 2),
(339, 'طبيب اسنان مجاني', 'لقد تم الغاء  لموعد', '2019-12-09 13:58:42', '2019-12-09 13:58:42', 339, 0, 165, 2),
(340, 'طبيب اسنان مجاني', 'لقد تم الغاء  لموعد', '2019-12-09 13:58:47', '2019-12-09 13:58:47', 339, 0, 165, 2),
(341, 'طبيب اسنان مجاني', 'لقد تم تأكيد الحضور على موعد', '2019-12-09 17:15:56', '2019-12-09 17:15:56', 0, 172, 152, 4),
(342, 'طبيب اسنان مجاني', 'لديك حجز موعد بانتظار اعتمادك', '2019-12-12 10:06:54', '2019-12-12 10:06:54', 0, 236, 166, 6),
(343, 'طبيب اسنان مجاني', 'لقد تم تأكيد الحضور على موعد', '2019-12-12 10:07:54', '2019-12-12 10:07:54', 0, 236, 166, 6),
(344, 'طبيب اسنان مجاني', 'لديك حجز موعد بانتظار اعتمادك', '2019-12-12 11:29:57', '2019-12-12 11:29:57', 0, 236, 167, 6),
(345, 'طبيب اسنان مجاني', 'لديك حجز موعد بانتظار اعتمادك', '2019-12-12 11:34:21', '2019-12-12 11:34:21', 0, 231, 168, 2),
(346, 'طبيب اسنان مجاني', 'لديك حجز موعد بانتظار اعتمادك', '2019-12-12 11:34:21', '2019-12-12 11:34:21', 0, 231, 168, 2),
(347, 'طبيب اسنان مجاني', 'لقد تم اعتماد موعدك', '2019-12-12 11:35:06', '2019-12-12 11:35:06', 409, 0, 168, 2),
(348, 'طبيب اسنان مجاني', 'لديك حجز موعد بانتظار اعتمادك', '2019-12-12 11:50:30', '2019-12-12 11:50:30', 0, 236, 169, 6),
(349, 'طبيب اسنان مجاني', 'لديك حجز موعد بانتظار اعتمادك', '2019-12-12 11:55:56', '2019-12-12 11:55:56', 0, 236, 170, 6),
(350, 'طبيب اسنان مجاني', 'لديك حجز موعد بانتظار اعتمادك', '2019-12-12 11:55:56', '2019-12-12 11:55:56', 0, 231, 170, 6),
(351, 'طبيب اسنان مجاني', 'لقد تم اعتماد موعدك', '2019-12-12 11:56:15', '2019-12-12 11:56:15', 409, 0, 170, 6),
(352, 'طبيب اسنان مجاني', 'لقد تم رفض موعد', '2019-12-12 11:56:37', '2019-12-12 11:56:37', 0, 236, 170, 6),
(353, 'طبيب اسنان مجاني', 'لديك حجز موعد بانتظار اعتمادك', '2019-12-12 11:58:06', '2019-12-12 11:58:06', 0, 236, 171, 6),
(354, 'طبيب اسنان مجاني', 'لديك حجز موعد بانتظار اعتمادك', '2019-12-12 11:58:06', '2019-12-12 11:58:06', 0, 231, 171, 6),
(355, 'طبيب اسنان مجاني', 'لقد تم اعتماد موعدك', '2019-12-12 11:58:20', '2019-12-12 11:58:20', 409, 0, 171, 6),
(356, 'طبيب اسنان مجاني', 'لديك حجز موعد بانتظار اعتمادك', '2019-12-15 05:30:23', '2019-12-15 05:30:23', 0, 236, 173, 6),
(357, 'طبيب اسنان مجاني', 'لقد تم رفض موعد', '2019-12-15 05:31:50', '2019-12-15 05:31:50', 0, 236, 173, 6),
(358, 'طبيب اسنان مجاني', 'لديك حجز موعد بانتظار اعتمادك', '2019-12-15 05:48:01', '2019-12-15 05:48:01', 0, 236, 174, 6),
(359, 'طبيب اسنان مجاني', 'لقد تم اعتماد موعدك', '2019-12-15 05:48:11', '2019-12-15 05:48:11', 409, 0, 174, 6),
(360, 'طبيب اسنان مجاني', 'لديك حجز موعد بانتظار اعتمادك', '2019-12-19 08:23:37', '2019-12-19 08:23:37', 0, 238, 54, 9),
(361, 'طبيب اسنان مجاني', 'لقد تم اعتماد موعدك', '2019-12-19 08:24:29', '2019-12-19 08:24:29', 420, 0, 54, 9),
(362, 'طبيب اسنان مجاني', 'لقد تم تأكيد الحضور على موعد', '2019-12-19 08:25:20', '2019-12-19 08:25:20', 0, 238, 54, 9),
(363, 'طبيب اسنان مجاني', 'لقد تم اعتماد موعدك', '2019-12-19 13:59:00', '2019-12-19 13:59:00', 424, 0, 58, 11),
(364, 'طبيب اسنان مجاني', 'لديك حجز موعد بانتظار اعتمادك', '2019-12-21 17:46:01', '2019-12-21 17:46:01', 0, 248, 208, 2),
(365, 'طبيب اسنان مجاني', 'لديك حجز موعد بانتظار اعتمادك', '2019-12-21 17:46:02', '2019-12-21 17:46:02', 0, 248, 208, 2),
(366, 'طبيب اسنان مجاني', 'لديك حجز موعد بانتظار اعتمادك', '2019-12-21 17:54:55', '2019-12-21 17:54:55', 0, 248, 211, 2),
(367, 'طبيب اسنان مجاني', 'لديك حجز موعد بانتظار اعتمادك', '2019-12-21 17:54:55', '2019-12-21 17:54:55', 0, 248, 211, 2),
(368, 'طبيب اسنان مجاني', 'لديك حجز موعد بانتظار اعتمادك', '2019-12-21 17:58:50', '2019-12-21 17:58:50', 0, 248, 212, 2),
(369, 'طبيب اسنان مجاني', 'لديك حجز موعد بانتظار اعتمادك', '2019-12-21 17:58:50', '2019-12-21 17:58:50', 0, 248, 212, 2),
(370, 'طبيب اسنان مجاني', 'لديك حجز موعد بانتظار اعتمادك', '2019-12-21 18:03:34', '2019-12-21 18:03:34', 0, 248, 213, 2),
(371, 'طبيب اسنان مجاني', 'لديك حجز موعد بانتظار اعتمادك', '2019-12-21 18:03:34', '2019-12-21 18:03:34', 0, 248, 213, 2),
(372, 'طبيب اسنان مجاني', 'لديك حجز موعد بانتظار اعتمادك', '2019-12-21 18:05:56', '2019-12-21 18:05:56', 0, 248, 214, 2),
(373, 'طبيب اسنان مجاني', 'لديك حجز موعد بانتظار اعتمادك', '2019-12-21 18:05:56', '2019-12-21 18:05:56', 0, 248, 214, 2),
(374, 'طبيب اسنان مجاني', 'لقد تم اعتماد موعدك', '2019-12-21 18:08:32', '2019-12-21 18:08:32', 439, 0, 214, 2),
(375, 'طبيب اسنان مجاني', 'لقد تم اعتماد موعدك', '2019-12-21 18:10:59', '2019-12-21 18:10:59', 441, 0, 212, 2),
(376, 'طبيب اسنان مجاني', 'لقد تم رفض موعد', '2019-12-21 18:44:10', '2019-12-21 18:44:10', 0, 248, 214, 2),
(377, 'طبيب اسنان مجاني', 'لديك حجز موعد بانتظار اعتمادك', '2019-12-21 18:46:15', '2019-12-21 18:46:15', 0, 248, 215, 2),
(378, 'طبيب اسنان مجاني', 'لديك حجز موعد بانتظار اعتمادك', '2019-12-21 18:46:15', '2019-12-21 18:46:15', 0, 248, 215, 2),
(379, 'طبيب اسنان مجاني', 'لديك حجز موعد بانتظار اعتمادك', '2019-12-21 19:00:26', '2019-12-21 19:00:26', 0, 248, 219, 2),
(380, 'طبيب اسنان مجاني', 'لديك حجز موعد بانتظار اعتمادك', '2019-12-21 19:00:26', '2019-12-21 19:00:26', 0, 248, 219, 2),
(381, 'طبيب اسنان مجاني', 'لقد تم اعتماد موعدك', '2019-12-21 19:00:57', '2019-12-21 19:00:57', 441, 0, 219, 2),
(382, 'طبيب اسنان مجاني', 'لديك حجز موعد بانتظار اعتمادك', '2019-12-21 19:39:22', '2019-12-21 19:39:22', 0, 249, 235, 11),
(383, 'طبيب اسنان مجاني', 'لقد تم اعتماد موعدك', '2019-12-21 19:42:08', '2019-12-21 19:42:08', 442, 0, 235, 11),
(384, 'طبيب اسنان مجاني', 'لقد تم رفض موعد', '2019-12-21 19:43:07', '2019-12-21 19:43:07', 0, 249, 235, 11),
(385, 'طبيب اسنان مجاني', 'لديك حجز موعد بانتظار اعتمادك', '2019-12-21 19:44:22', '2019-12-21 19:44:22', 0, 249, 236, 11),
(386, 'طبيب اسنان مجاني', 'لقد تم اعتماد موعدك', '2019-12-21 19:44:32', '2019-12-21 19:44:32', 442, 0, 236, 11),
(387, 'طبيب اسنان مجاني', 'لقد تم تأكيد الحضور على موعد', '2019-12-21 19:44:42', '2019-12-21 19:44:42', 0, 249, 236, 11),
(388, 'طبيب اسنان مجاني', 'لقد تم رفض موعد', '2019-12-21 19:46:14', '2019-12-21 19:46:14', 0, 249, 236, 11),
(389, 'طبيب اسنان مجاني', 'لديك حجز موعد بانتظار اعتمادك', '2019-12-21 19:47:12', '2019-12-21 19:47:12', 0, 249, 237, 11),
(390, 'طبيب اسنان مجاني', 'لقد تم اعتماد موعدك', '2019-12-21 19:47:17', '2019-12-21 19:47:17', 442, 0, 237, 11),
(391, 'طبيب اسنان مجاني', 'لقد تم تأكيد الحضور على موعد', '2019-12-21 19:47:23', '2019-12-21 19:47:23', 0, 249, 237, 11),
(392, 'طبيب اسنان مجاني', 'لقد تم الغاء  لموعد', '2019-12-21 19:47:55', '2019-12-21 19:47:55', 442, 0, 237, 11),
(393, 'طبيب اسنان مجاني', 'لديك حجز موعد بانتظار اعتمادك', '2019-12-21 19:53:00', '2019-12-21 19:53:00', 0, 249, 238, 11),
(394, 'طبيب اسنان مجاني', 'لقد تم اعتماد موعدك', '2019-12-21 19:53:13', '2019-12-21 19:53:13', 442, 0, 238, 11),
(395, 'طبيب اسنان مجاني', 'لقد تم الغاء  لموعد', '2019-12-21 19:53:35', '2019-12-21 19:53:35', 442, 0, 238, 11),
(396, 'طبيب اسنان مجاني', 'لقد تم رفض موعد', '2019-12-21 19:54:24', '2019-12-21 19:54:24', 0, 249, 238, 11),
(397, 'طبيب اسنان مجاني', 'لديك حجز موعد بانتظار اعتمادك', '2019-12-21 19:54:43', '2019-12-21 19:54:43', 0, 249, 239, 11),
(398, 'طبيب اسنان مجاني', 'لقد تم اعتماد موعدك', '2019-12-21 19:54:48', '2019-12-21 19:54:48', 441, 0, 239, 11),
(399, 'طبيب اسنان مجاني', 'لقد تم رفض موعد', '2019-12-21 19:56:08', '2019-12-21 19:56:08', 0, 249, 239, 11),
(400, 'طبيب اسنان مجاني', 'لديك حجز موعد بانتظار اعتمادك', '2019-12-21 20:00:27', '2019-12-21 20:00:27', 0, 249, 240, 11),
(401, 'طبيب اسنان مجاني', 'لقد تم اعتماد موعدك', '2019-12-21 20:00:37', '2019-12-21 20:00:37', 441, 0, 240, 11),
(402, 'طبيب اسنان مجاني', 'لقد تم الغاء  لموعد', '2019-12-21 20:02:21', '2019-12-21 20:02:21', 441, 0, 240, 11),
(403, 'طبيب اسنان مجاني', 'لقد تم الغاء  لموعد', '2019-12-21 20:05:07', '2019-12-21 20:05:07', 441, 0, 240, 11),
(404, 'طبيب اسنان مجاني', 'لقد تم الغاء  لموعد', '2019-12-21 20:05:39', '2019-12-21 20:05:39', 441, 0, 240, 11),
(405, 'طبيب اسنان مجاني', 'لقد تم الغاء  لموعد', '2019-12-21 20:05:44', '2019-12-21 20:05:44', 441, 0, 240, 11),
(406, 'طبيب اسنان مجاني', 'لقد تم الغاء  لموعد', '2019-12-21 20:05:48', '2019-12-21 20:05:48', 441, 0, 240, 11),
(407, 'طبيب اسنان مجاني', 'لقد تم تأكيد الحضور على موعد', '2019-12-21 20:06:23', '2019-12-21 20:06:23', 0, 249, 240, 11),
(408, 'طبيب اسنان مجاني', 'لقد تم الغاء  لموعد', '2019-12-21 20:06:40', '2019-12-21 20:06:40', 441, 0, 240, 11),
(409, 'طبيب اسنان مجاني', 'لقد تم الغاء  لموعد', '2019-12-21 20:06:44', '2019-12-21 20:06:44', 441, 0, 240, 11),
(410, 'طبيب اسنان مجاني', 'لقد تم الغاء  لموعد', '2019-12-21 20:06:54', '2019-12-21 20:06:54', 441, 0, 240, 11),
(411, 'طبيب اسنان مجاني', 'لقد تم الغاء  لموعد', '2019-12-21 20:07:18', '2019-12-21 20:07:18', 441, 0, 240, 11),
(412, 'طبيب اسنان مجاني', 'لقد تم رفض موعد', '2019-12-21 20:08:46', '2019-12-21 20:08:46', 0, 249, 240, 11),
(413, 'طبيب اسنان مجاني', 'لديك حجز موعد بانتظار اعتمادك', '2019-12-21 20:11:54', '2019-12-21 20:11:54', 0, 249, 247, 11),
(414, 'طبيب اسنان مجاني', 'لديك حجز موعد بانتظار اعتمادك', '2019-12-21 20:14:48', '2019-12-21 20:14:48', 0, 249, 248, 11),
(415, 'طبيب اسنان مجاني', 'لقد تم اعتماد موعدك', '2019-12-21 20:14:55', '2019-12-21 20:14:55', 442, 0, 248, 11),
(416, 'طبيب اسنان مجاني', 'لقد تم تأكيد الحضور على موعد', '2019-12-21 20:15:55', '2019-12-21 20:15:55', 0, 249, 248, 11),
(417, 'طبيب اسنان مجاني', 'لقد تم رفض موعد', '2019-12-21 20:16:56', '2019-12-21 20:16:56', 0, 249, 248, 11),
(418, 'طبيب اسنان مجاني', 'لديك حجز موعد بانتظار اعتمادك', '2019-12-21 20:18:12', '2019-12-21 20:18:12', 0, 249, 252, 11),
(419, 'طبيب اسنان مجاني', 'لقد تم اعتماد موعدك', '2019-12-21 20:18:24', '2019-12-21 20:18:24', 442, 0, 252, 11),
(420, 'طبيب اسنان مجاني', 'لقد تم تأكيد الحضور على موعد', '2019-12-21 20:18:46', '2019-12-21 20:18:46', 0, 249, 252, 11),
(421, 'طبيب اسنان مجاني', 'لقد تم الغاء  لموعد', '2019-12-21 20:18:51', '2019-12-21 20:18:51', 442, 0, 252, 11),
(422, 'طبيب اسنان مجاني', 'لديك حجز موعد بانتظار اعتمادك', '2019-12-21 20:20:37', '2019-12-21 20:20:37', 0, 249, 259, 11),
(423, 'طبيب اسنان مجاني', 'لقد تم رفض موعد', '2019-12-21 20:21:57', '2019-12-21 20:21:57', 0, 249, 252, 11),
(424, 'طبيب اسنان مجاني', 'لديك حجز موعد بانتظار اعتمادك', '2019-12-21 20:23:00', '2019-12-21 20:23:00', 0, 249, 262, 11),
(425, 'طبيب اسنان مجاني', 'لقد تم اعتماد موعدك', '2019-12-21 20:23:06', '2019-12-21 20:23:06', 442, 0, 262, 11),
(426, 'طبيب اسنان مجاني', 'لقد تم تأكيد الحضور على موعد', '2019-12-21 20:23:18', '2019-12-21 20:23:18', 0, 249, 262, 11),
(427, 'طبيب اسنان مجاني', 'لقد تم رفض موعد', '2019-12-21 20:29:41', '2019-12-21 20:29:41', 0, 249, 262, 11),
(428, 'طبيب اسنان مجاني', 'لديك حجز موعد بانتظار اعتمادك', '2019-12-21 20:30:01', '2019-12-21 20:30:01', 0, 249, 265, 11),
(429, 'طبيب اسنان مجاني', 'لديك حجز موعد بانتظار اعتمادك', '2019-12-21 20:30:30', '2019-12-21 20:30:30', 0, 249, 266, 11),
(430, 'طبيب اسنان مجاني', 'لديك حجز موعد بانتظار اعتمادك', '2019-12-21 20:47:28', '2019-12-21 20:47:28', 0, 249, 273, 11),
(431, 'طبيب اسنان مجاني', 'لقد تم رفض موعد', '2019-12-21 20:47:51', '2019-12-21 20:47:51', 0, 248, 219, 2),
(432, 'طبيب اسنان مجاني', 'لديك حجز موعد بانتظار اعتمادك', '2019-12-21 20:48:07', '2019-12-21 20:48:07', 0, 249, 274, 11),
(433, 'طبيب اسنان مجاني', 'لديك حجز موعد بانتظار اعتمادك', '2019-12-21 20:51:16', '2019-12-21 20:51:16', 0, 249, 279, 11),
(434, 'طبيب اسنان مجاني', 'لديك حجز موعد بانتظار اعتمادك', '2019-12-21 20:51:35', '2019-12-21 20:51:35', 0, 249, 280, 11),
(435, 'طبيب اسنان مجاني', 'لقد تم اعتماد موعدك', '2019-12-21 20:51:48', '2019-12-21 20:51:48', 441, 0, 280, 11),
(436, 'طبيب اسنان مجاني', 'لديك حجز موعد بانتظار اعتمادك', '2019-12-21 20:55:56', '2019-12-21 20:55:56', 0, 249, 283, 11),
(437, 'طبيب اسنان مجاني', 'لديك حجز موعد بانتظار اعتمادك', '2019-12-21 20:55:56', '2019-12-21 20:55:56', 0, 248, 283, 11),
(438, 'طبيب اسنان مجاني', 'لديك حجز موعد بانتظار اعتمادك', '2019-12-21 21:01:24', '2019-12-21 21:01:24', 0, 249, 290, 11),
(439, 'طبيب اسنان مجاني', 'لديك حجز موعد بانتظار اعتمادك', '2019-12-21 21:01:24', '2019-12-21 21:01:24', 0, 248, 290, 11),
(440, 'طبيب اسنان مجاني', 'لقد تم اعتماد موعدك', '2019-12-21 21:03:08', '2019-12-21 21:03:08', 442, 0, 290, 11),
(441, 'طبيب اسنان مجاني', 'لديك حجز موعد بانتظار اعتمادك', '2019-12-21 21:08:04', '2019-12-21 21:08:04', 0, 249, 293, 11),
(442, 'طبيب اسنان مجاني', 'لديك حجز موعد بانتظار اعتمادك', '2019-12-21 21:08:04', '2019-12-21 21:08:04', 0, 248, 293, 11),
(443, 'طبيب اسنان مجاني', 'لديك حجز موعد بانتظار اعتمادك', '2019-12-22 16:04:35', '2019-12-22 16:04:35', 0, 255, 313, 11);
INSERT INTO `user_notifications` (`id`, `title`, `mesg`, `created_at`, `updated_at`, `user_id`, `dentist_id`, `event_id`, `service_id`) VALUES
(444, 'طبيب اسنان مجاني', 'لديك حجز موعد بانتظار اعتمادك', '2019-12-22 16:04:35', '2019-12-22 16:04:35', 0, 255, 313, 11),
(445, 'طبيب اسنان مجاني', 'لديك حجز موعد بانتظار اعتمادك', '2019-12-22 16:04:35', '2019-12-22 16:04:35', 0, 255, 313, 11),
(446, 'طبيب اسنان مجاني', 'لديك حجز موعد بانتظار اعتمادك', '2019-12-22 16:04:35', '2019-12-22 16:04:35', 0, 255, 313, 11),
(447, 'طبيب اسنان مجاني', 'لديك حجز موعد بانتظار اعتمادك', '2019-12-23 18:35:06', '2019-12-23 18:35:06', 0, 178, 341, 2),
(448, 'طبيب اسنان مجاني', 'لديك حجز موعد بانتظار اعتمادك', '2019-12-23 18:35:06', '2019-12-23 18:35:06', 0, 256, 341, 2),
(449, 'طبيب اسنان مجاني', 'لديك حجز موعد بانتظار اعتمادك', '2019-12-23 18:35:06', '2019-12-23 18:35:06', 0, 256, 341, 2),
(450, 'طبيب اسنان مجاني', 'لديك حجز موعد بانتظار اعتمادك', '2019-12-23 18:35:06', '2019-12-23 18:35:06', 0, 256, 341, 2),
(451, 'طبيب اسنان مجاني', 'لديك حجز موعد بانتظار اعتمادك', '2019-12-23 18:40:02', '2019-12-23 18:40:02', 0, 254, 342, 2),
(452, 'طبيب اسنان مجاني', 'لديك حجز موعد بانتظار اعتمادك', '2019-12-23 18:40:02', '2019-12-23 18:40:02', 0, 250, 342, 2),
(453, 'طبيب اسنان مجاني', 'لديك حجز موعد بانتظار اعتمادك', '2019-12-23 18:40:19', '2019-12-23 18:40:19', 0, 178, 343, 2),
(454, 'طبيب اسنان مجاني', 'لديك حجز موعد بانتظار اعتمادك', '2019-12-23 18:40:19', '2019-12-23 18:40:19', 0, 256, 343, 2),
(455, 'طبيب اسنان مجاني', 'لديك حجز موعد بانتظار اعتمادك', '2019-12-23 18:40:19', '2019-12-23 18:40:19', 0, 256, 343, 2),
(456, 'طبيب اسنان مجاني', 'لديك حجز موعد بانتظار اعتمادك', '2019-12-23 18:40:19', '2019-12-23 18:40:19', 0, 256, 343, 2),
(457, 'طبيب اسنان مجاني', 'لديك حجز موعد بانتظار اعتمادك', '2019-12-23 18:44:30', '2019-12-23 18:44:30', 0, 254, 345, 2),
(458, 'طبيب اسنان مجاني', 'لديك حجز موعد بانتظار اعتمادك', '2019-12-23 18:44:30', '2019-12-23 18:44:30', 0, 250, 345, 2),
(459, 'طبيب اسنان مجاني', 'لديك حجز موعد بانتظار اعتمادك', '2019-12-23 18:50:00', '2019-12-23 18:50:00', 0, 254, 346, 2),
(460, 'طبيب اسنان مجاني', 'لديك حجز موعد بانتظار اعتمادك', '2019-12-23 18:50:01', '2019-12-23 18:50:01', 0, 250, 346, 2),
(461, 'طبيب اسنان مجاني', 'لديك حجز موعد بانتظار اعتمادك', '2019-12-23 19:19:59', '2019-12-23 19:19:59', 0, 250, 349, 2),
(462, 'طبيب اسنان مجاني', 'لديك حجز موعد بانتظار اعتمادك', '2019-12-23 19:21:15', '2019-12-23 19:21:15', 0, 250, 350, 2),
(463, 'طبيب اسنان مجاني', 'لديك حجز موعد بانتظار اعتمادك', '2019-12-23 19:37:00', '2019-12-23 19:37:00', 0, 250, 351, 2),
(464, 'طبيب اسنان مجاني', 'لقد تم اعتماد موعدك', '2019-12-23 19:43:32', '2019-12-23 19:43:32', 444, 0, 351, 2),
(465, 'طبيب اسنان مجاني', 'لقد تم تأكيد الحضور على موعد', '2019-12-23 20:11:20', '2019-12-23 20:11:20', 0, 250, 351, 2),
(466, 'طبيب اسنان مجاني', 'لديك حجز موعد بانتظار اعتمادك', '2019-12-23 22:20:22', '2019-12-23 22:20:22', 0, 254, 352, 2),
(467, 'طبيب اسنان مجاني', 'لديك حجز موعد بانتظار اعتمادك', '2019-12-23 22:20:22', '2019-12-23 22:20:22', 0, 250, 352, 2),
(468, 'طبيب اسنان مجاني', 'لقد تم اعتماد موعدك', '2019-12-23 22:38:36', '2019-12-23 22:38:36', 444, 0, 352, 2),
(469, 'طبيب اسنان مجاني', 'لديك حجز موعد بانتظار اعتمادك', '2019-12-23 22:42:02', '2019-12-23 22:42:02', 0, 254, 353, 2),
(470, 'طبيب اسنان مجاني', 'لديك حجز موعد بانتظار اعتمادك', '2019-12-23 22:42:02', '2019-12-23 22:42:02', 0, 250, 353, 2),
(471, 'طبيب اسنان مجاني', 'لقد تم اعتماد موعدك', '2019-12-23 22:54:50', '2019-12-23 22:54:50', 444, 0, 353, 2),
(472, 'طبيب اسنان مجاني', 'لقد تم رفض موعد', '2019-12-23 22:57:36', '2019-12-23 22:57:36', 0, 250, 353, 2),
(473, 'طبيب اسنان مجاني', 'لديك حجز موعد بانتظار اعتمادك', '2019-12-23 23:02:16', '2019-12-23 23:02:16', 0, 254, 354, 2),
(474, 'طبيب اسنان مجاني', 'لديك حجز موعد بانتظار اعتمادك', '2019-12-23 23:02:16', '2019-12-23 23:02:16', 0, 250, 354, 2),
(475, 'طبيب اسنان مجاني', 'لديك حجز موعد بانتظار اعتمادك', '2019-12-23 23:03:15', '2019-12-23 23:03:15', 0, 254, 355, 2),
(476, 'طبيب اسنان مجاني', 'لديك حجز موعد بانتظار اعتمادك', '2019-12-23 23:03:15', '2019-12-23 23:03:15', 0, 250, 355, 2),
(477, 'طبيب اسنان مجاني', 'لقد تم اعتماد موعدك', '2019-12-23 23:04:19', '2019-12-23 23:04:19', 444, 0, 355, 2),
(478, 'طبيب اسنان مجاني', 'لقد تم رفض موعد', '2019-12-23 23:05:38', '2019-12-23 23:05:38', 0, 250, 355, 2),
(479, 'طبيب اسنان مجاني', 'لديك حجز موعد بانتظار اعتمادك', '2019-12-23 23:20:21', '2019-12-23 23:20:21', 0, 250, 356, 2),
(480, 'طبيب اسنان مجاني', 'لديك حجز موعد بانتظار اعتمادك', '2019-12-24 14:58:48', '2019-12-24 14:58:48', 0, 255, 357, 11),
(481, 'طبيب اسنان مجاني', 'لديك حجز موعد بانتظار اعتمادك', '2019-12-24 15:03:46', '2019-12-24 15:03:46', 0, 255, 358, 11),
(482, 'طبيب اسنان مجاني', 'لديك حجز موعد بانتظار اعتمادك', '2019-12-24 15:07:25', '2019-12-24 15:07:25', 0, 255, 359, 11),
(483, 'طبيب اسنان مجاني', 'لقد تم اعتماد موعدك', '2019-12-24 15:10:40', '2019-12-24 15:10:40', 448, 0, 359, 11),
(484, 'طبيب اسنان مجاني', 'لديك حجز موعد بانتظار اعتمادك', '2019-12-24 15:28:20', '2019-12-24 15:28:20', 0, 255, 360, 11),
(485, 'طبيب اسنان مجاني', 'لديك حجز موعد بانتظار اعتمادك', '2019-12-24 15:29:09', '2019-12-24 15:29:09', 0, 255, 361, 11),
(486, 'طبيب اسنان مجاني', 'لقد تم اعتماد موعدك', '2019-12-24 15:29:20', '2019-12-24 15:29:20', 448, 0, 361, 11),
(487, 'طبيب اسنان مجاني', 'لقد تم تأكيد الحضور على موعد', '2019-12-24 15:29:37', '2019-12-24 15:29:37', 0, 255, 361, 11),
(488, 'طبيب اسنان مجاني', 'لديك حجز موعد بانتظار اعتمادك', '2019-12-24 17:24:24', '2019-12-24 17:24:24', 0, 255, 362, 11),
(489, 'طبيب اسنان مجاني', 'لديك حجز موعد بانتظار اعتمادك', '2019-12-24 17:25:49', '2019-12-24 17:25:49', 0, 255, 363, 11),
(490, 'طبيب اسنان مجاني', 'لديك حجز موعد بانتظار اعتمادك', '2019-12-24 20:58:13', '2019-12-24 20:58:13', 0, 255, 364, 9),
(491, 'طبيب اسنان مجاني', 'لديك حجز موعد بانتظار اعتمادك', '2019-12-24 21:03:56', '2019-12-24 21:03:56', 0, 255, 365, 9),
(492, 'طبيب اسنان مجاني', 'لقد تم اعتماد موعدك', '2019-12-24 21:05:07', '2019-12-24 21:05:07', 448, 0, 365, 9),
(493, 'طبيب اسنان مجاني', 'لديك حجز موعد بانتظار اعتمادك', '2019-12-24 21:10:55', '2019-12-24 21:10:55', 0, 255, 366, 9),
(494, 'طبيب اسنان مجاني', 'لديك حجز موعد بانتظار اعتمادك', '2019-12-24 21:16:02', '2019-12-24 21:16:02', 0, 255, 367, 8),
(495, 'طبيب اسنان مجاني', 'لديك حجز موعد بانتظار اعتمادك', '2019-12-24 21:21:09', '2019-12-24 21:21:09', 0, 255, 368, 8),
(496, 'طبيب اسنان مجاني', 'لقد تم اعتماد موعدك', '2019-12-24 21:21:21', '2019-12-24 21:21:21', 448, 0, 368, 8),
(497, 'طبيب اسنان مجاني', 'لديك حجز موعد بانتظار اعتمادك', '2019-12-24 21:32:57', '2019-12-24 21:32:57', 0, 255, 369, 8),
(498, 'طبيب اسنان مجاني', 'لقد تم اعتماد موعدك', '2019-12-24 21:33:08', '2019-12-24 21:33:08', 448, 0, 369, 8),
(499, 'طبيب اسنان مجاني', 'لديك حجز موعد بانتظار اعتمادك', '2019-12-24 21:36:03', '2019-12-24 21:36:03', 0, 255, 370, 8),
(500, 'طبيب اسنان مجاني', 'لقد تم اعتماد موعدك', '2019-12-24 21:36:30', '2019-12-24 21:36:30', 448, 0, 370, 8),
(501, 'طبيب اسنان مجاني', 'لقد تم تأكيد الحضور على موعد', '2019-12-24 21:36:37', '2019-12-24 21:36:37', 0, 255, 370, 8),
(502, 'طبيب اسنان مجاني', 'لديك حجز موعد بانتظار اعتمادك', '2019-12-24 21:38:16', '2019-12-24 21:38:16', 0, 255, 371, 8),
(503, 'طبيب اسنان مجاني', 'لقد تم اعتماد موعدك', '2019-12-24 21:38:24', '2019-12-24 21:38:24', 448, 0, 371, 8),
(504, 'طبيب اسنان مجاني', 'لقد تم تأكيد الحضور على موعد', '2019-12-24 21:38:31', '2019-12-24 21:38:31', 0, 255, 371, 8),
(505, 'طبيب اسنان مجاني', 'لديك حجز موعد بانتظار اعتمادك', '2019-12-24 21:46:43', '2019-12-24 21:46:43', 0, 255, 372, 8),
(506, 'طبيب اسنان مجاني', 'لقد تم اعتماد موعدك', '2019-12-24 21:46:56', '2019-12-24 21:46:56', 448, 0, 372, 8),
(507, 'طبيب اسنان مجاني', 'لقد تم تأكيد الحضور على موعد', '2019-12-24 21:47:13', '2019-12-24 21:47:13', 0, 255, 372, 8),
(508, 'طبيب اسنان مجاني', 'لديك حجز موعد بانتظار اعتمادك', '2019-12-24 21:49:27', '2019-12-24 21:49:27', 0, 255, 373, 8),
(509, 'طبيب اسنان مجاني', 'لقد تم اعتماد موعدك', '2019-12-24 21:49:37', '2019-12-24 21:49:37', 448, 0, 373, 8),
(510, 'طبيب اسنان مجاني', 'لقد تم تأكيد الحضور على موعد', '2019-12-24 21:49:42', '2019-12-24 21:49:42', 0, 255, 373, 8),
(511, 'طبيب اسنان مجاني', 'لديك حجز موعد بانتظار اعتمادك', '2019-12-24 21:54:11', '2019-12-24 21:54:11', 0, 255, 374, 8),
(512, 'طبيب اسنان مجاني', 'لقد تم اعتماد موعدك', '2019-12-24 21:54:26', '2019-12-24 21:54:26', 448, 0, 374, 8),
(513, 'طبيب اسنان مجاني', 'لقد تم تأكيد الحضور على موعد', '2019-12-24 21:54:32', '2019-12-24 21:54:32', 0, 255, 374, 8),
(514, 'طبيب اسنان مجاني', 'لديك حجز موعد بانتظار اعتمادك', '2019-12-24 21:56:49', '2019-12-24 21:56:49', 0, 255, 375, 8),
(515, 'طبيب اسنان مجاني', 'لقد تم اعتماد موعدك', '2019-12-24 21:57:00', '2019-12-24 21:57:00', 448, 0, 375, 8),
(516, 'طبيب اسنان مجاني', 'لقد تم تأكيد الحضور على موعد', '2019-12-24 21:57:06', '2019-12-24 21:57:06', 0, 255, 375, 8),
(517, 'طبيب اسنان مجاني', 'لديك حجز موعد بانتظار اعتمادك', '2019-12-31 15:26:37', '2019-12-31 15:26:37', 0, 250, 376, 2),
(518, 'طبيب اسنان مجاني', 'لديك حجز موعد بانتظار اعتمادك', '2019-12-31 15:38:02', '2019-12-31 15:38:02', 0, 250, 377, 2),
(519, 'طبيب اسنان مجاني', 'لديك حجز موعد بانتظار اعتمادك', '2019-12-31 15:41:07', '2019-12-31 15:41:07', 0, 255, 378, 11),
(520, 'طبيب اسنان مجاني', 'لديك حجز موعد بانتظار اعتمادك', '2019-12-31 15:41:17', '2019-12-31 15:41:17', 0, 255, 379, 11),
(521, 'طبيب اسنان مجاني', 'لديك حجز موعد بانتظار اعتمادك', '2019-12-31 15:48:16', '2019-12-31 15:48:16', 0, 255, 380, 11),
(522, 'طبيب اسنان مجاني', 'لديك حجز موعد بانتظار اعتمادك', '2019-12-31 15:51:29', '2019-12-31 15:51:29', 0, 255, 381, 11),
(523, 'طبيب اسنان مجاني', 'لقد تم اعتماد موعدك', '2019-12-31 15:51:40', '2019-12-31 15:51:40', 448, 0, 381, 11),
(524, 'طبيب اسنان مجاني', 'لديك حجز موعد بانتظار اعتمادك', '2019-12-31 16:13:13', '2019-12-31 16:13:13', 0, 255, 382, 11),
(525, 'طبيب اسنان مجاني', 'لقد تم اعتماد موعدك', '2019-12-31 16:13:27', '2019-12-31 16:13:27', 448, 0, 382, 11),
(526, 'طبيب اسنان مجاني', 'لديك حجز موعد بانتظار اعتمادك', '2019-12-31 16:21:49', '2019-12-31 16:21:49', 0, 255, 383, 11),
(527, 'طبيب اسنان مجاني', 'لقد تم اعتماد موعدك', '2019-12-31 16:21:58', '2019-12-31 16:21:58', 448, 0, 383, 11),
(528, 'طبيب اسنان مجاني', 'لديك حجز موعد بانتظار اعتمادك', '2019-12-31 16:56:28', '2019-12-31 16:56:28', 0, 255, 384, 11),
(529, 'طبيب اسنان مجاني', 'لقد تم اعتماد موعدك', '2019-12-31 16:56:57', '2019-12-31 16:56:57', 447, 0, 384, 11),
(530, 'طبيب اسنان مجاني', 'لديك حجز موعد بانتظار اعتمادك', '2019-12-31 17:04:09', '2019-12-31 17:04:09', 0, 255, 385, 11),
(531, 'طبيب اسنان مجاني', 'لقد تم اعتماد موعدك', '2019-12-31 17:04:22', '2019-12-31 17:04:22', 447, 0, 385, 11),
(532, 'طبيب اسنان مجاني', 'لديك حجز موعد بانتظار اعتمادك', '2019-12-31 17:12:16', '2019-12-31 17:12:16', 0, 255, 386, 11),
(533, 'طبيب اسنان مجاني', 'لقد تم اعتماد موعدك', '2019-12-31 17:12:44', '2019-12-31 17:12:44', 447, 0, 386, 11),
(534, 'طبيب اسنان مجاني', 'لديك حجز موعد بانتظار اعتمادك', '2019-12-31 17:16:08', '2019-12-31 17:16:08', 0, 255, 387, 8),
(535, 'طبيب اسنان مجاني', 'لديك حجز موعد بانتظار اعتمادك', '2019-12-31 17:16:08', '2019-12-31 17:16:08', 0, 255, 387, 8),
(536, 'طبيب اسنان مجاني', 'لقد تم تأكيد الحضور على موعد', '2019-12-31 17:17:18', '2019-12-31 17:17:18', 0, 255, 388, 8),
(537, 'طبيب اسنان مجاني', 'لديك حجز موعد بانتظار اعتمادك', '2019-12-31 17:30:44', '2019-12-31 17:30:44', 0, 255, 389, 7),
(538, 'طبيب اسنان مجاني', 'لقد تم اعتماد موعدك', '2019-12-31 17:31:30', '2019-12-31 17:31:30', 447, 0, 389, 7),
(539, 'طبيب اسنان مجاني', 'لقد تم تأكيد الحضور على موعد', '2019-12-31 17:31:35', '2019-12-31 17:31:35', 0, 255, 389, 7),
(540, 'طبيب اسنان مجاني', 'لديك حجز موعد بانتظار اعتمادك', '2019-12-31 17:34:33', '2019-12-31 17:34:33', 0, 255, 390, 5),
(541, 'طبيب اسنان مجاني', 'لقد تم اعتماد موعدك', '2019-12-31 17:34:50', '2019-12-31 17:34:50', 447, 0, 390, 5),
(542, 'طبيب اسنان مجاني', 'لديك حجز موعد بانتظار اعتمادك', '2020-01-27 12:55:09', '2020-01-27 12:55:09', 0, 0, 396, 2),
(543, 'طبيب اسنان مجاني', 'لديك حجز موعد بانتظار اعتمادك', '2020-01-27 12:55:31', '2020-01-27 12:55:31', 0, 0, 397, 2),
(544, 'طبيب اسنان مجاني', 'لديك حجز موعد بانتظار اعتمادك', '2020-01-27 12:58:07', '2020-01-27 12:58:07', 0, 258, 400, 2),
(545, 'طبيب اسنان مجاني', 'لديك حجز موعد بانتظار اعتمادك', '2020-01-27 13:46:59', '2020-01-27 13:46:59', 0, 258, 401, 2),
(546, 'طبيب اسنان مجاني', 'لديك حجز موعد بانتظار اعتمادك', '2020-01-27 13:47:21', '2020-01-27 13:47:21', 0, 258, 402, 2),
(547, 'طبيب اسنان مجاني', 'لديك حجز موعد بانتظار اعتمادك', '2020-01-27 13:48:06', '2020-01-27 13:48:06', 0, 258, 403, 2),
(548, 'طبيب اسنان مجاني', 'لديك حجز موعد بانتظار اعتمادك', '2020-01-27 13:56:21', '2020-01-27 13:56:21', 0, 258, 404, 2),
(549, 'طبيب اسنان مجاني', 'لديك حجز موعد بانتظار اعتمادك', '2020-01-27 14:24:37', '2020-01-27 14:24:37', 0, 258, 405, 2),
(550, 'طبيب اسنان مجاني', 'لديك حجز موعد بانتظار اعتمادك ', '2020-01-27 14:27:46', '2020-01-27 14:27:46', 0, 258, 406, 2),
(551, 'طبيب اسنان مجاني', 'لديك حجز موعد بانتظار اعتمادك ', '2020-01-27 14:28:34', '2020-01-27 14:28:34', 0, 258, 407, 2),
(552, 'طبيب اسنان مجاني', 'لديك حجز موعد بانتظار اعتمادك ', '2020-01-27 14:29:08', '2020-01-27 14:29:08', 0, 258, 408, 2),
(553, 'طبيب اسنان مجاني', 'لديك حجز موعد بانتظار اعتمادك ', '2020-01-27 14:29:09', '2020-01-27 14:29:09', 0, 257, 409, 2),
(554, 'طبيب اسنان مجاني', 'لديك حجز موعد بانتظار اعتمادك ', '2020-01-27 14:35:54', '2020-01-27 14:35:54', 0, 258, 410, 2),
(555, 'طبيب اسنان مجاني', 'لديك حجز موعد بانتظار اعتمادك ', '2020-01-27 14:35:55', '2020-01-27 14:35:55', 0, 257, 411, 2),
(556, 'طبيب اسنان مجاني', 'لديك حجز موعد بانتظار اعتمادك ', '2020-01-27 14:36:09', '2020-01-27 14:36:09', 0, 258, 412, 2),
(557, 'طبيب اسنان مجاني', 'لديك حجز موعد بانتظار اعتمادك ', '2020-01-27 14:36:10', '2020-01-27 14:36:10', 0, 257, 413, 2),
(558, 'طبيب اسنان مجاني', 'لديك حجز موعد بانتظار اعتمادك ', '2020-01-27 14:36:38', '2020-01-27 14:36:38', 0, 258, 414, 2),
(559, 'طبيب اسنان مجاني', 'لديك حجز موعد بانتظار اعتمادك ', '2020-01-27 14:36:40', '2020-01-27 14:36:40', 0, 257, 415, 2),
(560, 'طبيب اسنان مجاني', 'لديك حجز موعد بانتظار اعتمادك ', '2020-01-27 14:36:43', '2020-01-27 14:36:43', 0, 258, 416, 2),
(561, 'طبيب اسنان مجاني', 'لديك حجز موعد بانتظار اعتمادك ', '2020-01-27 14:36:43', '2020-01-27 14:36:43', 0, 257, 417, 2),
(562, 'طبيب اسنان مجاني', 'لديك حجز موعد بانتظار اعتمادك ', '2020-01-27 14:39:20', '2020-01-27 14:39:20', 0, 258, 418, 2),
(563, 'طبيب اسنان مجاني', 'لديك حجز موعد بانتظار اعتمادك ', '2020-01-27 14:39:21', '2020-01-27 14:39:21', 0, 257, 419, 2),
(564, 'طبيب اسنان مجاني', 'لديك حجز موعد بانتظار اعتمادك ', '2020-01-27 14:48:35', '2020-01-27 14:48:35', 0, 258, 420, 2),
(565, 'طبيب اسنان مجاني', 'لديك حجز موعد بانتظار اعتمادك ', '2020-01-27 14:48:37', '2020-01-27 14:48:37', 0, 257, 421, 2),
(566, 'طبيب اسنان مجاني', 'لديك حجز موعد بانتظار اعتمادك ', '2020-01-27 14:49:25', '2020-01-27 14:49:25', 0, 258, 422, 2),
(567, 'طبيب اسنان مجاني', 'لديك حجز موعد بانتظار اعتمادك ', '2020-01-27 14:49:27', '2020-01-27 14:49:27', 0, 257, 423, 2),
(568, 'طبيب اسنان مجاني', 'لديك حجز موعد بانتظار اعتمادك ', '2020-01-27 14:51:00', '2020-01-27 14:51:00', 0, 258, 424, 2),
(569, 'طبيب اسنان مجاني', 'لديك حجز موعد بانتظار اعتمادك ', '2020-01-27 14:51:00', '2020-01-27 14:51:00', 0, 257, 425, 2),
(570, 'طبيب اسنان مجاني', 'لديك حجز موعد بانتظار اعتمادك ', '2020-01-27 14:52:13', '2020-01-27 14:52:13', 0, 258, 426, 2),
(571, 'طبيب اسنان مجاني', 'لديك حجز موعد بانتظار اعتمادك ', '2020-01-27 14:52:14', '2020-01-27 14:52:14', 0, 257, 427, 2),
(572, 'طبيب اسنان مجاني', 'لديك حجز موعد بانتظار اعتمادك ', '2020-01-27 15:28:50', '2020-01-27 15:28:50', 0, 258, 428, 2),
(573, 'طبيب اسنان مجاني', 'لديك حجز موعد بانتظار اعتمادك ', '2020-01-27 15:28:51', '2020-01-27 15:28:51', 0, 257, 429, 2),
(574, 'طبيب اسنان مجاني', 'لديك حجز موعد بانتظار اعتمادك ', '2020-01-27 15:30:20', '2020-01-27 15:30:20', 0, 258, 430, 2),
(575, 'طبيب اسنان مجاني', 'لديك حجز موعد بانتظار اعتمادك ', '2020-01-27 15:30:21', '2020-01-27 15:30:21', 0, 257, 431, 2),
(576, 'طبيب اسنان مجاني', 'لديك حجز موعد بانتظار اعتمادك ', '2020-01-27 15:30:37', '2020-01-27 15:30:37', 0, 258, 432, 2),
(577, 'طبيب اسنان مجاني', 'لديك حجز موعد بانتظار اعتمادك ', '2020-01-27 15:30:38', '2020-01-27 15:30:38', 0, 257, 433, 2),
(578, 'طبيب اسنان مجاني', 'لديك حجز موعد بانتظار اعتمادك ', '2020-01-28 05:51:03', '2020-01-28 05:51:03', 0, 258, 434, 2),
(579, 'طبيب اسنان مجاني', 'لديك حجز موعد بانتظار اعتمادك ', '2020-01-28 05:51:04', '2020-01-28 05:51:04', 0, 257, 435, 2),
(580, 'طبيب اسنان مجاني', 'لديك حجز موعد بانتظار اعتمادك ', '2020-01-28 06:25:24', '2020-01-28 06:25:24', 0, 258, 436, 2),
(581, 'طبيب اسنان مجاني', 'لديك حجز موعد بانتظار اعتمادك ', '2020-01-28 06:25:24', '2020-01-28 06:25:24', 0, 257, 437, 2),
(582, 'طبيب اسنان مجاني', 'لديك حجز موعد بانتظار اعتمادك ', '2020-01-28 07:08:22', '2020-01-28 07:08:22', 0, 258, 438, 2),
(583, 'طبيب اسنان مجاني', 'لديك حجز موعد بانتظار اعتمادك ', '2020-01-28 07:08:22', '2020-01-28 07:08:22', 0, 257, 439, 2),
(584, 'طبيب اسنان مجاني', 'لديك حجز موعد بانتظار اعتمادك ', '2020-01-28 12:05:29', '2020-01-28 12:05:29', 465, 0, 436, 2),
(585, 'طبيب اسنان مجاني', 'لديك حجز موعد بانتظار اعتمادك ', '2020-01-29 10:02:13', '2020-01-29 10:02:13', 465, 0, 436, 2),
(586, 'طبيب اسنان مجاني', 'لديك حجز موعد بانتظار اعتمادك ', '2020-01-29 10:06:50', '2020-01-29 10:06:50', 465, 0, 436, 2),
(587, 'طبيب اسنان مجاني', 'لقد تم اعتماد موعدك ', '2020-01-29 12:12:35', '2020-01-29 12:12:35', 465, 0, 436, 2),
(588, 'طبيب اسنان مجاني', 'لقد تم الغاء لموعد# ', '2020-01-29 12:17:05', '2020-01-29 12:17:05', 465, 0, 436, 2),
(589, 'طبيب اسنان مجاني', 'لقد تم الغاء لموعد# ', '2020-01-30 10:46:06', '2020-01-30 10:46:06', 0, 257, 439, 2),
(590, 'طبيب اسنان مجاني', 'لقد تم الغاء لموعد# ', '2020-01-30 10:50:47', '2020-01-30 10:50:47', 0, 257, 439, 2),
(591, 'طبيب اسنان مجاني', 'لقد تم الغاء لموعد# ', '2020-01-30 10:57:04', '2020-01-30 10:57:04', 0, 257, 439, 2),
(592, 'طبيب اسنان مجاني', 'لقد تم الغاء لموعد# ', '2020-01-30 11:15:15', '2020-01-30 11:15:15', 0, 257, 439, 2),
(593, 'طبيب اسنان مجاني', 'لقد تم الغاء لموعد# ', '2020-01-30 11:16:22', '2020-01-30 11:16:22', 0, 257, 439, 2);
COMMIT;

/*!40101 SET CHARACTER_SET_CLIENT=@OLD_CHARACTER_SET_CLIENT */;
/*!40101 SET CHARACTER_SET_RESULTS=@OLD_CHARACTER_SET_RESULTS */;
/*!40101 SET COLLATION_CONNECTION=@OLD_COLLATION_CONNECTION */;
